-- MySQL dump 10.13  Distrib 5.7.9, for Linux (x86_64)
--
-- Host: localhost    Database: spagobi_db
-- ------------------------------------------------------
-- Server version	5.7.9

/*!40101 SET @OLD_CHARACTER_SET_CLIENT=@@CHARACTER_SET_CLIENT */;
/*!40101 SET @OLD_CHARACTER_SET_RESULTS=@@CHARACTER_SET_RESULTS */;
/*!40101 SET @OLD_COLLATION_CONNECTION=@@COLLATION_CONNECTION */;
/*!40101 SET NAMES utf8 */;
/*!40103 SET @OLD_TIME_ZONE=@@TIME_ZONE */;
/*!40103 SET TIME_ZONE='+00:00' */;
/*!40014 SET @OLD_UNIQUE_CHECKS=@@UNIQUE_CHECKS, UNIQUE_CHECKS=0 */;
/*!40014 SET @OLD_FOREIGN_KEY_CHECKS=@@FOREIGN_KEY_CHECKS, FOREIGN_KEY_CHECKS=0 */;
/*!40101 SET @OLD_SQL_MODE=@@SQL_MODE, SQL_MODE='NO_AUTO_VALUE_ON_ZERO' */;
/*!40111 SET @OLD_SQL_NOTES=@@SQL_NOTES, SQL_NOTES=0 */;

--
-- Table structure for table `JBPM_ACTION`
--

DROP TABLE IF EXISTS `JBPM_ACTION`;
/*!40101 SET @saved_cs_client     = @@character_set_client */;
/*!40101 SET character_set_client = utf8 */;
CREATE TABLE `JBPM_ACTION` (
  `ID_` bigint(20) NOT NULL AUTO_INCREMENT,
  `class` char(1) NOT NULL,
  `NAME_` varchar(255) DEFAULT NULL,
  `ISPROPAGATIONALLOWED_` bit(1) DEFAULT NULL,
  `ACTIONEXPRESSION_` varchar(255) DEFAULT NULL,
  `ISASYNC_` bit(1) DEFAULT NULL,
  `REFERENCEDACTION_` bigint(20) DEFAULT NULL,
  `ACTIONDELEGATION_` bigint(20) DEFAULT NULL,
  `EVENT_` bigint(20) DEFAULT NULL,
  `PROCESSDEFINITION_` bigint(20) DEFAULT NULL,
  `TIMERNAME_` varchar(255) DEFAULT NULL,
  `DUEDATE_` varchar(255) DEFAULT NULL,
  `REPEAT_` varchar(255) DEFAULT NULL,
  `TRANSITIONNAME_` varchar(255) DEFAULT NULL,
  `TIMERACTION_` bigint(20) DEFAULT NULL,
  `EXPRESSION_` longtext,
  `EVENTINDEX_` int(11) DEFAULT NULL,
  `EXCEPTIONHANDLER_` bigint(20) DEFAULT NULL,
  `EXCEPTIONHANDLERINDEX_` int(11) DEFAULT NULL,
  PRIMARY KEY (`ID_`),
  KEY `FK_ACTION_REFACT` (`REFERENCEDACTION_`),
  KEY `FK_CRTETIMERACT_TA` (`TIMERACTION_`),
  KEY `FK_ACTION_PROCDEF` (`PROCESSDEFINITION_`),
  KEY `FK_ACTION_EVENT` (`EVENT_`),
  KEY `FK_ACTION_ACTNDEL` (`ACTIONDELEGATION_`),
  KEY `FK_ACTION_EXPTHDL` (`EXCEPTIONHANDLER_`),
  CONSTRAINT `FK_ACTION_ACTNDEL` FOREIGN KEY (`ACTIONDELEGATION_`) REFERENCES `JBPM_DELEGATION` (`ID_`),
  CONSTRAINT `FK_ACTION_EVENT` FOREIGN KEY (`EVENT_`) REFERENCES `JBPM_EVENT` (`ID_`),
  CONSTRAINT `FK_ACTION_EXPTHDL` FOREIGN KEY (`EXCEPTIONHANDLER_`) REFERENCES `JBPM_EXCEPTIONHANDLER` (`ID_`),
  CONSTRAINT `FK_ACTION_PROCDEF` FOREIGN KEY (`PROCESSDEFINITION_`) REFERENCES `JBPM_PROCESSDEFINITION` (`ID_`),
  CONSTRAINT `FK_ACTION_REFACT` FOREIGN KEY (`REFERENCEDACTION_`) REFERENCES `JBPM_ACTION` (`ID_`),
  CONSTRAINT `FK_CRTETIMERACT_TA` FOREIGN KEY (`TIMERACTION_`) REFERENCES `JBPM_ACTION` (`ID_`)
) ENGINE=InnoDB DEFAULT CHARSET=latin1;
/*!40101 SET character_set_client = @saved_cs_client */;

--
-- Dumping data for table `JBPM_ACTION`
--

LOCK TABLES `JBPM_ACTION` WRITE;
/*!40000 ALTER TABLE `JBPM_ACTION` DISABLE KEYS */;
/*!40000 ALTER TABLE `JBPM_ACTION` ENABLE KEYS */;
UNLOCK TABLES;

--
-- Table structure for table `JBPM_BYTEARRAY`
--

DROP TABLE IF EXISTS `JBPM_BYTEARRAY`;
/*!40101 SET @saved_cs_client     = @@character_set_client */;
/*!40101 SET character_set_client = utf8 */;
CREATE TABLE `JBPM_BYTEARRAY` (
  `ID_` bigint(20) NOT NULL AUTO_INCREMENT,
  `NAME_` varchar(255) DEFAULT NULL,
  `FILEDEFINITION_` bigint(20) DEFAULT NULL,
  PRIMARY KEY (`ID_`),
  KEY `FK_BYTEARR_FILDEF` (`FILEDEFINITION_`),
  CONSTRAINT `FK_BYTEARR_FILDEF` FOREIGN KEY (`FILEDEFINITION_`) REFERENCES `JBPM_MODULEDEFINITION` (`ID_`)
) ENGINE=InnoDB DEFAULT CHARSET=latin1;
/*!40101 SET character_set_client = @saved_cs_client */;

--
-- Dumping data for table `JBPM_BYTEARRAY`
--

LOCK TABLES `JBPM_BYTEARRAY` WRITE;
/*!40000 ALTER TABLE `JBPM_BYTEARRAY` DISABLE KEYS */;
/*!40000 ALTER TABLE `JBPM_BYTEARRAY` ENABLE KEYS */;
UNLOCK TABLES;

--
-- Table structure for table `JBPM_BYTEBLOCK`
--

DROP TABLE IF EXISTS `JBPM_BYTEBLOCK`;
/*!40101 SET @saved_cs_client     = @@character_set_client */;
/*!40101 SET character_set_client = utf8 */;
CREATE TABLE `JBPM_BYTEBLOCK` (
  `PROCESSFILE_` bigint(20) NOT NULL,
  `BYTES_` blob,
  `INDEX_` int(11) NOT NULL,
  PRIMARY KEY (`PROCESSFILE_`,`INDEX_`),
  KEY `FK_BYTEBLOCK_FILE` (`PROCESSFILE_`),
  CONSTRAINT `FK_BYTEBLOCK_FILE` FOREIGN KEY (`PROCESSFILE_`) REFERENCES `JBPM_BYTEARRAY` (`ID_`)
) ENGINE=InnoDB DEFAULT CHARSET=latin1;
/*!40101 SET character_set_client = @saved_cs_client */;

--
-- Dumping data for table `JBPM_BYTEBLOCK`
--

LOCK TABLES `JBPM_BYTEBLOCK` WRITE;
/*!40000 ALTER TABLE `JBPM_BYTEBLOCK` DISABLE KEYS */;
/*!40000 ALTER TABLE `JBPM_BYTEBLOCK` ENABLE KEYS */;
UNLOCK TABLES;

--
-- Table structure for table `JBPM_COMMENT`
--

DROP TABLE IF EXISTS `JBPM_COMMENT`;
/*!40101 SET @saved_cs_client     = @@character_set_client */;
/*!40101 SET character_set_client = utf8 */;
CREATE TABLE `JBPM_COMMENT` (
  `ID_` bigint(20) NOT NULL AUTO_INCREMENT,
  `VERSION_` int(11) NOT NULL,
  `ACTORID_` varchar(255) DEFAULT NULL,
  `TIME_` datetime DEFAULT NULL,
  `MESSAGE_` longtext,
  `TOKEN_` bigint(20) DEFAULT NULL,
  `TASKINSTANCE_` bigint(20) DEFAULT NULL,
  `TOKENINDEX_` int(11) DEFAULT NULL,
  `TASKINSTANCEINDEX_` int(11) DEFAULT NULL,
  PRIMARY KEY (`ID_`),
  KEY `FK_COMMENT_TOKEN` (`TOKEN_`),
  KEY `FK_COMMENT_TSK` (`TASKINSTANCE_`),
  CONSTRAINT `FK_COMMENT_TOKEN` FOREIGN KEY (`TOKEN_`) REFERENCES `JBPM_TOKEN` (`ID_`),
  CONSTRAINT `FK_COMMENT_TSK` FOREIGN KEY (`TASKINSTANCE_`) REFERENCES `JBPM_TASKINSTANCE` (`ID_`)
) ENGINE=InnoDB DEFAULT CHARSET=latin1;
/*!40101 SET character_set_client = @saved_cs_client */;

--
-- Dumping data for table `JBPM_COMMENT`
--

LOCK TABLES `JBPM_COMMENT` WRITE;
/*!40000 ALTER TABLE `JBPM_COMMENT` DISABLE KEYS */;
/*!40000 ALTER TABLE `JBPM_COMMENT` ENABLE KEYS */;
UNLOCK TABLES;

--
-- Table structure for table `JBPM_DECISIONCONDITIONS`
--

DROP TABLE IF EXISTS `JBPM_DECISIONCONDITIONS`;
/*!40101 SET @saved_cs_client     = @@character_set_client */;
/*!40101 SET character_set_client = utf8 */;
CREATE TABLE `JBPM_DECISIONCONDITIONS` (
  `DECISION_` bigint(20) NOT NULL,
  `TRANSITIONNAME_` varchar(255) DEFAULT NULL,
  `EXPRESSION_` varchar(255) DEFAULT NULL,
  `INDEX_` int(11) NOT NULL,
  PRIMARY KEY (`DECISION_`,`INDEX_`),
  KEY `FK_DECCOND_DEC` (`DECISION_`),
  CONSTRAINT `FK_DECCOND_DEC` FOREIGN KEY (`DECISION_`) REFERENCES `JBPM_NODE` (`ID_`)
) ENGINE=InnoDB DEFAULT CHARSET=latin1;
/*!40101 SET character_set_client = @saved_cs_client */;

--
-- Dumping data for table `JBPM_DECISIONCONDITIONS`
--

LOCK TABLES `JBPM_DECISIONCONDITIONS` WRITE;
/*!40000 ALTER TABLE `JBPM_DECISIONCONDITIONS` DISABLE KEYS */;
/*!40000 ALTER TABLE `JBPM_DECISIONCONDITIONS` ENABLE KEYS */;
UNLOCK TABLES;

--
-- Table structure for table `JBPM_DELEGATION`
--

DROP TABLE IF EXISTS `JBPM_DELEGATION`;
/*!40101 SET @saved_cs_client     = @@character_set_client */;
/*!40101 SET character_set_client = utf8 */;
CREATE TABLE `JBPM_DELEGATION` (
  `ID_` bigint(20) NOT NULL AUTO_INCREMENT,
  `CLASSNAME_` longtext,
  `CONFIGURATION_` longtext,
  `CONFIGTYPE_` varchar(255) DEFAULT NULL,
  `PROCESSDEFINITION_` bigint(20) DEFAULT NULL,
  PRIMARY KEY (`ID_`),
  KEY `FK_DELEGATION_PRCD` (`PROCESSDEFINITION_`),
  CONSTRAINT `FK_DELEGATION_PRCD` FOREIGN KEY (`PROCESSDEFINITION_`) REFERENCES `JBPM_PROCESSDEFINITION` (`ID_`)
) ENGINE=InnoDB DEFAULT CHARSET=latin1;
/*!40101 SET character_set_client = @saved_cs_client */;

--
-- Dumping data for table `JBPM_DELEGATION`
--

LOCK TABLES `JBPM_DELEGATION` WRITE;
/*!40000 ALTER TABLE `JBPM_DELEGATION` DISABLE KEYS */;
/*!40000 ALTER TABLE `JBPM_DELEGATION` ENABLE KEYS */;
UNLOCK TABLES;

--
-- Table structure for table `JBPM_EVENT`
--

DROP TABLE IF EXISTS `JBPM_EVENT`;
/*!40101 SET @saved_cs_client     = @@character_set_client */;
/*!40101 SET character_set_client = utf8 */;
CREATE TABLE `JBPM_EVENT` (
  `ID_` bigint(20) NOT NULL AUTO_INCREMENT,
  `EVENTTYPE_` varchar(255) DEFAULT NULL,
  `TYPE_` char(1) DEFAULT NULL,
  `GRAPHELEMENT_` bigint(20) DEFAULT NULL,
  `PROCESSDEFINITION_` bigint(20) DEFAULT NULL,
  `NODE_` bigint(20) DEFAULT NULL,
  `TRANSITION_` bigint(20) DEFAULT NULL,
  `TASK_` bigint(20) DEFAULT NULL,
  PRIMARY KEY (`ID_`),
  KEY `FK_EVENT_PROCDEF` (`PROCESSDEFINITION_`),
  KEY `FK_EVENT_TRANS` (`TRANSITION_`),
  KEY `FK_EVENT_NODE` (`NODE_`),
  KEY `FK_EVENT_TASK` (`TASK_`),
  CONSTRAINT `FK_EVENT_NODE` FOREIGN KEY (`NODE_`) REFERENCES `JBPM_NODE` (`ID_`),
  CONSTRAINT `FK_EVENT_PROCDEF` FOREIGN KEY (`PROCESSDEFINITION_`) REFERENCES `JBPM_PROCESSDEFINITION` (`ID_`),
  CONSTRAINT `FK_EVENT_TASK` FOREIGN KEY (`TASK_`) REFERENCES `JBPM_TASK` (`ID_`),
  CONSTRAINT `FK_EVENT_TRANS` FOREIGN KEY (`TRANSITION_`) REFERENCES `JBPM_TRANSITION` (`ID_`)
) ENGINE=InnoDB DEFAULT CHARSET=latin1;
/*!40101 SET character_set_client = @saved_cs_client */;

--
-- Dumping data for table `JBPM_EVENT`
--

LOCK TABLES `JBPM_EVENT` WRITE;
/*!40000 ALTER TABLE `JBPM_EVENT` DISABLE KEYS */;
/*!40000 ALTER TABLE `JBPM_EVENT` ENABLE KEYS */;
UNLOCK TABLES;

--
-- Table structure for table `JBPM_EXCEPTIONHANDLER`
--

DROP TABLE IF EXISTS `JBPM_EXCEPTIONHANDLER`;
/*!40101 SET @saved_cs_client     = @@character_set_client */;
/*!40101 SET character_set_client = utf8 */;
CREATE TABLE `JBPM_EXCEPTIONHANDLER` (
  `ID_` bigint(20) NOT NULL AUTO_INCREMENT,
  `EXCEPTIONCLASSNAME_` longtext,
  `TYPE_` char(1) DEFAULT NULL,
  `GRAPHELEMENT_` bigint(20) DEFAULT NULL,
  `PROCESSDEFINITION_` bigint(20) DEFAULT NULL,
  `GRAPHELEMENTINDEX_` int(11) DEFAULT NULL,
  `NODE_` bigint(20) DEFAULT NULL,
  `TRANSITION_` bigint(20) DEFAULT NULL,
  `TASK_` bigint(20) DEFAULT NULL,
  PRIMARY KEY (`ID_`)
) ENGINE=InnoDB DEFAULT CHARSET=latin1;
/*!40101 SET character_set_client = @saved_cs_client */;

--
-- Dumping data for table `JBPM_EXCEPTIONHANDLER`
--

LOCK TABLES `JBPM_EXCEPTIONHANDLER` WRITE;
/*!40000 ALTER TABLE `JBPM_EXCEPTIONHANDLER` DISABLE KEYS */;
/*!40000 ALTER TABLE `JBPM_EXCEPTIONHANDLER` ENABLE KEYS */;
UNLOCK TABLES;

--
-- Table structure for table `JBPM_ID_GROUP`
--

DROP TABLE IF EXISTS `JBPM_ID_GROUP`;
/*!40101 SET @saved_cs_client     = @@character_set_client */;
/*!40101 SET character_set_client = utf8 */;
CREATE TABLE `JBPM_ID_GROUP` (
  `ID_` bigint(20) NOT NULL AUTO_INCREMENT,
  `CLASS_` char(1) NOT NULL,
  `NAME_` varchar(255) DEFAULT NULL,
  `TYPE_` varchar(255) DEFAULT NULL,
  `PARENT_` bigint(20) DEFAULT NULL,
  PRIMARY KEY (`ID_`),
  KEY `FK_ID_GRP_PARENT` (`PARENT_`),
  CONSTRAINT `FK_ID_GRP_PARENT` FOREIGN KEY (`PARENT_`) REFERENCES `JBPM_ID_GROUP` (`ID_`)
) ENGINE=InnoDB DEFAULT CHARSET=latin1;
/*!40101 SET character_set_client = @saved_cs_client */;

--
-- Dumping data for table `JBPM_ID_GROUP`
--

LOCK TABLES `JBPM_ID_GROUP` WRITE;
/*!40000 ALTER TABLE `JBPM_ID_GROUP` DISABLE KEYS */;
/*!40000 ALTER TABLE `JBPM_ID_GROUP` ENABLE KEYS */;
UNLOCK TABLES;

--
-- Table structure for table `JBPM_ID_MEMBERSHIP`
--

DROP TABLE IF EXISTS `JBPM_ID_MEMBERSHIP`;
/*!40101 SET @saved_cs_client     = @@character_set_client */;
/*!40101 SET character_set_client = utf8 */;
CREATE TABLE `JBPM_ID_MEMBERSHIP` (
  `ID_` bigint(20) NOT NULL AUTO_INCREMENT,
  `CLASS_` char(1) NOT NULL,
  `NAME_` varchar(255) DEFAULT NULL,
  `ROLE_` varchar(255) DEFAULT NULL,
  `USER_` bigint(20) DEFAULT NULL,
  `GROUP_` bigint(20) DEFAULT NULL,
  PRIMARY KEY (`ID_`),
  KEY `FK_ID_MEMSHIP_GRP` (`GROUP_`),
  KEY `FK_ID_MEMSHIP_USR` (`USER_`),
  CONSTRAINT `FK_ID_MEMSHIP_GRP` FOREIGN KEY (`GROUP_`) REFERENCES `JBPM_ID_GROUP` (`ID_`),
  CONSTRAINT `FK_ID_MEMSHIP_USR` FOREIGN KEY (`USER_`) REFERENCES `JBPM_ID_USER` (`ID_`)
) ENGINE=InnoDB DEFAULT CHARSET=latin1;
/*!40101 SET character_set_client = @saved_cs_client */;

--
-- Dumping data for table `JBPM_ID_MEMBERSHIP`
--

LOCK TABLES `JBPM_ID_MEMBERSHIP` WRITE;
/*!40000 ALTER TABLE `JBPM_ID_MEMBERSHIP` DISABLE KEYS */;
/*!40000 ALTER TABLE `JBPM_ID_MEMBERSHIP` ENABLE KEYS */;
UNLOCK TABLES;

--
-- Table structure for table `JBPM_ID_PERMISSIONS`
--

DROP TABLE IF EXISTS `JBPM_ID_PERMISSIONS`;
/*!40101 SET @saved_cs_client     = @@character_set_client */;
/*!40101 SET character_set_client = utf8 */;
CREATE TABLE `JBPM_ID_PERMISSIONS` (
  `ENTITY_` bigint(20) NOT NULL,
  `CLASS_` varchar(255) DEFAULT NULL,
  `NAME_` varchar(255) DEFAULT NULL,
  `ACTION_` varchar(255) DEFAULT NULL
) ENGINE=InnoDB DEFAULT CHARSET=latin1;
/*!40101 SET character_set_client = @saved_cs_client */;

--
-- Dumping data for table `JBPM_ID_PERMISSIONS`
--

LOCK TABLES `JBPM_ID_PERMISSIONS` WRITE;
/*!40000 ALTER TABLE `JBPM_ID_PERMISSIONS` DISABLE KEYS */;
/*!40000 ALTER TABLE `JBPM_ID_PERMISSIONS` ENABLE KEYS */;
UNLOCK TABLES;

--
-- Table structure for table `JBPM_ID_USER`
--

DROP TABLE IF EXISTS `JBPM_ID_USER`;
/*!40101 SET @saved_cs_client     = @@character_set_client */;
/*!40101 SET character_set_client = utf8 */;
CREATE TABLE `JBPM_ID_USER` (
  `ID_` bigint(20) NOT NULL AUTO_INCREMENT,
  `CLASS_` char(1) NOT NULL,
  `NAME_` varchar(255) DEFAULT NULL,
  `EMAIL_` varchar(255) DEFAULT NULL,
  `PASSWORD_` varchar(255) DEFAULT NULL,
  PRIMARY KEY (`ID_`)
) ENGINE=InnoDB DEFAULT CHARSET=latin1;
/*!40101 SET character_set_client = @saved_cs_client */;

--
-- Dumping data for table `JBPM_ID_USER`
--

LOCK TABLES `JBPM_ID_USER` WRITE;
/*!40000 ALTER TABLE `JBPM_ID_USER` DISABLE KEYS */;
/*!40000 ALTER TABLE `JBPM_ID_USER` ENABLE KEYS */;
UNLOCK TABLES;

--
-- Table structure for table `JBPM_LOG`
--

DROP TABLE IF EXISTS `JBPM_LOG`;
/*!40101 SET @saved_cs_client     = @@character_set_client */;
/*!40101 SET character_set_client = utf8 */;
CREATE TABLE `JBPM_LOG` (
  `ID_` bigint(20) NOT NULL AUTO_INCREMENT,
  `CLASS_` char(1) NOT NULL,
  `INDEX_` int(11) DEFAULT NULL,
  `DATE_` datetime DEFAULT NULL,
  `TOKEN_` bigint(20) DEFAULT NULL,
  `PARENT_` bigint(20) DEFAULT NULL,
  `MESSAGE_` longtext,
  `EXCEPTION_` longtext,
  `ACTION_` bigint(20) DEFAULT NULL,
  `NODE_` bigint(20) DEFAULT NULL,
  `ENTER_` datetime DEFAULT NULL,
  `LEAVE_` datetime DEFAULT NULL,
  `DURATION_` bigint(20) DEFAULT NULL,
  `NEWLONGVALUE_` bigint(20) DEFAULT NULL,
  `TRANSITION_` bigint(20) DEFAULT NULL,
  `CHILD_` bigint(20) DEFAULT NULL,
  `SOURCENODE_` bigint(20) DEFAULT NULL,
  `DESTINATIONNODE_` bigint(20) DEFAULT NULL,
  `VARIABLEINSTANCE_` bigint(20) DEFAULT NULL,
  `OLDBYTEARRAY_` bigint(20) DEFAULT NULL,
  `NEWBYTEARRAY_` bigint(20) DEFAULT NULL,
  `OLDDATEVALUE_` datetime DEFAULT NULL,
  `NEWDATEVALUE_` datetime DEFAULT NULL,
  `OLDDOUBLEVALUE_` double DEFAULT NULL,
  `NEWDOUBLEVALUE_` double DEFAULT NULL,
  `OLDLONGIDCLASS_` varchar(255) DEFAULT NULL,
  `OLDLONGIDVALUE_` bigint(20) DEFAULT NULL,
  `NEWLONGIDCLASS_` varchar(255) DEFAULT NULL,
  `NEWLONGIDVALUE_` bigint(20) DEFAULT NULL,
  `OLDSTRINGIDCLASS_` varchar(255) DEFAULT NULL,
  `OLDSTRINGIDVALUE_` varchar(255) DEFAULT NULL,
  `NEWSTRINGIDCLASS_` varchar(255) DEFAULT NULL,
  `NEWSTRINGIDVALUE_` varchar(255) DEFAULT NULL,
  `OLDLONGVALUE_` bigint(20) DEFAULT NULL,
  `OLDSTRINGVALUE_` longtext,
  `NEWSTRINGVALUE_` longtext,
  `TASKINSTANCE_` bigint(20) DEFAULT NULL,
  `TASKACTORID_` varchar(255) DEFAULT NULL,
  `TASKOLDACTORID_` varchar(255) DEFAULT NULL,
  `SWIMLANEINSTANCE_` bigint(20) DEFAULT NULL,
  PRIMARY KEY (`ID_`),
  KEY `FK_LOG_SOURCENODE` (`SOURCENODE_`),
  KEY `FK_LOG_DESTNODE` (`DESTINATIONNODE_`),
  KEY `FK_LOG_TOKEN` (`TOKEN_`),
  KEY `FK_LOG_TRANSITION` (`TRANSITION_`),
  KEY `FK_LOG_TASKINST` (`TASKINSTANCE_`),
  KEY `FK_LOG_CHILDTOKEN` (`CHILD_`),
  KEY `FK_LOG_OLDBYTES` (`OLDBYTEARRAY_`),
  KEY `FK_LOG_SWIMINST` (`SWIMLANEINSTANCE_`),
  KEY `FK_LOG_NEWBYTES` (`NEWBYTEARRAY_`),
  KEY `FK_LOG_ACTION` (`ACTION_`),
  KEY `FK_LOG_VARINST` (`VARIABLEINSTANCE_`),
  KEY `FK_LOG_NODE` (`NODE_`),
  KEY `FK_LOG_PARENT` (`PARENT_`),
  CONSTRAINT `FK_LOG_ACTION` FOREIGN KEY (`ACTION_`) REFERENCES `JBPM_ACTION` (`ID_`),
  CONSTRAINT `FK_LOG_CHILDTOKEN` FOREIGN KEY (`CHILD_`) REFERENCES `JBPM_TOKEN` (`ID_`),
  CONSTRAINT `FK_LOG_DESTNODE` FOREIGN KEY (`DESTINATIONNODE_`) REFERENCES `JBPM_NODE` (`ID_`),
  CONSTRAINT `FK_LOG_NEWBYTES` FOREIGN KEY (`NEWBYTEARRAY_`) REFERENCES `JBPM_BYTEARRAY` (`ID_`),
  CONSTRAINT `FK_LOG_NODE` FOREIGN KEY (`NODE_`) REFERENCES `JBPM_NODE` (`ID_`),
  CONSTRAINT `FK_LOG_OLDBYTES` FOREIGN KEY (`OLDBYTEARRAY_`) REFERENCES `JBPM_BYTEARRAY` (`ID_`),
  CONSTRAINT `FK_LOG_PARENT` FOREIGN KEY (`PARENT_`) REFERENCES `JBPM_LOG` (`ID_`),
  CONSTRAINT `FK_LOG_SOURCENODE` FOREIGN KEY (`SOURCENODE_`) REFERENCES `JBPM_NODE` (`ID_`),
  CONSTRAINT `FK_LOG_SWIMINST` FOREIGN KEY (`SWIMLANEINSTANCE_`) REFERENCES `JBPM_SWIMLANEINSTANCE` (`ID_`),
  CONSTRAINT `FK_LOG_TASKINST` FOREIGN KEY (`TASKINSTANCE_`) REFERENCES `JBPM_TASKINSTANCE` (`ID_`),
  CONSTRAINT `FK_LOG_TOKEN` FOREIGN KEY (`TOKEN_`) REFERENCES `JBPM_TOKEN` (`ID_`),
  CONSTRAINT `FK_LOG_TRANSITION` FOREIGN KEY (`TRANSITION_`) REFERENCES `JBPM_TRANSITION` (`ID_`),
  CONSTRAINT `FK_LOG_VARINST` FOREIGN KEY (`VARIABLEINSTANCE_`) REFERENCES `JBPM_VARIABLEINSTANCE` (`ID_`)
) ENGINE=InnoDB DEFAULT CHARSET=latin1;
/*!40101 SET character_set_client = @saved_cs_client */;

--
-- Dumping data for table `JBPM_LOG`
--

LOCK TABLES `JBPM_LOG` WRITE;
/*!40000 ALTER TABLE `JBPM_LOG` DISABLE KEYS */;
/*!40000 ALTER TABLE `JBPM_LOG` ENABLE KEYS */;
UNLOCK TABLES;

--
-- Table structure for table `JBPM_MESSAGE`
--

DROP TABLE IF EXISTS `JBPM_MESSAGE`;
/*!40101 SET @saved_cs_client     = @@character_set_client */;
/*!40101 SET character_set_client = utf8 */;
CREATE TABLE `JBPM_MESSAGE` (
  `ID_` bigint(20) NOT NULL AUTO_INCREMENT,
  `CLASS_` char(1) NOT NULL,
  `DESTINATION_` varchar(255) DEFAULT NULL,
  `EXCEPTION_` longtext,
  `ISSUSPENDED_` bit(1) DEFAULT NULL,
  `TOKEN_` bigint(20) DEFAULT NULL,
  `TEXT_` varchar(255) DEFAULT NULL,
  `ACTION_` bigint(20) DEFAULT NULL,
  `NODE_` bigint(20) DEFAULT NULL,
  `TRANSITIONNAME_` varchar(255) DEFAULT NULL,
  `TASKINSTANCE_` bigint(20) DEFAULT NULL,
  PRIMARY KEY (`ID_`),
  KEY `FK_CMD_ACTION` (`ACTION_`),
  KEY `FK_MSG_TOKEN` (`TOKEN_`),
  KEY `FK_CMD_NODE` (`NODE_`),
  KEY `FK_CMD_TASKINST` (`TASKINSTANCE_`),
  CONSTRAINT `FK_CMD_ACTION` FOREIGN KEY (`ACTION_`) REFERENCES `JBPM_ACTION` (`ID_`),
  CONSTRAINT `FK_CMD_NODE` FOREIGN KEY (`NODE_`) REFERENCES `JBPM_NODE` (`ID_`),
  CONSTRAINT `FK_CMD_TASKINST` FOREIGN KEY (`TASKINSTANCE_`) REFERENCES `JBPM_TASKINSTANCE` (`ID_`),
  CONSTRAINT `FK_MSG_TOKEN` FOREIGN KEY (`TOKEN_`) REFERENCES `JBPM_TOKEN` (`ID_`)
) ENGINE=InnoDB DEFAULT CHARSET=latin1;
/*!40101 SET character_set_client = @saved_cs_client */;

--
-- Dumping data for table `JBPM_MESSAGE`
--

LOCK TABLES `JBPM_MESSAGE` WRITE;
/*!40000 ALTER TABLE `JBPM_MESSAGE` DISABLE KEYS */;
/*!40000 ALTER TABLE `JBPM_MESSAGE` ENABLE KEYS */;
UNLOCK TABLES;

--
-- Table structure for table `JBPM_MODULEDEFINITION`
--

DROP TABLE IF EXISTS `JBPM_MODULEDEFINITION`;
/*!40101 SET @saved_cs_client     = @@character_set_client */;
/*!40101 SET character_set_client = utf8 */;
CREATE TABLE `JBPM_MODULEDEFINITION` (
  `ID_` bigint(20) NOT NULL AUTO_INCREMENT,
  `CLASS_` char(1) NOT NULL,
  `NAME_` longtext,
  `PROCESSDEFINITION_` bigint(20) DEFAULT NULL,
  `STARTTASK_` bigint(20) DEFAULT NULL,
  PRIMARY KEY (`ID_`),
  KEY `FK_MODDEF_PROCDEF` (`PROCESSDEFINITION_`),
  KEY `FK_TSKDEF_START` (`STARTTASK_`),
  CONSTRAINT `FK_MODDEF_PROCDEF` FOREIGN KEY (`PROCESSDEFINITION_`) REFERENCES `JBPM_PROCESSDEFINITION` (`ID_`),
  CONSTRAINT `FK_TSKDEF_START` FOREIGN KEY (`STARTTASK_`) REFERENCES `JBPM_TASK` (`ID_`)
) ENGINE=InnoDB DEFAULT CHARSET=latin1;
/*!40101 SET character_set_client = @saved_cs_client */;

--
-- Dumping data for table `JBPM_MODULEDEFINITION`
--

LOCK TABLES `JBPM_MODULEDEFINITION` WRITE;
/*!40000 ALTER TABLE `JBPM_MODULEDEFINITION` DISABLE KEYS */;
/*!40000 ALTER TABLE `JBPM_MODULEDEFINITION` ENABLE KEYS */;
UNLOCK TABLES;

--
-- Table structure for table `JBPM_MODULEINSTANCE`
--

DROP TABLE IF EXISTS `JBPM_MODULEINSTANCE`;
/*!40101 SET @saved_cs_client     = @@character_set_client */;
/*!40101 SET character_set_client = utf8 */;
CREATE TABLE `JBPM_MODULEINSTANCE` (
  `ID_` bigint(20) NOT NULL AUTO_INCREMENT,
  `CLASS_` char(1) NOT NULL,
  `PROCESSINSTANCE_` bigint(20) DEFAULT NULL,
  `TASKMGMTDEFINITION_` bigint(20) DEFAULT NULL,
  `NAME_` varchar(255) DEFAULT NULL,
  PRIMARY KEY (`ID_`),
  KEY `FK_MODINST_PRCINST` (`PROCESSINSTANCE_`),
  KEY `FK_TASKMGTINST_TMD` (`TASKMGMTDEFINITION_`),
  CONSTRAINT `FK_MODINST_PRCINST` FOREIGN KEY (`PROCESSINSTANCE_`) REFERENCES `JBPM_PROCESSINSTANCE` (`ID_`),
  CONSTRAINT `FK_TASKMGTINST_TMD` FOREIGN KEY (`TASKMGMTDEFINITION_`) REFERENCES `JBPM_MODULEDEFINITION` (`ID_`)
) ENGINE=InnoDB DEFAULT CHARSET=latin1;
/*!40101 SET character_set_client = @saved_cs_client */;

--
-- Dumping data for table `JBPM_MODULEINSTANCE`
--

LOCK TABLES `JBPM_MODULEINSTANCE` WRITE;
/*!40000 ALTER TABLE `JBPM_MODULEINSTANCE` DISABLE KEYS */;
/*!40000 ALTER TABLE `JBPM_MODULEINSTANCE` ENABLE KEYS */;
UNLOCK TABLES;

--
-- Table structure for table `JBPM_NODE`
--

DROP TABLE IF EXISTS `JBPM_NODE`;
/*!40101 SET @saved_cs_client     = @@character_set_client */;
/*!40101 SET character_set_client = utf8 */;
CREATE TABLE `JBPM_NODE` (
  `ID_` bigint(20) NOT NULL AUTO_INCREMENT,
  `CLASS_` char(1) NOT NULL,
  `NAME_` varchar(255) DEFAULT NULL,
  `PROCESSDEFINITION_` bigint(20) DEFAULT NULL,
  `ISASYNC_` bit(1) DEFAULT NULL,
  `ACTION_` bigint(20) DEFAULT NULL,
  `SUPERSTATE_` bigint(20) DEFAULT NULL,
  `SUBPROCESSDEFINITION_` bigint(20) DEFAULT NULL,
  `DECISIONEXPRESSION_` varchar(255) DEFAULT NULL,
  `DECISIONDELEGATION` bigint(20) DEFAULT NULL,
  `SIGNAL_` int(11) DEFAULT NULL,
  `CREATETASKS_` bit(1) DEFAULT NULL,
  `ENDTASKS_` bit(1) DEFAULT NULL,
  `NODECOLLECTIONINDEX_` int(11) DEFAULT NULL,
  PRIMARY KEY (`ID_`),
  KEY `FK_DECISION_DELEG` (`DECISIONDELEGATION`),
  KEY `FK_NODE_PROCDEF` (`PROCESSDEFINITION_`),
  KEY `FK_NODE_ACTION` (`ACTION_`),
  KEY `FK_PROCST_SBPRCDEF` (`SUBPROCESSDEFINITION_`),
  KEY `FK_NODE_SUPERSTATE` (`SUPERSTATE_`),
  CONSTRAINT `FK_DECISION_DELEG` FOREIGN KEY (`DECISIONDELEGATION`) REFERENCES `JBPM_DELEGATION` (`ID_`),
  CONSTRAINT `FK_NODE_ACTION` FOREIGN KEY (`ACTION_`) REFERENCES `JBPM_ACTION` (`ID_`),
  CONSTRAINT `FK_NODE_PROCDEF` FOREIGN KEY (`PROCESSDEFINITION_`) REFERENCES `JBPM_PROCESSDEFINITION` (`ID_`),
  CONSTRAINT `FK_NODE_SUPERSTATE` FOREIGN KEY (`SUPERSTATE_`) REFERENCES `JBPM_NODE` (`ID_`),
  CONSTRAINT `FK_PROCST_SBPRCDEF` FOREIGN KEY (`SUBPROCESSDEFINITION_`) REFERENCES `JBPM_PROCESSDEFINITION` (`ID_`)
) ENGINE=InnoDB DEFAULT CHARSET=latin1;
/*!40101 SET character_set_client = @saved_cs_client */;

--
-- Dumping data for table `JBPM_NODE`
--

LOCK TABLES `JBPM_NODE` WRITE;
/*!40000 ALTER TABLE `JBPM_NODE` DISABLE KEYS */;
/*!40000 ALTER TABLE `JBPM_NODE` ENABLE KEYS */;
UNLOCK TABLES;

--
-- Table structure for table `JBPM_POOLEDACTOR`
--

DROP TABLE IF EXISTS `JBPM_POOLEDACTOR`;
/*!40101 SET @saved_cs_client     = @@character_set_client */;
/*!40101 SET character_set_client = utf8 */;
CREATE TABLE `JBPM_POOLEDACTOR` (
  `ID_` bigint(20) NOT NULL AUTO_INCREMENT,
  `ACTORID_` varchar(255) DEFAULT NULL,
  `SWIMLANEINSTANCE_` bigint(20) DEFAULT NULL,
  PRIMARY KEY (`ID_`),
  KEY `IDX_PLDACTR_ACTID` (`ACTORID_`),
  KEY `FK_POOLEDACTOR_SLI` (`SWIMLANEINSTANCE_`),
  CONSTRAINT `FK_POOLEDACTOR_SLI` FOREIGN KEY (`SWIMLANEINSTANCE_`) REFERENCES `JBPM_SWIMLANEINSTANCE` (`ID_`)
) ENGINE=InnoDB DEFAULT CHARSET=latin1;
/*!40101 SET character_set_client = @saved_cs_client */;

--
-- Dumping data for table `JBPM_POOLEDACTOR`
--

LOCK TABLES `JBPM_POOLEDACTOR` WRITE;
/*!40000 ALTER TABLE `JBPM_POOLEDACTOR` DISABLE KEYS */;
/*!40000 ALTER TABLE `JBPM_POOLEDACTOR` ENABLE KEYS */;
UNLOCK TABLES;

--
-- Table structure for table `JBPM_PROCESSDEFINITION`
--

DROP TABLE IF EXISTS `JBPM_PROCESSDEFINITION`;
/*!40101 SET @saved_cs_client     = @@character_set_client */;
/*!40101 SET character_set_client = utf8 */;
CREATE TABLE `JBPM_PROCESSDEFINITION` (
  `ID_` bigint(20) NOT NULL AUTO_INCREMENT,
  `NAME_` varchar(255) DEFAULT NULL,
  `VERSION_` int(11) DEFAULT NULL,
  `ISTERMINATIONIMPLICIT_` bit(1) DEFAULT NULL,
  `STARTSTATE_` bigint(20) DEFAULT NULL,
  PRIMARY KEY (`ID_`),
  KEY `FK_PROCDEF_STRTSTA` (`STARTSTATE_`),
  CONSTRAINT `FK_PROCDEF_STRTSTA` FOREIGN KEY (`STARTSTATE_`) REFERENCES `JBPM_NODE` (`ID_`)
) ENGINE=InnoDB DEFAULT CHARSET=latin1;
/*!40101 SET character_set_client = @saved_cs_client */;

--
-- Dumping data for table `JBPM_PROCESSDEFINITION`
--

LOCK TABLES `JBPM_PROCESSDEFINITION` WRITE;
/*!40000 ALTER TABLE `JBPM_PROCESSDEFINITION` DISABLE KEYS */;
/*!40000 ALTER TABLE `JBPM_PROCESSDEFINITION` ENABLE KEYS */;
UNLOCK TABLES;

--
-- Table structure for table `JBPM_PROCESSINSTANCE`
--

DROP TABLE IF EXISTS `JBPM_PROCESSINSTANCE`;
/*!40101 SET @saved_cs_client     = @@character_set_client */;
/*!40101 SET character_set_client = utf8 */;
CREATE TABLE `JBPM_PROCESSINSTANCE` (
  `ID_` bigint(20) NOT NULL AUTO_INCREMENT,
  `VERSION_` int(11) NOT NULL,
  `START_` datetime DEFAULT NULL,
  `END_` datetime DEFAULT NULL,
  `ISSUSPENDED_` bit(1) DEFAULT NULL,
  `PROCESSDEFINITION_` bigint(20) DEFAULT NULL,
  `ROOTTOKEN_` bigint(20) DEFAULT NULL,
  `SUPERPROCESSTOKEN_` bigint(20) DEFAULT NULL,
  PRIMARY KEY (`ID_`),
  KEY `FK_PROCIN_PROCDEF` (`PROCESSDEFINITION_`),
  KEY `FK_PROCIN_ROOTTKN` (`ROOTTOKEN_`),
  KEY `FK_PROCIN_SPROCTKN` (`SUPERPROCESSTOKEN_`),
  CONSTRAINT `FK_PROCIN_PROCDEF` FOREIGN KEY (`PROCESSDEFINITION_`) REFERENCES `JBPM_PROCESSDEFINITION` (`ID_`),
  CONSTRAINT `FK_PROCIN_ROOTTKN` FOREIGN KEY (`ROOTTOKEN_`) REFERENCES `JBPM_TOKEN` (`ID_`),
  CONSTRAINT `FK_PROCIN_SPROCTKN` FOREIGN KEY (`SUPERPROCESSTOKEN_`) REFERENCES `JBPM_TOKEN` (`ID_`)
) ENGINE=InnoDB DEFAULT CHARSET=latin1;
/*!40101 SET character_set_client = @saved_cs_client */;

--
-- Dumping data for table `JBPM_PROCESSINSTANCE`
--

LOCK TABLES `JBPM_PROCESSINSTANCE` WRITE;
/*!40000 ALTER TABLE `JBPM_PROCESSINSTANCE` DISABLE KEYS */;
/*!40000 ALTER TABLE `JBPM_PROCESSINSTANCE` ENABLE KEYS */;
UNLOCK TABLES;

--
-- Table structure for table `JBPM_RUNTIMEACTION`
--

DROP TABLE IF EXISTS `JBPM_RUNTIMEACTION`;
/*!40101 SET @saved_cs_client     = @@character_set_client */;
/*!40101 SET character_set_client = utf8 */;
CREATE TABLE `JBPM_RUNTIMEACTION` (
  `ID_` bigint(20) NOT NULL AUTO_INCREMENT,
  `VERSION_` int(11) NOT NULL,
  `EVENTTYPE_` varchar(255) DEFAULT NULL,
  `TYPE_` char(1) DEFAULT NULL,
  `GRAPHELEMENT_` bigint(20) DEFAULT NULL,
  `PROCESSINSTANCE_` bigint(20) DEFAULT NULL,
  `ACTION_` bigint(20) DEFAULT NULL,
  `PROCESSINSTANCEINDEX_` int(11) DEFAULT NULL,
  PRIMARY KEY (`ID_`),
  KEY `FK_RTACTN_PROCINST` (`PROCESSINSTANCE_`),
  KEY `FK_RTACTN_ACTION` (`ACTION_`),
  CONSTRAINT `FK_RTACTN_ACTION` FOREIGN KEY (`ACTION_`) REFERENCES `JBPM_ACTION` (`ID_`),
  CONSTRAINT `FK_RTACTN_PROCINST` FOREIGN KEY (`PROCESSINSTANCE_`) REFERENCES `JBPM_PROCESSINSTANCE` (`ID_`)
) ENGINE=InnoDB DEFAULT CHARSET=latin1;
/*!40101 SET character_set_client = @saved_cs_client */;

--
-- Dumping data for table `JBPM_RUNTIMEACTION`
--

LOCK TABLES `JBPM_RUNTIMEACTION` WRITE;
/*!40000 ALTER TABLE `JBPM_RUNTIMEACTION` DISABLE KEYS */;
/*!40000 ALTER TABLE `JBPM_RUNTIMEACTION` ENABLE KEYS */;
UNLOCK TABLES;

--
-- Table structure for table `JBPM_SWIMLANE`
--

DROP TABLE IF EXISTS `JBPM_SWIMLANE`;
/*!40101 SET @saved_cs_client     = @@character_set_client */;
/*!40101 SET character_set_client = utf8 */;
CREATE TABLE `JBPM_SWIMLANE` (
  `ID_` bigint(20) NOT NULL AUTO_INCREMENT,
  `NAME_` varchar(255) DEFAULT NULL,
  `ACTORIDEXPRESSION_` varchar(255) DEFAULT NULL,
  `POOLEDACTORSEXPRESSION_` varchar(255) DEFAULT NULL,
  `ASSIGNMENTDELEGATION_` bigint(20) DEFAULT NULL,
  `TASKMGMTDEFINITION_` bigint(20) DEFAULT NULL,
  PRIMARY KEY (`ID_`),
  KEY `FK_SWL_ASSDEL` (`ASSIGNMENTDELEGATION_`),
  KEY `FK_SWL_TSKMGMTDEF` (`TASKMGMTDEFINITION_`),
  CONSTRAINT `FK_SWL_ASSDEL` FOREIGN KEY (`ASSIGNMENTDELEGATION_`) REFERENCES `JBPM_DELEGATION` (`ID_`),
  CONSTRAINT `FK_SWL_TSKMGMTDEF` FOREIGN KEY (`TASKMGMTDEFINITION_`) REFERENCES `JBPM_MODULEDEFINITION` (`ID_`)
) ENGINE=InnoDB DEFAULT CHARSET=latin1;
/*!40101 SET character_set_client = @saved_cs_client */;

--
-- Dumping data for table `JBPM_SWIMLANE`
--

LOCK TABLES `JBPM_SWIMLANE` WRITE;
/*!40000 ALTER TABLE `JBPM_SWIMLANE` DISABLE KEYS */;
/*!40000 ALTER TABLE `JBPM_SWIMLANE` ENABLE KEYS */;
UNLOCK TABLES;

--
-- Table structure for table `JBPM_SWIMLANEINSTANCE`
--

DROP TABLE IF EXISTS `JBPM_SWIMLANEINSTANCE`;
/*!40101 SET @saved_cs_client     = @@character_set_client */;
/*!40101 SET character_set_client = utf8 */;
CREATE TABLE `JBPM_SWIMLANEINSTANCE` (
  `ID_` bigint(20) NOT NULL AUTO_INCREMENT,
  `NAME_` varchar(255) DEFAULT NULL,
  `ACTORID_` varchar(255) DEFAULT NULL,
  `SWIMLANE_` bigint(20) DEFAULT NULL,
  `TASKMGMTINSTANCE_` bigint(20) DEFAULT NULL,
  PRIMARY KEY (`ID_`),
  KEY `FK_SWIMLANEINST_TM` (`TASKMGMTINSTANCE_`),
  KEY `FK_SWIMLANEINST_SL` (`SWIMLANE_`),
  CONSTRAINT `FK_SWIMLANEINST_SL` FOREIGN KEY (`SWIMLANE_`) REFERENCES `JBPM_SWIMLANE` (`ID_`),
  CONSTRAINT `FK_SWIMLANEINST_TM` FOREIGN KEY (`TASKMGMTINSTANCE_`) REFERENCES `JBPM_MODULEINSTANCE` (`ID_`)
) ENGINE=InnoDB DEFAULT CHARSET=latin1;
/*!40101 SET character_set_client = @saved_cs_client */;

--
-- Dumping data for table `JBPM_SWIMLANEINSTANCE`
--

LOCK TABLES `JBPM_SWIMLANEINSTANCE` WRITE;
/*!40000 ALTER TABLE `JBPM_SWIMLANEINSTANCE` DISABLE KEYS */;
/*!40000 ALTER TABLE `JBPM_SWIMLANEINSTANCE` ENABLE KEYS */;
UNLOCK TABLES;

--
-- Table structure for table `JBPM_TASK`
--

DROP TABLE IF EXISTS `JBPM_TASK`;
/*!40101 SET @saved_cs_client     = @@character_set_client */;
/*!40101 SET character_set_client = utf8 */;
CREATE TABLE `JBPM_TASK` (
  `ID_` bigint(20) NOT NULL AUTO_INCREMENT,
  `NAME_` varchar(255) DEFAULT NULL,
  `PROCESSDEFINITION_` bigint(20) DEFAULT NULL,
  `DESCRIPTION_` longtext,
  `ISBLOCKING_` bit(1) DEFAULT NULL,
  `ISSIGNALLING_` bit(1) DEFAULT NULL,
  `DUEDATE_` varchar(255) DEFAULT NULL,
  `ACTORIDEXPRESSION_` varchar(255) DEFAULT NULL,
  `POOLEDACTORSEXPRESSION_` varchar(255) DEFAULT NULL,
  `TASKMGMTDEFINITION_` bigint(20) DEFAULT NULL,
  `TASKNODE_` bigint(20) DEFAULT NULL,
  `STARTSTATE_` bigint(20) DEFAULT NULL,
  `ASSIGNMENTDELEGATION_` bigint(20) DEFAULT NULL,
  `SWIMLANE_` bigint(20) DEFAULT NULL,
  `TASKCONTROLLER_` bigint(20) DEFAULT NULL,
  PRIMARY KEY (`ID_`),
  KEY `FK_TASK_STARTST` (`STARTSTATE_`),
  KEY `FK_TASK_PROCDEF` (`PROCESSDEFINITION_`),
  KEY `FK_TASK_ASSDEL` (`ASSIGNMENTDELEGATION_`),
  KEY `FK_TASK_SWIMLANE` (`SWIMLANE_`),
  KEY `FK_TASK_TASKNODE` (`TASKNODE_`),
  KEY `FK_TASK_TASKMGTDEF` (`TASKMGMTDEFINITION_`),
  KEY `FK_TSK_TSKCTRL` (`TASKCONTROLLER_`),
  CONSTRAINT `FK_TASK_ASSDEL` FOREIGN KEY (`ASSIGNMENTDELEGATION_`) REFERENCES `JBPM_DELEGATION` (`ID_`),
  CONSTRAINT `FK_TASK_PROCDEF` FOREIGN KEY (`PROCESSDEFINITION_`) REFERENCES `JBPM_PROCESSDEFINITION` (`ID_`),
  CONSTRAINT `FK_TASK_STARTST` FOREIGN KEY (`STARTSTATE_`) REFERENCES `JBPM_NODE` (`ID_`),
  CONSTRAINT `FK_TASK_SWIMLANE` FOREIGN KEY (`SWIMLANE_`) REFERENCES `JBPM_SWIMLANE` (`ID_`),
  CONSTRAINT `FK_TASK_TASKMGTDEF` FOREIGN KEY (`TASKMGMTDEFINITION_`) REFERENCES `JBPM_MODULEDEFINITION` (`ID_`),
  CONSTRAINT `FK_TASK_TASKNODE` FOREIGN KEY (`TASKNODE_`) REFERENCES `JBPM_NODE` (`ID_`),
  CONSTRAINT `FK_TSK_TSKCTRL` FOREIGN KEY (`TASKCONTROLLER_`) REFERENCES `JBPM_TASKCONTROLLER` (`ID_`)
) ENGINE=InnoDB DEFAULT CHARSET=latin1;
/*!40101 SET character_set_client = @saved_cs_client */;

--
-- Dumping data for table `JBPM_TASK`
--

LOCK TABLES `JBPM_TASK` WRITE;
/*!40000 ALTER TABLE `JBPM_TASK` DISABLE KEYS */;
/*!40000 ALTER TABLE `JBPM_TASK` ENABLE KEYS */;
UNLOCK TABLES;

--
-- Table structure for table `JBPM_TASKACTORPOOL`
--

DROP TABLE IF EXISTS `JBPM_TASKACTORPOOL`;
/*!40101 SET @saved_cs_client     = @@character_set_client */;
/*!40101 SET character_set_client = utf8 */;
CREATE TABLE `JBPM_TASKACTORPOOL` (
  `TASKINSTANCE_` bigint(20) NOT NULL,
  `POOLEDACTOR_` bigint(20) NOT NULL,
  PRIMARY KEY (`TASKINSTANCE_`,`POOLEDACTOR_`),
  KEY `FK_TASKACTPL_TSKI` (`TASKINSTANCE_`),
  KEY `FK_TSKACTPOL_PLACT` (`POOLEDACTOR_`),
  CONSTRAINT `FK_TASKACTPL_TSKI` FOREIGN KEY (`TASKINSTANCE_`) REFERENCES `JBPM_TASKINSTANCE` (`ID_`),
  CONSTRAINT `FK_TSKACTPOL_PLACT` FOREIGN KEY (`POOLEDACTOR_`) REFERENCES `JBPM_POOLEDACTOR` (`ID_`)
) ENGINE=InnoDB DEFAULT CHARSET=latin1;
/*!40101 SET character_set_client = @saved_cs_client */;

--
-- Dumping data for table `JBPM_TASKACTORPOOL`
--

LOCK TABLES `JBPM_TASKACTORPOOL` WRITE;
/*!40000 ALTER TABLE `JBPM_TASKACTORPOOL` DISABLE KEYS */;
/*!40000 ALTER TABLE `JBPM_TASKACTORPOOL` ENABLE KEYS */;
UNLOCK TABLES;

--
-- Table structure for table `JBPM_TASKCONTROLLER`
--

DROP TABLE IF EXISTS `JBPM_TASKCONTROLLER`;
/*!40101 SET @saved_cs_client     = @@character_set_client */;
/*!40101 SET character_set_client = utf8 */;
CREATE TABLE `JBPM_TASKCONTROLLER` (
  `ID_` bigint(20) NOT NULL AUTO_INCREMENT,
  `TASKCONTROLLERDELEGATION_` bigint(20) DEFAULT NULL,
  PRIMARY KEY (`ID_`),
  KEY `FK_TSKCTRL_DELEG` (`TASKCONTROLLERDELEGATION_`),
  CONSTRAINT `FK_TSKCTRL_DELEG` FOREIGN KEY (`TASKCONTROLLERDELEGATION_`) REFERENCES `JBPM_DELEGATION` (`ID_`)
) ENGINE=InnoDB DEFAULT CHARSET=latin1;
/*!40101 SET character_set_client = @saved_cs_client */;

--
-- Dumping data for table `JBPM_TASKCONTROLLER`
--

LOCK TABLES `JBPM_TASKCONTROLLER` WRITE;
/*!40000 ALTER TABLE `JBPM_TASKCONTROLLER` DISABLE KEYS */;
/*!40000 ALTER TABLE `JBPM_TASKCONTROLLER` ENABLE KEYS */;
UNLOCK TABLES;

--
-- Table structure for table `JBPM_TASKINSTANCE`
--

DROP TABLE IF EXISTS `JBPM_TASKINSTANCE`;
/*!40101 SET @saved_cs_client     = @@character_set_client */;
/*!40101 SET character_set_client = utf8 */;
CREATE TABLE `JBPM_TASKINSTANCE` (
  `ID_` bigint(20) NOT NULL AUTO_INCREMENT,
  `CLASS_` char(1) NOT NULL,
  `NAME_` varchar(255) DEFAULT NULL,
  `DESCRIPTION_` longtext,
  `ACTORID_` varchar(255) DEFAULT NULL,
  `CREATE_` datetime DEFAULT NULL,
  `START_` datetime DEFAULT NULL,
  `END_` datetime DEFAULT NULL,
  `DUEDATE_` datetime DEFAULT NULL,
  `PRIORITY_` int(11) DEFAULT NULL,
  `ISCANCELLED_` bit(1) DEFAULT NULL,
  `ISSUSPENDED_` bit(1) DEFAULT NULL,
  `ISOPEN_` bit(1) DEFAULT NULL,
  `ISSIGNALLING_` bit(1) DEFAULT NULL,
  `ISBLOCKING_` bit(1) DEFAULT NULL,
  `TASK_` bigint(20) DEFAULT NULL,
  `TOKEN_` bigint(20) DEFAULT NULL,
  `SWIMLANINSTANCE_` bigint(20) DEFAULT NULL,
  `TASKMGMTINSTANCE_` bigint(20) DEFAULT NULL,
  PRIMARY KEY (`ID_`),
  KEY `IDX_TASK_ACTORID` (`ACTORID_`),
  KEY `FK_TASKINST_TMINST` (`TASKMGMTINSTANCE_`),
  KEY `FK_TASKINST_TOKEN` (`TOKEN_`),
  KEY `FK_TASKINST_SLINST` (`SWIMLANINSTANCE_`),
  KEY `FK_TASKINST_TASK` (`TASK_`),
  CONSTRAINT `FK_TASKINST_SLINST` FOREIGN KEY (`SWIMLANINSTANCE_`) REFERENCES `JBPM_SWIMLANEINSTANCE` (`ID_`),
  CONSTRAINT `FK_TASKINST_TASK` FOREIGN KEY (`TASK_`) REFERENCES `JBPM_TASK` (`ID_`),
  CONSTRAINT `FK_TASKINST_TMINST` FOREIGN KEY (`TASKMGMTINSTANCE_`) REFERENCES `JBPM_MODULEINSTANCE` (`ID_`),
  CONSTRAINT `FK_TASKINST_TOKEN` FOREIGN KEY (`TOKEN_`) REFERENCES `JBPM_TOKEN` (`ID_`)
) ENGINE=InnoDB DEFAULT CHARSET=latin1;
/*!40101 SET character_set_client = @saved_cs_client */;

--
-- Dumping data for table `JBPM_TASKINSTANCE`
--

LOCK TABLES `JBPM_TASKINSTANCE` WRITE;
/*!40000 ALTER TABLE `JBPM_TASKINSTANCE` DISABLE KEYS */;
/*!40000 ALTER TABLE `JBPM_TASKINSTANCE` ENABLE KEYS */;
UNLOCK TABLES;

--
-- Table structure for table `JBPM_TIMER`
--

DROP TABLE IF EXISTS `JBPM_TIMER`;
/*!40101 SET @saved_cs_client     = @@character_set_client */;
/*!40101 SET character_set_client = utf8 */;
CREATE TABLE `JBPM_TIMER` (
  `ID_` bigint(20) NOT NULL AUTO_INCREMENT,
  `NAME_` varchar(255) DEFAULT NULL,
  `DUEDATE_` datetime DEFAULT NULL,
  `REPEAT_` varchar(255) DEFAULT NULL,
  `TRANSITIONNAME_` varchar(255) DEFAULT NULL,
  `EXCEPTION_` longtext,
  `ISSUSPENDED_` bit(1) DEFAULT NULL,
  `ACTION_` bigint(20) DEFAULT NULL,
  `TOKEN_` bigint(20) DEFAULT NULL,
  `PROCESSINSTANCE_` bigint(20) DEFAULT NULL,
  `TASKINSTANCE_` bigint(20) DEFAULT NULL,
  `GRAPHELEMENTTYPE_` varchar(255) DEFAULT NULL,
  `GRAPHELEMENT_` bigint(20) DEFAULT NULL,
  PRIMARY KEY (`ID_`),
  KEY `FK_TIMER_PRINST` (`PROCESSINSTANCE_`),
  KEY `FK_TIMER_TOKEN` (`TOKEN_`),
  KEY `FK_TIMER_ACTION` (`ACTION_`),
  KEY `FK_TIMER_TSKINST` (`TASKINSTANCE_`),
  CONSTRAINT `FK_TIMER_ACTION` FOREIGN KEY (`ACTION_`) REFERENCES `JBPM_ACTION` (`ID_`),
  CONSTRAINT `FK_TIMER_PRINST` FOREIGN KEY (`PROCESSINSTANCE_`) REFERENCES `JBPM_PROCESSINSTANCE` (`ID_`),
  CONSTRAINT `FK_TIMER_TOKEN` FOREIGN KEY (`TOKEN_`) REFERENCES `JBPM_TOKEN` (`ID_`),
  CONSTRAINT `FK_TIMER_TSKINST` FOREIGN KEY (`TASKINSTANCE_`) REFERENCES `JBPM_TASKINSTANCE` (`ID_`)
) ENGINE=InnoDB DEFAULT CHARSET=latin1;
/*!40101 SET character_set_client = @saved_cs_client */;

--
-- Dumping data for table `JBPM_TIMER`
--

LOCK TABLES `JBPM_TIMER` WRITE;
/*!40000 ALTER TABLE `JBPM_TIMER` DISABLE KEYS */;
/*!40000 ALTER TABLE `JBPM_TIMER` ENABLE KEYS */;
UNLOCK TABLES;

--
-- Table structure for table `JBPM_TOKEN`
--

DROP TABLE IF EXISTS `JBPM_TOKEN`;
/*!40101 SET @saved_cs_client     = @@character_set_client */;
/*!40101 SET character_set_client = utf8 */;
CREATE TABLE `JBPM_TOKEN` (
  `ID_` bigint(20) NOT NULL AUTO_INCREMENT,
  `VERSION_` int(11) NOT NULL,
  `NAME_` varchar(255) DEFAULT NULL,
  `START_` datetime DEFAULT NULL,
  `END_` datetime DEFAULT NULL,
  `NODEENTER_` datetime DEFAULT NULL,
  `NEXTLOGINDEX_` int(11) DEFAULT NULL,
  `ISABLETOREACTIVATEPARENT_` bit(1) DEFAULT NULL,
  `ISTERMINATIONIMPLICIT_` bit(1) DEFAULT NULL,
  `ISSUSPENDED_` bit(1) DEFAULT NULL,
  `NODE_` bigint(20) DEFAULT NULL,
  `PROCESSINSTANCE_` bigint(20) DEFAULT NULL,
  `PARENT_` bigint(20) DEFAULT NULL,
  `SUBPROCESSINSTANCE_` bigint(20) DEFAULT NULL,
  PRIMARY KEY (`ID_`),
  KEY `FK_TOKEN_SUBPI` (`SUBPROCESSINSTANCE_`),
  KEY `FK_TOKEN_PROCINST` (`PROCESSINSTANCE_`),
  KEY `FK_TOKEN_NODE` (`NODE_`),
  KEY `FK_TOKEN_PARENT` (`PARENT_`),
  CONSTRAINT `FK_TOKEN_NODE` FOREIGN KEY (`NODE_`) REFERENCES `JBPM_NODE` (`ID_`),
  CONSTRAINT `FK_TOKEN_PARENT` FOREIGN KEY (`PARENT_`) REFERENCES `JBPM_TOKEN` (`ID_`),
  CONSTRAINT `FK_TOKEN_PROCINST` FOREIGN KEY (`PROCESSINSTANCE_`) REFERENCES `JBPM_PROCESSINSTANCE` (`ID_`),
  CONSTRAINT `FK_TOKEN_SUBPI` FOREIGN KEY (`SUBPROCESSINSTANCE_`) REFERENCES `JBPM_PROCESSINSTANCE` (`ID_`)
) ENGINE=InnoDB DEFAULT CHARSET=latin1;
/*!40101 SET character_set_client = @saved_cs_client */;

--
-- Dumping data for table `JBPM_TOKEN`
--

LOCK TABLES `JBPM_TOKEN` WRITE;
/*!40000 ALTER TABLE `JBPM_TOKEN` DISABLE KEYS */;
/*!40000 ALTER TABLE `JBPM_TOKEN` ENABLE KEYS */;
UNLOCK TABLES;

--
-- Table structure for table `JBPM_TOKENVARIABLEMAP`
--

DROP TABLE IF EXISTS `JBPM_TOKENVARIABLEMAP`;
/*!40101 SET @saved_cs_client     = @@character_set_client */;
/*!40101 SET character_set_client = utf8 */;
CREATE TABLE `JBPM_TOKENVARIABLEMAP` (
  `ID_` bigint(20) NOT NULL AUTO_INCREMENT,
  `TOKEN_` bigint(20) DEFAULT NULL,
  `CONTEXTINSTANCE_` bigint(20) DEFAULT NULL,
  PRIMARY KEY (`ID_`),
  KEY `FK_TKVARMAP_TOKEN` (`TOKEN_`),
  KEY `FK_TKVARMAP_CTXT` (`CONTEXTINSTANCE_`),
  CONSTRAINT `FK_TKVARMAP_CTXT` FOREIGN KEY (`CONTEXTINSTANCE_`) REFERENCES `JBPM_MODULEINSTANCE` (`ID_`),
  CONSTRAINT `FK_TKVARMAP_TOKEN` FOREIGN KEY (`TOKEN_`) REFERENCES `JBPM_TOKEN` (`ID_`)
) ENGINE=InnoDB DEFAULT CHARSET=latin1;
/*!40101 SET character_set_client = @saved_cs_client */;

--
-- Dumping data for table `JBPM_TOKENVARIABLEMAP`
--

LOCK TABLES `JBPM_TOKENVARIABLEMAP` WRITE;
/*!40000 ALTER TABLE `JBPM_TOKENVARIABLEMAP` DISABLE KEYS */;
/*!40000 ALTER TABLE `JBPM_TOKENVARIABLEMAP` ENABLE KEYS */;
UNLOCK TABLES;

--
-- Table structure for table `JBPM_TRANSITION`
--

DROP TABLE IF EXISTS `JBPM_TRANSITION`;
/*!40101 SET @saved_cs_client     = @@character_set_client */;
/*!40101 SET character_set_client = utf8 */;
CREATE TABLE `JBPM_TRANSITION` (
  `ID_` bigint(20) NOT NULL AUTO_INCREMENT,
  `NAME_` varchar(255) DEFAULT NULL,
  `PROCESSDEFINITION_` bigint(20) DEFAULT NULL,
  `FROM_` bigint(20) DEFAULT NULL,
  `TO_` bigint(20) DEFAULT NULL,
  `FROMINDEX_` int(11) DEFAULT NULL,
  PRIMARY KEY (`ID_`),
  KEY `FK_TRANSITION_FROM` (`FROM_`),
  KEY `FK_TRANS_PROCDEF` (`PROCESSDEFINITION_`),
  KEY `FK_TRANSITION_TO` (`TO_`),
  CONSTRAINT `FK_TRANSITION_FROM` FOREIGN KEY (`FROM_`) REFERENCES `JBPM_NODE` (`ID_`),
  CONSTRAINT `FK_TRANSITION_TO` FOREIGN KEY (`TO_`) REFERENCES `JBPM_NODE` (`ID_`),
  CONSTRAINT `FK_TRANS_PROCDEF` FOREIGN KEY (`PROCESSDEFINITION_`) REFERENCES `JBPM_PROCESSDEFINITION` (`ID_`)
) ENGINE=InnoDB DEFAULT CHARSET=latin1;
/*!40101 SET character_set_client = @saved_cs_client */;

--
-- Dumping data for table `JBPM_TRANSITION`
--

LOCK TABLES `JBPM_TRANSITION` WRITE;
/*!40000 ALTER TABLE `JBPM_TRANSITION` DISABLE KEYS */;
/*!40000 ALTER TABLE `JBPM_TRANSITION` ENABLE KEYS */;
UNLOCK TABLES;

--
-- Table structure for table `JBPM_VARIABLEACCESS`
--

DROP TABLE IF EXISTS `JBPM_VARIABLEACCESS`;
/*!40101 SET @saved_cs_client     = @@character_set_client */;
/*!40101 SET character_set_client = utf8 */;
CREATE TABLE `JBPM_VARIABLEACCESS` (
  `ID_` bigint(20) NOT NULL AUTO_INCREMENT,
  `VARIABLENAME_` varchar(255) DEFAULT NULL,
  `ACCESS_` varchar(255) DEFAULT NULL,
  `MAPPEDNAME_` varchar(255) DEFAULT NULL,
  `PROCESSSTATE_` bigint(20) DEFAULT NULL,
  `TASKCONTROLLER_` bigint(20) DEFAULT NULL,
  `INDEX_` int(11) DEFAULT NULL,
  `SCRIPT_` bigint(20) DEFAULT NULL,
  PRIMARY KEY (`ID_`),
  KEY `FK_VARACC_PROCST` (`PROCESSSTATE_`),
  KEY `FK_VARACC_SCRIPT` (`SCRIPT_`),
  KEY `FK_VARACC_TSKCTRL` (`TASKCONTROLLER_`),
  CONSTRAINT `FK_VARACC_PROCST` FOREIGN KEY (`PROCESSSTATE_`) REFERENCES `JBPM_NODE` (`ID_`),
  CONSTRAINT `FK_VARACC_SCRIPT` FOREIGN KEY (`SCRIPT_`) REFERENCES `JBPM_ACTION` (`ID_`),
  CONSTRAINT `FK_VARACC_TSKCTRL` FOREIGN KEY (`TASKCONTROLLER_`) REFERENCES `JBPM_TASKCONTROLLER` (`ID_`)
) ENGINE=InnoDB DEFAULT CHARSET=latin1;
/*!40101 SET character_set_client = @saved_cs_client */;

--
-- Dumping data for table `JBPM_VARIABLEACCESS`
--

LOCK TABLES `JBPM_VARIABLEACCESS` WRITE;
/*!40000 ALTER TABLE `JBPM_VARIABLEACCESS` DISABLE KEYS */;
/*!40000 ALTER TABLE `JBPM_VARIABLEACCESS` ENABLE KEYS */;
UNLOCK TABLES;

--
-- Table structure for table `JBPM_VARIABLEINSTANCE`
--

DROP TABLE IF EXISTS `JBPM_VARIABLEINSTANCE`;
/*!40101 SET @saved_cs_client     = @@character_set_client */;
/*!40101 SET character_set_client = utf8 */;
CREATE TABLE `JBPM_VARIABLEINSTANCE` (
  `ID_` bigint(20) NOT NULL AUTO_INCREMENT,
  `CLASS_` char(1) NOT NULL,
  `NAME_` varchar(255) DEFAULT NULL,
  `CONVERTER_` char(1) DEFAULT NULL,
  `TOKEN_` bigint(20) DEFAULT NULL,
  `TOKENVARIABLEMAP_` bigint(20) DEFAULT NULL,
  `PROCESSINSTANCE_` bigint(20) DEFAULT NULL,
  `BYTEARRAYVALUE_` bigint(20) DEFAULT NULL,
  `DATEVALUE_` datetime DEFAULT NULL,
  `DOUBLEVALUE_` double DEFAULT NULL,
  `LONGIDCLASS_` varchar(255) DEFAULT NULL,
  `LONGVALUE_` bigint(20) DEFAULT NULL,
  `STRINGIDCLASS_` varchar(255) DEFAULT NULL,
  `STRINGVALUE_` varchar(255) DEFAULT NULL,
  `TASKINSTANCE_` bigint(20) DEFAULT NULL,
  PRIMARY KEY (`ID_`),
  KEY `FK_VARINST_PRCINST` (`PROCESSINSTANCE_`),
  KEY `FK_VARINST_TKVARMP` (`TOKENVARIABLEMAP_`),
  KEY `FK_VARINST_TK` (`TOKEN_`),
  KEY `FK_BYTEINST_ARRAY` (`BYTEARRAYVALUE_`),
  KEY `FK_VAR_TSKINST` (`TASKINSTANCE_`),
  CONSTRAINT `FK_BYTEINST_ARRAY` FOREIGN KEY (`BYTEARRAYVALUE_`) REFERENCES `JBPM_BYTEARRAY` (`ID_`),
  CONSTRAINT `FK_VARINST_PRCINST` FOREIGN KEY (`PROCESSINSTANCE_`) REFERENCES `JBPM_PROCESSINSTANCE` (`ID_`),
  CONSTRAINT `FK_VARINST_TK` FOREIGN KEY (`TOKEN_`) REFERENCES `JBPM_TOKEN` (`ID_`),
  CONSTRAINT `FK_VARINST_TKVARMP` FOREIGN KEY (`TOKENVARIABLEMAP_`) REFERENCES `JBPM_TOKENVARIABLEMAP` (`ID_`),
  CONSTRAINT `FK_VAR_TSKINST` FOREIGN KEY (`TASKINSTANCE_`) REFERENCES `JBPM_TASKINSTANCE` (`ID_`)
) ENGINE=InnoDB DEFAULT CHARSET=latin1;
/*!40101 SET character_set_client = @saved_cs_client */;

--
-- Dumping data for table `JBPM_VARIABLEINSTANCE`
--

LOCK TABLES `JBPM_VARIABLEINSTANCE` WRITE;
/*!40000 ALTER TABLE `JBPM_VARIABLEINSTANCE` DISABLE KEYS */;
/*!40000 ALTER TABLE `JBPM_VARIABLEINSTANCE` ENABLE KEYS */;
UNLOCK TABLES;

--
-- Table structure for table `QRTZ_BLOB_TRIGGERS`
--

DROP TABLE IF EXISTS `QRTZ_BLOB_TRIGGERS`;
/*!40101 SET @saved_cs_client     = @@character_set_client */;
/*!40101 SET character_set_client = utf8 */;
CREATE TABLE `QRTZ_BLOB_TRIGGERS` (
  `TRIGGER_NAME` varchar(80) NOT NULL,
  `TRIGGER_GROUP` varchar(80) NOT NULL,
  `BLOB_DATA` blob,
  PRIMARY KEY (`TRIGGER_NAME`,`TRIGGER_GROUP`),
  KEY `TRIGGER_NAME` (`TRIGGER_NAME`,`TRIGGER_GROUP`),
  CONSTRAINT `QRTZ_BLOB_TRIGGERS_ibfk_1` FOREIGN KEY (`TRIGGER_NAME`, `TRIGGER_GROUP`) REFERENCES `QRTZ_TRIGGERS` (`TRIGGER_NAME`, `TRIGGER_GROUP`)
) ENGINE=InnoDB DEFAULT CHARSET=latin1;
/*!40101 SET character_set_client = @saved_cs_client */;

--
-- Dumping data for table `QRTZ_BLOB_TRIGGERS`
--

LOCK TABLES `QRTZ_BLOB_TRIGGERS` WRITE;
/*!40000 ALTER TABLE `QRTZ_BLOB_TRIGGERS` DISABLE KEYS */;
/*!40000 ALTER TABLE `QRTZ_BLOB_TRIGGERS` ENABLE KEYS */;
UNLOCK TABLES;

--
-- Table structure for table `QRTZ_CALENDARS`
--

DROP TABLE IF EXISTS `QRTZ_CALENDARS`;
/*!40101 SET @saved_cs_client     = @@character_set_client */;
/*!40101 SET character_set_client = utf8 */;
CREATE TABLE `QRTZ_CALENDARS` (
  `CALENDAR_NAME` varchar(80) NOT NULL,
  `CALENDAR` blob NOT NULL,
  PRIMARY KEY (`CALENDAR_NAME`)
) ENGINE=InnoDB DEFAULT CHARSET=latin1;
/*!40101 SET character_set_client = @saved_cs_client */;

--
-- Dumping data for table `QRTZ_CALENDARS`
--

LOCK TABLES `QRTZ_CALENDARS` WRITE;
/*!40000 ALTER TABLE `QRTZ_CALENDARS` DISABLE KEYS */;
/*!40000 ALTER TABLE `QRTZ_CALENDARS` ENABLE KEYS */;
UNLOCK TABLES;

--
-- Table structure for table `QRTZ_CRON_TRIGGERS`
--

DROP TABLE IF EXISTS `QRTZ_CRON_TRIGGERS`;
/*!40101 SET @saved_cs_client     = @@character_set_client */;
/*!40101 SET character_set_client = utf8 */;
CREATE TABLE `QRTZ_CRON_TRIGGERS` (
  `TRIGGER_NAME` varchar(80) NOT NULL,
  `TRIGGER_GROUP` varchar(80) NOT NULL,
  `CRON_EXPRESSION` varchar(80) NOT NULL,
  `TIME_ZONE_ID` varchar(80) DEFAULT NULL,
  PRIMARY KEY (`TRIGGER_NAME`,`TRIGGER_GROUP`),
  KEY `TRIGGER_NAME` (`TRIGGER_NAME`,`TRIGGER_GROUP`),
  CONSTRAINT `QRTZ_CRON_TRIGGERS_ibfk_1` FOREIGN KEY (`TRIGGER_NAME`, `TRIGGER_GROUP`) REFERENCES `QRTZ_TRIGGERS` (`TRIGGER_NAME`, `TRIGGER_GROUP`)
) ENGINE=InnoDB DEFAULT CHARSET=latin1;
/*!40101 SET character_set_client = @saved_cs_client */;

--
-- Dumping data for table `QRTZ_CRON_TRIGGERS`
--

LOCK TABLES `QRTZ_CRON_TRIGGERS` WRITE;
/*!40000 ALTER TABLE `QRTZ_CRON_TRIGGERS` DISABLE KEYS */;
INSERT INTO `QRTZ_CRON_TRIGGERS` VALUES ('schedule_uuid_545bfa80-94df-11e5-8a85-fbb60c43a8f2','DEFAULT','0 0/5 * * * ? *','Etc/UTC');
/*!40000 ALTER TABLE `QRTZ_CRON_TRIGGERS` ENABLE KEYS */;
UNLOCK TABLES;

--
-- Table structure for table `QRTZ_FIRED_TRIGGERS`
--

DROP TABLE IF EXISTS `QRTZ_FIRED_TRIGGERS`;
/*!40101 SET @saved_cs_client     = @@character_set_client */;
/*!40101 SET character_set_client = utf8 */;
CREATE TABLE `QRTZ_FIRED_TRIGGERS` (
  `ENTRY_ID` varchar(95) NOT NULL,
  `TRIGGER_NAME` varchar(80) NOT NULL,
  `TRIGGER_GROUP` varchar(80) NOT NULL,
  `IS_VOLATILE` varchar(1) NOT NULL,
  `INSTANCE_NAME` varchar(80) NOT NULL,
  `FIRED_TIME` bigint(13) NOT NULL,
  `PRIORITY` int(11) NOT NULL,
  `STATE` varchar(16) NOT NULL,
  `JOB_NAME` varchar(80) DEFAULT NULL,
  `JOB_GROUP` varchar(80) DEFAULT NULL,
  `IS_STATEFUL` varchar(1) DEFAULT NULL,
  `REQUESTS_RECOVERY` varchar(1) DEFAULT NULL,
  PRIMARY KEY (`ENTRY_ID`)
) ENGINE=InnoDB DEFAULT CHARSET=latin1;
/*!40101 SET character_set_client = @saved_cs_client */;

--
-- Dumping data for table `QRTZ_FIRED_TRIGGERS`
--

LOCK TABLES `QRTZ_FIRED_TRIGGERS` WRITE;
/*!40000 ALTER TABLE `QRTZ_FIRED_TRIGGERS` DISABLE KEYS */;
/*!40000 ALTER TABLE `QRTZ_FIRED_TRIGGERS` ENABLE KEYS */;
UNLOCK TABLES;

--
-- Table structure for table `QRTZ_JOB_DETAILS`
--

DROP TABLE IF EXISTS `QRTZ_JOB_DETAILS`;
/*!40101 SET @saved_cs_client     = @@character_set_client */;
/*!40101 SET character_set_client = utf8 */;
CREATE TABLE `QRTZ_JOB_DETAILS` (
  `JOB_NAME` varchar(80) NOT NULL,
  `JOB_GROUP` varchar(80) NOT NULL,
  `DESCRIPTION` varchar(120) DEFAULT NULL,
  `JOB_CLASS_NAME` varchar(128) NOT NULL,
  `IS_DURABLE` varchar(1) NOT NULL,
  `IS_VOLATILE` varchar(1) NOT NULL,
  `IS_STATEFUL` varchar(1) NOT NULL,
  `REQUESTS_RECOVERY` varchar(1) NOT NULL,
  `JOB_DATA` blob,
  PRIMARY KEY (`JOB_NAME`,`JOB_GROUP`)
) ENGINE=InnoDB DEFAULT CHARSET=latin1;
/*!40101 SET character_set_client = @saved_cs_client */;

--
-- Dumping data for table `QRTZ_JOB_DETAILS`
--

LOCK TABLES `QRTZ_JOB_DETAILS` WRITE;
/*!40000 ALTER TABLE `QRTZ_JOB_DETAILS` DISABLE KEYS */;
INSERT INTO `QRTZ_JOB_DETAILS` VALUES ('AlarmInspectorJob','SPAGOBI/AlarmInspectorJob','AlarmInspectorJob','it.eng.spagobi.kpi.alarm.service.AlarmInspectorJob','1','0','0','1','¬\í\0sr\0org.quartz.JobDataMapŸ°ƒè¿©°\Ë\0\0xr\0&org.quartz.utils.StringKeyDirtyFlagMap‚\è\Ãû\Å](\0Z\0allowsTransientDataxr\0org.quartz.utils.DirtyFlagMap\æ.­(v\n\Î\0Z\0dirtyL\0mapt\0Ljava/util/Map;xp\0sr\0java.util.HashMap\ÚÁ\Ã`\Ñ\0F\0\nloadFactorI\0	thresholdxp?@\0\0\0\0\0w\0\0\0\0\0\0\0x\0'),('CleanCacheJob','SPAGOBI/CleanCacheJob','CleanCacheJob','it.eng.spagobi.tools.scheduler.jobs.CleanCacheJob','1','0','0','1','¬\í\0sr\0org.quartz.JobDataMapŸ°ƒè¿©°\Ë\0\0xr\0&org.quartz.utils.StringKeyDirtyFlagMap‚\è\Ãû\Å](\0Z\0allowsTransientDataxr\0org.quartz.utils.DirtyFlagMap\æ.­(v\n\Î\0Z\0dirtyL\0mapt\0Ljava/util/Map;xp\0sr\0java.util.HashMap\ÚÁ\Ã`\Ñ\0F\0\nloadFactorI\0	thresholdxp?@\0\0\0\0\0w\0\0\0\0\0\0\0x\0');
/*!40000 ALTER TABLE `QRTZ_JOB_DETAILS` ENABLE KEYS */;
UNLOCK TABLES;

--
-- Table structure for table `QRTZ_JOB_LISTENERS`
--

DROP TABLE IF EXISTS `QRTZ_JOB_LISTENERS`;
/*!40101 SET @saved_cs_client     = @@character_set_client */;
/*!40101 SET character_set_client = utf8 */;
CREATE TABLE `QRTZ_JOB_LISTENERS` (
  `JOB_NAME` varchar(80) NOT NULL,
  `JOB_GROUP` varchar(80) NOT NULL,
  `JOB_LISTENER` varchar(80) NOT NULL,
  PRIMARY KEY (`JOB_NAME`,`JOB_GROUP`,`JOB_LISTENER`),
  KEY `JOB_NAME` (`JOB_NAME`,`JOB_GROUP`),
  CONSTRAINT `QRTZ_JOB_LISTENERS_ibfk_1` FOREIGN KEY (`JOB_NAME`, `JOB_GROUP`) REFERENCES `QRTZ_JOB_DETAILS` (`JOB_NAME`, `JOB_GROUP`)
) ENGINE=InnoDB DEFAULT CHARSET=latin1;
/*!40101 SET character_set_client = @saved_cs_client */;

--
-- Dumping data for table `QRTZ_JOB_LISTENERS`
--

LOCK TABLES `QRTZ_JOB_LISTENERS` WRITE;
/*!40000 ALTER TABLE `QRTZ_JOB_LISTENERS` DISABLE KEYS */;
/*!40000 ALTER TABLE `QRTZ_JOB_LISTENERS` ENABLE KEYS */;
UNLOCK TABLES;

--
-- Table structure for table `QRTZ_LOCKS`
--

DROP TABLE IF EXISTS `QRTZ_LOCKS`;
/*!40101 SET @saved_cs_client     = @@character_set_client */;
/*!40101 SET character_set_client = utf8 */;
CREATE TABLE `QRTZ_LOCKS` (
  `LOCK_NAME` varchar(40) NOT NULL,
  PRIMARY KEY (`LOCK_NAME`)
) ENGINE=InnoDB DEFAULT CHARSET=latin1;
/*!40101 SET character_set_client = @saved_cs_client */;

--
-- Dumping data for table `QRTZ_LOCKS`
--

LOCK TABLES `QRTZ_LOCKS` WRITE;
/*!40000 ALTER TABLE `QRTZ_LOCKS` DISABLE KEYS */;
INSERT INTO `QRTZ_LOCKS` VALUES ('CALENDAR_ACCESS'),('JOB_ACCESS'),('MISFIRE_ACCESS'),('STATE_ACCESS'),('TRIGGER_ACCESS');
/*!40000 ALTER TABLE `QRTZ_LOCKS` ENABLE KEYS */;
UNLOCK TABLES;

--
-- Table structure for table `QRTZ_PAUSED_TRIGGER_GRPS`
--

DROP TABLE IF EXISTS `QRTZ_PAUSED_TRIGGER_GRPS`;
/*!40101 SET @saved_cs_client     = @@character_set_client */;
/*!40101 SET character_set_client = utf8 */;
CREATE TABLE `QRTZ_PAUSED_TRIGGER_GRPS` (
  `TRIGGER_GROUP` varchar(80) NOT NULL,
  PRIMARY KEY (`TRIGGER_GROUP`)
) ENGINE=InnoDB DEFAULT CHARSET=latin1;
/*!40101 SET character_set_client = @saved_cs_client */;

--
-- Dumping data for table `QRTZ_PAUSED_TRIGGER_GRPS`
--

LOCK TABLES `QRTZ_PAUSED_TRIGGER_GRPS` WRITE;
/*!40000 ALTER TABLE `QRTZ_PAUSED_TRIGGER_GRPS` DISABLE KEYS */;
/*!40000 ALTER TABLE `QRTZ_PAUSED_TRIGGER_GRPS` ENABLE KEYS */;
UNLOCK TABLES;

--
-- Table structure for table `QRTZ_SCHEDULER_STATE`
--

DROP TABLE IF EXISTS `QRTZ_SCHEDULER_STATE`;
/*!40101 SET @saved_cs_client     = @@character_set_client */;
/*!40101 SET character_set_client = utf8 */;
CREATE TABLE `QRTZ_SCHEDULER_STATE` (
  `INSTANCE_NAME` varchar(80) NOT NULL,
  `LAST_CHECKIN_TIME` bigint(13) NOT NULL,
  `CHECKIN_INTERVAL` bigint(13) NOT NULL,
  PRIMARY KEY (`INSTANCE_NAME`)
) ENGINE=InnoDB DEFAULT CHARSET=latin1;
/*!40101 SET character_set_client = @saved_cs_client */;

--
-- Dumping data for table `QRTZ_SCHEDULER_STATE`
--

LOCK TABLES `QRTZ_SCHEDULER_STATE` WRITE;
/*!40000 ALTER TABLE `QRTZ_SCHEDULER_STATE` DISABLE KEYS */;
/*!40000 ALTER TABLE `QRTZ_SCHEDULER_STATE` ENABLE KEYS */;
UNLOCK TABLES;

--
-- Table structure for table `QRTZ_SIMPLE_TRIGGERS`
--

DROP TABLE IF EXISTS `QRTZ_SIMPLE_TRIGGERS`;
/*!40101 SET @saved_cs_client     = @@character_set_client */;
/*!40101 SET character_set_client = utf8 */;
CREATE TABLE `QRTZ_SIMPLE_TRIGGERS` (
  `TRIGGER_NAME` varchar(80) NOT NULL,
  `TRIGGER_GROUP` varchar(80) NOT NULL,
  `REPEAT_COUNT` bigint(7) NOT NULL,
  `REPEAT_INTERVAL` bigint(12) NOT NULL,
  `TIMES_TRIGGERED` bigint(7) NOT NULL,
  PRIMARY KEY (`TRIGGER_NAME`,`TRIGGER_GROUP`),
  KEY `TRIGGER_NAME` (`TRIGGER_NAME`,`TRIGGER_GROUP`),
  CONSTRAINT `QRTZ_SIMPLE_TRIGGERS_ibfk_1` FOREIGN KEY (`TRIGGER_NAME`, `TRIGGER_GROUP`) REFERENCES `QRTZ_TRIGGERS` (`TRIGGER_NAME`, `TRIGGER_GROUP`)
) ENGINE=InnoDB DEFAULT CHARSET=latin1;
/*!40101 SET character_set_client = @saved_cs_client */;

--
-- Dumping data for table `QRTZ_SIMPLE_TRIGGERS`
--

LOCK TABLES `QRTZ_SIMPLE_TRIGGERS` WRITE;
/*!40000 ALTER TABLE `QRTZ_SIMPLE_TRIGGERS` DISABLE KEYS */;
/*!40000 ALTER TABLE `QRTZ_SIMPLE_TRIGGERS` ENABLE KEYS */;
UNLOCK TABLES;

--
-- Table structure for table `QRTZ_TRIGGERS`
--

DROP TABLE IF EXISTS `QRTZ_TRIGGERS`;
/*!40101 SET @saved_cs_client     = @@character_set_client */;
/*!40101 SET character_set_client = utf8 */;
CREATE TABLE `QRTZ_TRIGGERS` (
  `TRIGGER_NAME` varchar(80) NOT NULL,
  `TRIGGER_GROUP` varchar(80) NOT NULL,
  `JOB_NAME` varchar(80) NOT NULL,
  `JOB_GROUP` varchar(80) NOT NULL,
  `IS_VOLATILE` varchar(1) NOT NULL,
  `DESCRIPTION` varchar(120) DEFAULT NULL,
  `NEXT_FIRE_TIME` bigint(13) DEFAULT NULL,
  `PREV_FIRE_TIME` bigint(13) DEFAULT NULL,
  `PRIORITY` int(11) DEFAULT NULL,
  `TRIGGER_STATE` varchar(16) NOT NULL,
  `TRIGGER_TYPE` varchar(8) NOT NULL,
  `START_TIME` bigint(13) NOT NULL,
  `END_TIME` bigint(13) DEFAULT NULL,
  `CALENDAR_NAME` varchar(80) DEFAULT NULL,
  `MISFIRE_INSTR` smallint(2) DEFAULT NULL,
  `JOB_DATA` blob,
  PRIMARY KEY (`TRIGGER_NAME`,`TRIGGER_GROUP`),
  KEY `JOB_NAME` (`JOB_NAME`,`JOB_GROUP`),
  CONSTRAINT `QRTZ_TRIGGERS_ibfk_1` FOREIGN KEY (`JOB_NAME`, `JOB_GROUP`) REFERENCES `QRTZ_JOB_DETAILS` (`JOB_NAME`, `JOB_GROUP`)
) ENGINE=InnoDB DEFAULT CHARSET=latin1;
/*!40101 SET character_set_client = @saved_cs_client */;

--
-- Dumping data for table `QRTZ_TRIGGERS`
--

LOCK TABLES `QRTZ_TRIGGERS` WRITE;
/*!40000 ALTER TABLE `QRTZ_TRIGGERS` DISABLE KEYS */;
INSERT INTO `QRTZ_TRIGGERS` VALUES ('schedule_uuid_545bfa80-94df-11e5-8a85-fbb60c43a8f2','DEFAULT','AlarmInspectorJob','SPAGOBI/AlarmInspectorJob','0',NULL,1448614500000,1448614200000,5,'WAITING','CRON',1325376000000,0,NULL,0,'¬\í\0sr\0org.quartz.JobDataMapŸ°ƒè¿©°\Ë\0\0xr\0&org.quartz.utils.StringKeyDirtyFlagMap‚\è\Ãû\Å](\0Z\0allowsTransientDataxr\0org.quartz.utils.DirtyFlagMap\æ.­(v\n\Î\0Z\0dirtyL\0mapt\0Ljava/util/Map;xpsr\0java.util.HashMap\ÚÁ\Ã`\Ñ\0F\0\nloadFactorI\0	thresholdxp?@\0\0\0\0\0w\0\0\0\0\0\0t\0spagoBIcronExpressiont\0minute{numRepetition=5}x\0');
/*!40000 ALTER TABLE `QRTZ_TRIGGERS` ENABLE KEYS */;
UNLOCK TABLES;

--
-- Table structure for table `QRTZ_TRIGGER_LISTENERS`
--

DROP TABLE IF EXISTS `QRTZ_TRIGGER_LISTENERS`;
/*!40101 SET @saved_cs_client     = @@character_set_client */;
/*!40101 SET character_set_client = utf8 */;
CREATE TABLE `QRTZ_TRIGGER_LISTENERS` (
  `TRIGGER_NAME` varchar(80) NOT NULL,
  `TRIGGER_GROUP` varchar(80) NOT NULL,
  `TRIGGER_LISTENER` varchar(80) NOT NULL,
  PRIMARY KEY (`TRIGGER_NAME`,`TRIGGER_GROUP`,`TRIGGER_LISTENER`),
  KEY `TRIGGER_NAME` (`TRIGGER_NAME`,`TRIGGER_GROUP`),
  CONSTRAINT `QRTZ_TRIGGER_LISTENERS_ibfk_1` FOREIGN KEY (`TRIGGER_NAME`, `TRIGGER_GROUP`) REFERENCES `QRTZ_TRIGGERS` (`TRIGGER_NAME`, `TRIGGER_GROUP`)
) ENGINE=InnoDB DEFAULT CHARSET=latin1;
/*!40101 SET character_set_client = @saved_cs_client */;

--
-- Dumping data for table `QRTZ_TRIGGER_LISTENERS`
--

LOCK TABLES `QRTZ_TRIGGER_LISTENERS` WRITE;
/*!40000 ALTER TABLE `QRTZ_TRIGGER_LISTENERS` DISABLE KEYS */;
/*!40000 ALTER TABLE `QRTZ_TRIGGER_LISTENERS` ENABLE KEYS */;
UNLOCK TABLES;

--
-- Table structure for table `SBI_ACTIVITY_MONITORING`
--

DROP TABLE IF EXISTS `SBI_ACTIVITY_MONITORING`;
/*!40101 SET @saved_cs_client     = @@character_set_client */;
/*!40101 SET character_set_client = utf8 */;
CREATE TABLE `SBI_ACTIVITY_MONITORING` (
  `ID` int(10) unsigned NOT NULL,
  `ACTION_TIME` timestamp NULL DEFAULT NULL,
  `USERNAME` varchar(40) NOT NULL,
  `USERGROUP` varchar(400) DEFAULT NULL,
  `LOG_LEVEL` varchar(10) DEFAULT NULL,
  `ACTION_CODE` varchar(45) NOT NULL,
  `INFO` varchar(400) DEFAULT NULL,
  PRIMARY KEY (`ID`)
) ENGINE=InnoDB DEFAULT CHARSET=latin1;
/*!40101 SET character_set_client = @saved_cs_client */;

--
-- Dumping data for table `SBI_ACTIVITY_MONITORING`
--

LOCK TABLES `SBI_ACTIVITY_MONITORING` WRITE;
/*!40000 ALTER TABLE `SBI_ACTIVITY_MONITORING` DISABLE KEYS */;
/*!40000 ALTER TABLE `SBI_ACTIVITY_MONITORING` ENABLE KEYS */;
UNLOCK TABLES;

--
-- Table structure for table `SBI_ALARM`
--

DROP TABLE IF EXISTS `SBI_ALARM`;
/*!40101 SET @saved_cs_client     = @@character_set_client */;
/*!40101 SET character_set_client = utf8 */;
CREATE TABLE `SBI_ALARM` (
  `ALARM_ID` int(11) NOT NULL,
  `ID_KPI_INSTANCE` int(11) DEFAULT NULL,
  `MODALITY_ID` int(11) NOT NULL,
  `DOCUMENT_ID` int(11) DEFAULT NULL,
  `LABEL` varchar(50) NOT NULL,
  `NAME` varchar(50) DEFAULT NULL,
  `DESCR` varchar(200) DEFAULT NULL,
  `TEXT` varchar(1000) DEFAULT NULL,
  `URL` varchar(20) DEFAULT NULL,
  `SINGLE_EVENT` char(1) DEFAULT NULL,
  `AUTO_DISABLED` char(1) DEFAULT NULL,
  `ID_THRESHOLD_VALUE` int(11) DEFAULT NULL,
  `USER_IN` varchar(100) NOT NULL,
  `USER_UP` varchar(100) DEFAULT NULL,
  `USER_DE` varchar(100) DEFAULT NULL,
  `TIME_IN` timestamp NOT NULL,
  `TIME_UP` timestamp NULL DEFAULT NULL,
  `TIME_DE` timestamp NULL DEFAULT NULL,
  `SBI_VERSION_IN` varchar(10) DEFAULT NULL,
  `SBI_VERSION_UP` varchar(10) DEFAULT NULL,
  `SBI_VERSION_DE` varchar(10) DEFAULT NULL,
  `META_VERSION` varchar(100) DEFAULT NULL,
  `ORGANIZATION` varchar(20) DEFAULT NULL,
  PRIMARY KEY (`ALARM_ID`),
  UNIQUE KEY `XIF1SBI_ALARM` (`LABEL`,`ORGANIZATION`),
  KEY `FK_SBI_ALARM_1` (`MODALITY_ID`),
  KEY `FK_SBI_ALARM_2` (`DOCUMENT_ID`),
  KEY `FK_SBI_ALARM_3` (`ID_KPI_INSTANCE`),
  KEY `FK_SBI_ALARM_4` (`ID_THRESHOLD_VALUE`),
  CONSTRAINT `FK_SBI_ALARM_1` FOREIGN KEY (`MODALITY_ID`) REFERENCES `SBI_DOMAINS` (`VALUE_ID`),
  CONSTRAINT `FK_SBI_ALARM_2` FOREIGN KEY (`DOCUMENT_ID`) REFERENCES `SBI_OBJECTS` (`BIOBJ_ID`),
  CONSTRAINT `FK_SBI_ALARM_3` FOREIGN KEY (`ID_KPI_INSTANCE`) REFERENCES `SBI_KPI_INSTANCE` (`ID_KPI_INSTANCE`),
  CONSTRAINT `FK_SBI_ALARM_4` FOREIGN KEY (`ID_THRESHOLD_VALUE`) REFERENCES `SBI_THRESHOLD_VALUE` (`ID_THRESHOLD_VALUE`)
) ENGINE=InnoDB DEFAULT CHARSET=latin1;
/*!40101 SET character_set_client = @saved_cs_client */;

--
-- Dumping data for table `SBI_ALARM`
--

LOCK TABLES `SBI_ALARM` WRITE;
/*!40000 ALTER TABLE `SBI_ALARM` DISABLE KEYS */;
/*!40000 ALTER TABLE `SBI_ALARM` ENABLE KEYS */;
UNLOCK TABLES;

--
-- Table structure for table `SBI_ALARM_CONTACT`
--

DROP TABLE IF EXISTS `SBI_ALARM_CONTACT`;
/*!40101 SET @saved_cs_client     = @@character_set_client */;
/*!40101 SET character_set_client = utf8 */;
CREATE TABLE `SBI_ALARM_CONTACT` (
  `ALARM_CONTACT_ID` int(11) NOT NULL,
  `NAME` varchar(100) NOT NULL,
  `EMAIL` varchar(100) DEFAULT NULL,
  `MOBILE` varchar(50) DEFAULT NULL,
  `RESOURCES` varchar(200) DEFAULT NULL,
  `USER_IN` varchar(100) NOT NULL,
  `USER_UP` varchar(100) DEFAULT NULL,
  `USER_DE` varchar(100) DEFAULT NULL,
  `TIME_IN` timestamp NOT NULL,
  `TIME_UP` timestamp NULL DEFAULT NULL,
  `TIME_DE` timestamp NULL DEFAULT NULL,
  `SBI_VERSION_IN` varchar(10) DEFAULT NULL,
  `SBI_VERSION_UP` varchar(10) DEFAULT NULL,
  `SBI_VERSION_DE` varchar(10) DEFAULT NULL,
  `META_VERSION` varchar(100) DEFAULT NULL,
  `ORGANIZATION` varchar(20) DEFAULT NULL,
  PRIMARY KEY (`ALARM_CONTACT_ID`),
  UNIQUE KEY `XIF1SBI_ALARM_CONTACT` (`NAME`,`ORGANIZATION`)
) ENGINE=InnoDB DEFAULT CHARSET=latin1;
/*!40101 SET character_set_client = @saved_cs_client */;

--
-- Dumping data for table `SBI_ALARM_CONTACT`
--

LOCK TABLES `SBI_ALARM_CONTACT` WRITE;
/*!40000 ALTER TABLE `SBI_ALARM_CONTACT` DISABLE KEYS */;
/*!40000 ALTER TABLE `SBI_ALARM_CONTACT` ENABLE KEYS */;
UNLOCK TABLES;

--
-- Table structure for table `SBI_ALARM_DISTRIBUTION`
--

DROP TABLE IF EXISTS `SBI_ALARM_DISTRIBUTION`;
/*!40101 SET @saved_cs_client     = @@character_set_client */;
/*!40101 SET character_set_client = utf8 */;
CREATE TABLE `SBI_ALARM_DISTRIBUTION` (
  `ALARM_CONTACT_ID` int(11) NOT NULL,
  `ALARM_ID` int(11) NOT NULL,
  PRIMARY KEY (`ALARM_CONTACT_ID`,`ALARM_ID`),
  KEY `FK_SBI_ALARM_DISTRIBUTION_1` (`ALARM_ID`),
  CONSTRAINT `FK_SBI_ALARM_DISTRIBUTION_1` FOREIGN KEY (`ALARM_ID`) REFERENCES `SBI_ALARM` (`ALARM_ID`),
  CONSTRAINT `FK_SBI_ALARM_DISTRIBUTION_2` FOREIGN KEY (`ALARM_CONTACT_ID`) REFERENCES `SBI_ALARM_CONTACT` (`ALARM_CONTACT_ID`)
) ENGINE=InnoDB DEFAULT CHARSET=latin1;
/*!40101 SET character_set_client = @saved_cs_client */;

--
-- Dumping data for table `SBI_ALARM_DISTRIBUTION`
--

LOCK TABLES `SBI_ALARM_DISTRIBUTION` WRITE;
/*!40000 ALTER TABLE `SBI_ALARM_DISTRIBUTION` DISABLE KEYS */;
/*!40000 ALTER TABLE `SBI_ALARM_DISTRIBUTION` ENABLE KEYS */;
UNLOCK TABLES;

--
-- Table structure for table `SBI_ALARM_EVENT`
--

DROP TABLE IF EXISTS `SBI_ALARM_EVENT`;
/*!40101 SET @saved_cs_client     = @@character_set_client */;
/*!40101 SET character_set_client = utf8 */;
CREATE TABLE `SBI_ALARM_EVENT` (
  `ALARM_EVENT_ID` int(11) NOT NULL,
  `ALARM_ID` int(11) NOT NULL,
  `EVENT_TS` datetime DEFAULT NULL,
  `ACTIVE` char(1) DEFAULT NULL,
  `KPI_VALUE` varchar(50) DEFAULT NULL,
  `THRESHOLD_VALUE` varchar(50) DEFAULT NULL,
  `KPI_NAME` varchar(100) DEFAULT NULL,
  `RESOURCES` varchar(200) DEFAULT NULL,
  `KPI_DESCRIPTION` varchar(100) DEFAULT NULL,
  `RESOURCE_ID` int(11) DEFAULT NULL,
  `KPI_INSTANCE_ID` int(11) DEFAULT NULL,
  `USER_IN` varchar(100) NOT NULL,
  `USER_UP` varchar(100) DEFAULT NULL,
  `USER_DE` varchar(100) DEFAULT NULL,
  `TIME_IN` timestamp NOT NULL,
  `TIME_UP` timestamp NULL DEFAULT NULL,
  `TIME_DE` timestamp NULL DEFAULT NULL,
  `SBI_VERSION_IN` varchar(10) DEFAULT NULL,
  `SBI_VERSION_UP` varchar(10) DEFAULT NULL,
  `SBI_VERSION_DE` varchar(10) DEFAULT NULL,
  `META_VERSION` varchar(100) DEFAULT NULL,
  `ORGANIZATION` varchar(20) DEFAULT NULL,
  PRIMARY KEY (`ALARM_EVENT_ID`),
  KEY `FK_SBI_ALARM_EVENT_1` (`ALARM_ID`),
  CONSTRAINT `FK_SBI_ALARM_EVENT_1` FOREIGN KEY (`ALARM_ID`) REFERENCES `SBI_ALARM` (`ALARM_ID`) ON DELETE CASCADE ON UPDATE CASCADE
) ENGINE=InnoDB DEFAULT CHARSET=latin1;
/*!40101 SET character_set_client = @saved_cs_client */;

--
-- Dumping data for table `SBI_ALARM_EVENT`
--

LOCK TABLES `SBI_ALARM_EVENT` WRITE;
/*!40000 ALTER TABLE `SBI_ALARM_EVENT` DISABLE KEYS */;
/*!40000 ALTER TABLE `SBI_ALARM_EVENT` ENABLE KEYS */;
UNLOCK TABLES;

--
-- Table structure for table `SBI_ARTIFACTS`
--

DROP TABLE IF EXISTS `SBI_ARTIFACTS`;
/*!40101 SET @saved_cs_client     = @@character_set_client */;
/*!40101 SET character_set_client = utf8 */;
CREATE TABLE `SBI_ARTIFACTS` (
  `ID` int(11) NOT NULL,
  `NAME` varchar(100) NOT NULL,
  `DESCR` varchar(500) DEFAULT NULL,
  `TYPE` varchar(50) DEFAULT NULL,
  `MODEL_LOCKED` tinyint(1) DEFAULT NULL,
  `MODEL_LOCKER` varchar(100) DEFAULT NULL,
  `USER_IN` varchar(100) NOT NULL,
  `USER_UP` varchar(100) DEFAULT NULL,
  `USER_DE` varchar(100) DEFAULT NULL,
  `TIME_IN` timestamp NOT NULL,
  `TIME_UP` timestamp NULL DEFAULT NULL,
  `TIME_DE` timestamp NULL DEFAULT NULL,
  `SBI_VERSION_IN` varchar(10) DEFAULT NULL,
  `SBI_VERSION_UP` varchar(10) DEFAULT NULL,
  `SBI_VERSION_DE` varchar(10) DEFAULT NULL,
  `META_VERSION` varchar(100) DEFAULT NULL,
  `ORGANIZATION` varchar(20) DEFAULT NULL,
  PRIMARY KEY (`ID`),
  UNIQUE KEY `XAK1SBI_ARTIFACTS` (`NAME`,`TYPE`,`ORGANIZATION`)
) ENGINE=InnoDB DEFAULT CHARSET=latin1;
/*!40101 SET character_set_client = @saved_cs_client */;

--
-- Dumping data for table `SBI_ARTIFACTS`
--

LOCK TABLES `SBI_ARTIFACTS` WRITE;
/*!40000 ALTER TABLE `SBI_ARTIFACTS` DISABLE KEYS */;
/*!40000 ALTER TABLE `SBI_ARTIFACTS` ENABLE KEYS */;
UNLOCK TABLES;

--
-- Table structure for table `SBI_ARTIFACTS_VERSIONS`
--

DROP TABLE IF EXISTS `SBI_ARTIFACTS_VERSIONS`;
/*!40101 SET @saved_cs_client     = @@character_set_client */;
/*!40101 SET character_set_client = utf8 */;
CREATE TABLE `SBI_ARTIFACTS_VERSIONS` (
  `ID` int(11) NOT NULL,
  `ARTIFACT_ID` int(11) NOT NULL,
  `CONTENT` mediumblob NOT NULL,
  `NAME` varchar(100) DEFAULT NULL,
  `PROG` int(11) DEFAULT NULL,
  `CREATION_DATE` timestamp NULL DEFAULT NULL,
  `CREATION_USER` varchar(50) NOT NULL,
  `ACTIVE` tinyint(1) DEFAULT NULL,
  `USER_IN` varchar(100) NOT NULL,
  `USER_UP` varchar(100) DEFAULT NULL,
  `USER_DE` varchar(100) DEFAULT NULL,
  `TIME_IN` timestamp NOT NULL,
  `TIME_UP` timestamp NULL DEFAULT NULL,
  `TIME_DE` timestamp NULL DEFAULT NULL,
  `SBI_VERSION_IN` varchar(10) DEFAULT NULL,
  `SBI_VERSION_UP` varchar(10) DEFAULT NULL,
  `SBI_VERSION_DE` varchar(10) DEFAULT NULL,
  `META_VERSION` varchar(100) DEFAULT NULL,
  `ORGANIZATION` varchar(20) DEFAULT NULL,
  PRIMARY KEY (`ID`),
  KEY `FK_SBI_ARTIFACTS_VERSIONS_1` (`ARTIFACT_ID`),
  CONSTRAINT `FK_SBI_ARTIFACTS_VERSIONS_1` FOREIGN KEY (`ARTIFACT_ID`) REFERENCES `SBI_ARTIFACTS` (`ID`) ON DELETE CASCADE
) ENGINE=InnoDB DEFAULT CHARSET=latin1;
/*!40101 SET character_set_client = @saved_cs_client */;

--
-- Dumping data for table `SBI_ARTIFACTS_VERSIONS`
--

LOCK TABLES `SBI_ARTIFACTS_VERSIONS` WRITE;
/*!40000 ALTER TABLE `SBI_ARTIFACTS_VERSIONS` DISABLE KEYS */;
/*!40000 ALTER TABLE `SBI_ARTIFACTS_VERSIONS` ENABLE KEYS */;
UNLOCK TABLES;

--
-- Table structure for table `SBI_ATTRIBUTE`
--

DROP TABLE IF EXISTS `SBI_ATTRIBUTE`;
/*!40101 SET @saved_cs_client     = @@character_set_client */;
/*!40101 SET character_set_client = utf8 */;
CREATE TABLE `SBI_ATTRIBUTE` (
  `ATTRIBUTE_NAME` varchar(255) NOT NULL,
  `DESCRIPTION` varchar(500) NOT NULL,
  `ATTRIBUTE_ID` int(11) NOT NULL,
  `USER_IN` varchar(100) NOT NULL,
  `USER_UP` varchar(100) DEFAULT NULL,
  `USER_DE` varchar(100) DEFAULT NULL,
  `TIME_IN` timestamp NOT NULL,
  `TIME_UP` timestamp NULL DEFAULT NULL,
  `TIME_DE` timestamp NULL DEFAULT NULL,
  `SBI_VERSION_IN` varchar(10) DEFAULT NULL,
  `SBI_VERSION_UP` varchar(10) DEFAULT NULL,
  `SBI_VERSION_DE` varchar(10) DEFAULT NULL,
  `META_VERSION` varchar(100) DEFAULT NULL,
  `ORGANIZATION` varchar(20) DEFAULT NULL,
  PRIMARY KEY (`ATTRIBUTE_ID`),
  UNIQUE KEY `XAK1SBI_USER` (`ATTRIBUTE_NAME`,`ORGANIZATION`)
) ENGINE=InnoDB DEFAULT CHARSET=latin1;
/*!40101 SET character_set_client = @saved_cs_client */;

--
-- Dumping data for table `SBI_ATTRIBUTE`
--

LOCK TABLES `SBI_ATTRIBUTE` WRITE;
/*!40000 ALTER TABLE `SBI_ATTRIBUTE` DISABLE KEYS */;
INSERT INTO `SBI_ATTRIBUTE` VALUES ('name','name',1,'server_init',NULL,NULL,'2015-11-27 08:17:42',NULL,NULL,'4.0',NULL,NULL,NULL,'SPAGOBI'),('surname','surname',2,'server_init',NULL,NULL,'2015-11-27 08:17:42',NULL,NULL,'4.0',NULL,NULL,NULL,'SPAGOBI'),('address','address',3,'server_init',NULL,NULL,'2015-11-27 08:17:42',NULL,NULL,'4.0',NULL,NULL,NULL,'SPAGOBI'),('birth_date','birth date',4,'server_init',NULL,NULL,'2015-11-27 08:17:42',NULL,NULL,'4.0',NULL,NULL,NULL,'SPAGOBI'),('email','email',5,'server_init',NULL,NULL,'2015-11-27 08:17:42',NULL,NULL,'4.0',NULL,NULL,NULL,'SPAGOBI');
/*!40000 ALTER TABLE `SBI_ATTRIBUTE` ENABLE KEYS */;
UNLOCK TABLES;

--
-- Table structure for table `SBI_AUDIT`
--

DROP TABLE IF EXISTS `SBI_AUDIT`;
/*!40101 SET @saved_cs_client     = @@character_set_client */;
/*!40101 SET character_set_client = utf8 */;
CREATE TABLE `SBI_AUDIT` (
  `ID` int(11) NOT NULL,
  `USERNAME` varchar(40) NOT NULL,
  `USERGROUP` varchar(100) DEFAULT NULL,
  `DOC_REF` int(11) DEFAULT NULL,
  `DOC_ID` int(11) DEFAULT NULL,
  `DOC_LABEL` varchar(200) NOT NULL,
  `DOC_NAME` varchar(200) NOT NULL,
  `DOC_TYPE` varchar(20) NOT NULL,
  `DOC_STATE` varchar(20) NOT NULL,
  `DOC_PARAMETERS` text,
  `SUBOBJ_REF` int(11) DEFAULT NULL,
  `SUBOBJ_ID` int(11) DEFAULT NULL,
  `SUBOBJ_NAME` varchar(50) DEFAULT NULL,
  `SUBOBJ_OWNER` varchar(50) DEFAULT NULL,
  `SUBOBJ_ISPUBLIC` smallint(6) DEFAULT NULL,
  `ENGINE_REF` int(11) DEFAULT NULL,
  `ENGINE_ID` int(11) DEFAULT NULL,
  `ENGINE_LABEL` varchar(40) NOT NULL,
  `ENGINE_NAME` varchar(40) NOT NULL,
  `ENGINE_TYPE` varchar(20) NOT NULL,
  `ENGINE_URL` varchar(400) DEFAULT NULL,
  `ENGINE_DRIVER` varchar(400) DEFAULT NULL,
  `ENGINE_CLASS` varchar(400) DEFAULT NULL,
  `REQUEST_TIME` timestamp NOT NULL,
  `EXECUTION_START` timestamp NULL DEFAULT NULL,
  `EXECUTION_END` timestamp NULL DEFAULT NULL,
  `EXECUTION_TIME` int(11) DEFAULT NULL,
  `EXECUTION_STATE` varchar(20) DEFAULT NULL,
  `ERROR` smallint(6) DEFAULT NULL,
  `ERROR_MESSAGE` varchar(400) DEFAULT NULL,
  `ERROR_CODE` varchar(20) DEFAULT NULL,
  `EXECUTION_MODALITY` varchar(40) DEFAULT NULL,
  `USER_IN` varchar(100) NOT NULL,
  `USER_UP` varchar(100) DEFAULT NULL,
  `USER_DE` varchar(100) DEFAULT NULL,
  `TIME_IN` timestamp NOT NULL,
  `TIME_UP` timestamp NULL DEFAULT NULL,
  `TIME_DE` timestamp NULL DEFAULT NULL,
  `SBI_VERSION_IN` varchar(10) DEFAULT NULL,
  `SBI_VERSION_UP` varchar(10) DEFAULT NULL,
  `SBI_VERSION_DE` varchar(10) DEFAULT NULL,
  `META_VERSION` varchar(100) DEFAULT NULL,
  `ORGANIZATION` varchar(20) DEFAULT NULL,
  PRIMARY KEY (`ID`),
  KEY `FK_SBI_AUDIT_1` (`DOC_REF`),
  KEY `FK_SBI_AUDIT_2` (`ENGINE_REF`),
  KEY `FK_SBI_AUDIT_3` (`SUBOBJ_REF`),
  CONSTRAINT `FK_SBI_AUDIT_1` FOREIGN KEY (`DOC_REF`) REFERENCES `SBI_OBJECTS` (`BIOBJ_ID`) ON DELETE SET NULL,
  CONSTRAINT `FK_SBI_AUDIT_2` FOREIGN KEY (`ENGINE_REF`) REFERENCES `SBI_ENGINES` (`ENGINE_ID`) ON DELETE SET NULL,
  CONSTRAINT `FK_SBI_AUDIT_3` FOREIGN KEY (`SUBOBJ_REF`) REFERENCES `SBI_SUBOBJECTS` (`SUBOBJ_ID`) ON DELETE SET NULL
) ENGINE=InnoDB DEFAULT CHARSET=latin1;
/*!40101 SET character_set_client = @saved_cs_client */;

--
-- Dumping data for table `SBI_AUDIT`
--

LOCK TABLES `SBI_AUDIT` WRITE;
/*!40000 ALTER TABLE `SBI_AUDIT` DISABLE KEYS */;
/*!40000 ALTER TABLE `SBI_AUDIT` ENABLE KEYS */;
UNLOCK TABLES;

--
-- Table structure for table `SBI_AUTHORIZATIONS`
--

DROP TABLE IF EXISTS `SBI_AUTHORIZATIONS`;
/*!40101 SET @saved_cs_client     = @@character_set_client */;
/*!40101 SET character_set_client = utf8 */;
CREATE TABLE `SBI_AUTHORIZATIONS` (
  `ID` int(11) NOT NULL,
  `NAME` varchar(200) DEFAULT NULL,
  `USER_IN` varchar(100) NOT NULL,
  `USER_UP` varchar(100) DEFAULT NULL,
  `USER_DE` varchar(100) DEFAULT NULL,
  `TIME_IN` timestamp NOT NULL,
  `TIME_UP` timestamp NULL DEFAULT NULL,
  `TIME_DE` timestamp NULL DEFAULT NULL,
  `SBI_VERSION_IN` varchar(10) DEFAULT NULL,
  `SBI_VERSION_UP` varchar(10) DEFAULT NULL,
  `SBI_VERSION_DE` varchar(10) DEFAULT NULL,
  `META_VERSION` varchar(100) DEFAULT NULL,
  `ORGANIZATION` varchar(20) DEFAULT NULL,
  PRIMARY KEY (`ID`)
) ENGINE=InnoDB DEFAULT CHARSET=latin1;
/*!40101 SET character_set_client = @saved_cs_client */;

--
-- Dumping data for table `SBI_AUTHORIZATIONS`
--

LOCK TABLES `SBI_AUTHORIZATIONS` WRITE;
/*!40000 ALTER TABLE `SBI_AUTHORIZATIONS` DISABLE KEYS */;
INSERT INTO `SBI_AUTHORIZATIONS` VALUES (1,'SAVE_SUBOBJECTS','server',NULL,NULL,'2015-11-27 08:17:43',NULL,NULL,'4.0',NULL,NULL,NULL,'SPAGOBI'),(2,'SEE_SUBOBJECTS','server',NULL,NULL,'2015-11-27 08:17:43',NULL,NULL,'4.0',NULL,NULL,NULL,'SPAGOBI'),(3,'SEE_VIEWPOINTS','server',NULL,NULL,'2015-11-27 08:17:43',NULL,NULL,'4.0',NULL,NULL,NULL,'SPAGOBI'),(4,'SEE_SNAPSHOTS','server',NULL,NULL,'2015-11-27 08:17:43',NULL,NULL,'4.0',NULL,NULL,NULL,'SPAGOBI'),(5,'SEE_NOTES','server',NULL,NULL,'2015-11-27 08:17:43',NULL,NULL,'4.0',NULL,NULL,NULL,'SPAGOBI'),(6,'SEND_MAIL','server',NULL,NULL,'2015-11-27 08:17:43',NULL,NULL,'4.0',NULL,NULL,NULL,'SPAGOBI'),(7,'SAVE_INTO_FOLDER','server',NULL,NULL,'2015-11-27 08:17:43',NULL,NULL,'4.0',NULL,NULL,NULL,'SPAGOBI'),(8,'SAVE_REMEMBER_ME','server',NULL,NULL,'2015-11-27 08:17:43',NULL,NULL,'4.0',NULL,NULL,NULL,'SPAGOBI'),(9,'SEE_METADATA','server',NULL,NULL,'2015-11-27 08:17:43',NULL,NULL,'4.0',NULL,NULL,NULL,'SPAGOBI'),(10,'SAVE_METADATA','server',NULL,NULL,'2015-11-27 08:17:43',NULL,NULL,'4.0',NULL,NULL,NULL,'SPAGOBI'),(11,'BUILD_QBE_QUERY','server',NULL,NULL,'2015-11-27 08:17:43',NULL,NULL,'4.0',NULL,NULL,NULL,'SPAGOBI'),(12,'DO_MASSIVE_EXPORT','server',NULL,NULL,'2015-11-27 08:17:43',NULL,NULL,'4.0',NULL,NULL,NULL,'SPAGOBI'),(13,'EDIT_WORKSHEET','server',NULL,NULL,'2015-11-27 08:17:43',NULL,NULL,'4.0',NULL,NULL,NULL,'SPAGOBI'),(14,'MANAGE_USERS','server',NULL,NULL,'2015-11-27 08:17:43',NULL,NULL,'4.0',NULL,NULL,NULL,'SPAGOBI'),(15,'SEE_DOCUMENT_BROWSER','server',NULL,NULL,'2015-11-27 08:17:43',NULL,NULL,'4.0',NULL,NULL,NULL,'SPAGOBI'),(16,'SEE_FAVOURITES','server',NULL,NULL,'2015-11-27 08:17:43',NULL,NULL,'4.0',NULL,NULL,NULL,'SPAGOBI'),(17,'SEE_SUBSCRIPTIONS','server',NULL,NULL,'2015-11-27 08:17:43',NULL,NULL,'4.0',NULL,NULL,NULL,'SPAGOBI'),(18,'SEE_MY_DATA','server',NULL,NULL,'2015-11-27 08:17:43',NULL,NULL,'4.0',NULL,NULL,NULL,'SPAGOBI'),(19,'SEE_TODO_LIST','server',NULL,NULL,'2015-11-27 08:17:43',NULL,NULL,'4.0',NULL,NULL,NULL,'SPAGOBI'),(20,'CREATE_DOCUMENTS','server',NULL,NULL,'2015-11-27 08:17:43',NULL,NULL,'4.0',NULL,NULL,NULL,'SPAGOBI'),(21,'CREATE_SOCIAL_ANALYSIS','server',NULL,NULL,'2015-11-27 08:17:43',NULL,NULL,'4.0',NULL,NULL,NULL,'SPAGOBI'),(22,'VIEW_SOCIAL_ANALYSIS','server',NULL,NULL,'2015-11-27 08:17:43',NULL,NULL,'4.0',NULL,NULL,NULL,'SPAGOBI'),(23,'HIERARCHIES_MANAGEMENT','server',NULL,NULL,'2015-11-27 08:17:43',NULL,NULL,'4.0',NULL,NULL,NULL,'SPAGOBI'),(24,'ENABLE_DATASET_PERSISTENCE','server',NULL,NULL,'2015-11-27 08:17:43',NULL,NULL,'4.0',NULL,NULL,NULL,'SPAGOBI');
/*!40000 ALTER TABLE `SBI_AUTHORIZATIONS` ENABLE KEYS */;
UNLOCK TABLES;

--
-- Table structure for table `SBI_AUTHORIZATIONS_ROLES`
--

DROP TABLE IF EXISTS `SBI_AUTHORIZATIONS_ROLES`;
/*!40101 SET @saved_cs_client     = @@character_set_client */;
/*!40101 SET character_set_client = utf8 */;
CREATE TABLE `SBI_AUTHORIZATIONS_ROLES` (
  `AUTHORIZATION_ID` int(11) NOT NULL,
  `ROLE_ID` int(11) NOT NULL,
  `USER_IN` varchar(100) NOT NULL,
  `USER_UP` varchar(100) DEFAULT NULL,
  `USER_DE` varchar(100) DEFAULT NULL,
  `TIME_IN` timestamp NOT NULL,
  `TIME_UP` timestamp NULL DEFAULT NULL,
  `TIME_DE` timestamp NULL DEFAULT NULL,
  `SBI_VERSION_IN` varchar(10) DEFAULT NULL,
  `SBI_VERSION_UP` varchar(10) DEFAULT NULL,
  `SBI_VERSION_DE` varchar(10) DEFAULT NULL,
  `META_VERSION` varchar(100) DEFAULT NULL,
  `ORGANIZATION` varchar(20) DEFAULT NULL,
  PRIMARY KEY (`AUTHORIZATION_ID`,`ROLE_ID`),
  KEY `FK_ROLE1` (`ROLE_ID`),
  CONSTRAINT `FK_AUTHORIZATION_1` FOREIGN KEY (`AUTHORIZATION_ID`) REFERENCES `SBI_AUTHORIZATIONS` (`ID`) ON DELETE NO ACTION ON UPDATE NO ACTION,
  CONSTRAINT `FK_ROLE1` FOREIGN KEY (`ROLE_ID`) REFERENCES `SBI_EXT_ROLES` (`EXT_ROLE_ID`) ON DELETE NO ACTION ON UPDATE NO ACTION
) ENGINE=InnoDB DEFAULT CHARSET=latin1;
/*!40101 SET character_set_client = @saved_cs_client */;

--
-- Dumping data for table `SBI_AUTHORIZATIONS_ROLES`
--

LOCK TABLES `SBI_AUTHORIZATIONS_ROLES` WRITE;
/*!40000 ALTER TABLE `SBI_AUTHORIZATIONS_ROLES` DISABLE KEYS */;
/*!40000 ALTER TABLE `SBI_AUTHORIZATIONS_ROLES` ENABLE KEYS */;
UNLOCK TABLES;

--
-- Table structure for table `SBI_BINARY_CONTENTS`
--

DROP TABLE IF EXISTS `SBI_BINARY_CONTENTS`;
/*!40101 SET @saved_cs_client     = @@character_set_client */;
/*!40101 SET character_set_client = utf8 */;
CREATE TABLE `SBI_BINARY_CONTENTS` (
  `BIN_ID` int(11) NOT NULL,
  `BIN_CONTENT` mediumblob NOT NULL,
  `USER_IN` varchar(100) NOT NULL,
  `USER_UP` varchar(100) DEFAULT NULL,
  `USER_DE` varchar(100) DEFAULT NULL,
  `TIME_IN` timestamp NOT NULL,
  `TIME_UP` timestamp NULL DEFAULT NULL,
  `TIME_DE` timestamp NULL DEFAULT NULL,
  `SBI_VERSION_IN` varchar(10) DEFAULT NULL,
  `SBI_VERSION_UP` varchar(10) DEFAULT NULL,
  `SBI_VERSION_DE` varchar(10) DEFAULT NULL,
  `META_VERSION` varchar(100) DEFAULT NULL,
  `ORGANIZATION` varchar(20) DEFAULT NULL,
  PRIMARY KEY (`BIN_ID`)
) ENGINE=InnoDB DEFAULT CHARSET=latin1;
/*!40101 SET character_set_client = @saved_cs_client */;

--
-- Dumping data for table `SBI_BINARY_CONTENTS`
--

LOCK TABLES `SBI_BINARY_CONTENTS` WRITE;
/*!40000 ALTER TABLE `SBI_BINARY_CONTENTS` DISABLE KEYS */;
INSERT INTO `SBI_BINARY_CONTENTS` VALUES (1,'{\"widgetsConf\":{\"widgets\":[{\"storeId\":\"Monthly users\",\"wtype\":\"barchart-ext\",\"wconf\":{\"designer\":\"Bar Chart\",\"wtype\":\"barchart-ext\",\"type\":\"stacked-barchart\",\"orientation\":\"vertical\",\"showvalues\":false,\"showlegend\":true,\"legendPosition\":\"bottom\",\"categoryAxis\":\"Month\",\"sortOrder\":\"ASC\",\"fontType\":\"Courier New\",\"fontSize\":22,\"legendFontSize\":22,\"axisTitleFontSize\":22,\"tooltipLabelFontSize\":null,\"axisLabelsFontSize\":18,\"showSeriesName\":true,\"showCategoryName\":true,\"seriesAxis\":\"Users\",\"category\":{\"alias\":\"month\",\"id\":\"month\",\"funct\":null,\"iconCls\":\"attribute\",\"nature\":\"attribute\",\"values\":\"[]\",\"options\":{}},\"series\":[{\"id\":\"iPhone OS\",\"alias\":\"iPhone OS\",\"funct\":\"SUM\",\"iconCls\":\"measure\",\"nature\":\"measure\",\"seriename\":\"iPhone OS\",\"color\":\"#4572A7\",\"showcomma\":true,\"precision\":2,\"suffix\":\"\",\"sortMeasure\":false},{\"id\":\"Android\",\"alias\":\"Android\",\"funct\":\"SUM\",\"iconCls\":\"measure\",\"nature\":\"measure\",\"seriename\":\"Android\",\"color\":\"#DB843D\",\"showcomma\":true,\"precision\":2,\"suffix\":\"\",\"sortMeasure\":false}]},\"wstyle\":{},\"wlayout\":{\"region\":{\"width\":\"0.78\",\"height\":\"0.73\",\"x\":\"0.14\",\"y\":\"0.09\"}},\"wgeneric\":{\"title\":\"<div align=\\\"center\\\"><font face=\\\"courier new\\\" size=\\\"7\\\">New Users per Month</font></div><br>\",\"titlePerc\":17,\"description\":\"\",\"incomingeventsenabled\":true,\"outcomingeventsenabled\":true}}]},\"storesConf\":{\"stores\":[{\"storeId\":\"Monthly users\",\"aggregations\":{\"measures\":[{\"id\":\"iPhone OS\",\"alias\":\"iPhone OS\",\"funct\":\"SUM\",\"iconCls\":\"measure\",\"nature\":\"measure\",\"seriename\":\"iPhone OS\",\"color\":\"#4572A7\",\"showcomma\":true,\"precision\":2,\"suffix\":\"\",\"sortMeasure\":false},{\"id\":\"Android\",\"alias\":\"Android\",\"funct\":\"SUM\",\"iconCls\":\"measure\",\"nature\":\"measure\",\"seriename\":\"Android\",\"color\":\"#DB843D\",\"showcomma\":true,\"precision\":2,\"suffix\":\"\",\"sortMeasure\":false}],\"categories\":[{\"alias\":\"month\",\"id\":\"month\",\"funct\":null,\"iconCls\":\"attribute\",\"nature\":\"attribute\",\"values\":\"[]\",\"options\":{}}],\"dataset\":\"Monthly users\"}}],\"associations\":[],\"parameters\":[],\"fonts\":[],\"layouts\":[]}}','biadmin',NULL,NULL,'2015-11-27 08:36:14',NULL,NULL,'4.0',NULL,NULL,NULL,'SPAGOBI'),(2,'{\"widgetsConf\":{\"widgets\":[{\"storeId\":\"Monthly users\",\"wtype\":\"barchart-ext\",\"wconf\":{\"designer\":\"Bar Chart\",\"wtype\":\"barchart-ext\",\"type\":\"stacked-barchart\",\"orientation\":\"vertical\",\"showvalues\":false,\"showlegend\":true,\"legendPosition\":\"bottom\",\"categoryAxis\":\"Month\",\"sortOrder\":\"ASC\",\"fontType\":\"Courier New\",\"fontSize\":22,\"legendFontSize\":22,\"axisTitleFontSize\":22,\"tooltipLabelFontSize\":null,\"axisLabelsFontSize\":18,\"showSeriesName\":true,\"showCategoryName\":true,\"seriesAxis\":\"Users\",\"category\":{\"alias\":\"month\",\"id\":\"month\",\"funct\":null,\"iconCls\":\"attribute\",\"nature\":\"attribute\",\"values\":\"[]\",\"options\":{}},\"series\":[{\"id\":\"iPhone OS\",\"alias\":\"iPhone OS\",\"funct\":\"SUM\",\"iconCls\":\"measure\",\"nature\":\"measure\",\"seriename\":\"iPhone OS\",\"color\":\"#4572A7\",\"showcomma\":true,\"precision\":2,\"suffix\":\"\",\"sortMeasure\":false},{\"id\":\"Android\",\"alias\":\"Android\",\"funct\":\"SUM\",\"iconCls\":\"measure\",\"nature\":\"measure\",\"seriename\":\"Android\",\"color\":\"#DB843D\",\"showcomma\":true,\"precision\":2,\"suffix\":\"\",\"sortMeasure\":false}]},\"wstyle\":{},\"wlayout\":{\"region\":{\"width\":\"0.74\",\"height\":\"0.73\",\"x\":\"0.13\",\"y\":\"-13.12\"}},\"wgeneric\":{\"title\":\"<div align=\\\"center\\\"><font face=\\\"courier new\\\" size=\\\"7\\\">New Users per Month</font></div><br>\",\"titlePerc\":17,\"description\":\"\",\"incomingeventsenabled\":true,\"outcomingeventsenabled\":true}},{\"storeId\":\"Daily users\",\"wtype\":\"linechart-ext\",\"wconf\":{\"designer\":\"Line Chart\",\"wtype\":\"linechart-ext\",\"type\":\"side-by-side-linechart\",\"colorarea\":false,\"showvalues\":false,\"showlegend\":true,\"legendPosition\":\"bottom\",\"categoryAxis\":\"\",\"seriesAxis\":\"Users\",\"sortOrder\":\"ASC\",\"fontType\":null,\"fontSize\":null,\"legendFontSize\":null,\"axisTitleFontSize\":null,\"tooltipLabelFontSize\":null,\"axisLabelsFontSize\":null,\"showSeriesName\":true,\"showCategoryName\":true,\"category\":{\"alias\":\"time\",\"id\":\"time\",\"funct\":null,\"iconCls\":\"attribute\",\"nature\":\"attribute\",\"values\":\"[]\",\"options\":{}},\"series\":[{\"id\":\"iPhone OS\",\"alias\":\"iPhone OS\",\"funct\":\"SUM\",\"iconCls\":\"measure\",\"nature\":\"measure\",\"seriename\":\"iPhone OS\",\"color\":\"#4572A7\",\"showcomma\":true,\"precision\":2,\"suffix\":\"\",\"sortMeasure\":false},{\"id\":\"Android\",\"alias\":\"Android\",\"funct\":\"SUM\",\"iconCls\":\"measure\",\"nature\":\"measure\",\"seriename\":\"Android\",\"color\":\"#DB843D\",\"showcomma\":true,\"precision\":2,\"suffix\":\"\",\"sortMeasure\":false}]},\"wstyle\":{},\"wlayout\":{\"region\":{\"width\":\"0.68\",\"height\":\"0.76\",\"x\":\"0.14\",\"y\":\"0.08\"}},\"wgeneric\":{\"title\":\"<div align=\\\"center\\\"><font face=\\\"courier new\\\" size=\\\"7\\\">New Users per Day<br></font></div>\",\"titlePerc\":17,\"description\":\"\",\"incomingeventsenabled\":true,\"outcomingeventsenabled\":true}}]},\"storesConf\":{\"stores\":[{\"storeId\":\"Daily users\",\"aggregations\":{\"measures\":[{\"id\":\"iPhone OS\",\"alias\":\"iPhone OS\",\"funct\":\"SUM\",\"iconCls\":\"measure\",\"nature\":\"measure\",\"seriename\":\"iPhone OS\",\"color\":\"#4572A7\",\"showcomma\":true,\"precision\":2,\"suffix\":\"\",\"sortMeasure\":false},{\"id\":\"Android\",\"alias\":\"Android\",\"funct\":\"SUM\",\"iconCls\":\"measure\",\"nature\":\"measure\",\"seriename\":\"Android\",\"color\":\"#DB843D\",\"showcomma\":true,\"precision\":2,\"suffix\":\"\",\"sortMeasure\":false}],\"categories\":[{\"alias\":\"time\",\"id\":\"time\",\"funct\":null,\"iconCls\":\"attribute\",\"nature\":\"attribute\",\"values\":\"[]\",\"options\":{}}],\"dataset\":\"Daily users\"}}],\"associations\":[],\"parameters\":[],\"fonts\":[],\"layouts\":[]}}','biadmin',NULL,NULL,'2015-11-27 08:52:10',NULL,NULL,'4.0',NULL,NULL,NULL,'SPAGOBI');
/*!40000 ALTER TABLE `SBI_BINARY_CONTENTS` ENABLE KEYS */;
UNLOCK TABLES;

--
-- Table structure for table `SBI_CACHE_ITEM`
--

DROP TABLE IF EXISTS `SBI_CACHE_ITEM`;
/*!40101 SET @saved_cs_client     = @@character_set_client */;
/*!40101 SET character_set_client = utf8 */;
CREATE TABLE `SBI_CACHE_ITEM` (
  `SIGNATURE` varchar(100) NOT NULL,
  `NAME` varchar(100) DEFAULT NULL,
  `TABLE_NAME` varchar(100) NOT NULL,
  `DIMENSION` decimal(10,0) DEFAULT NULL,
  `CREATION_DATE` datetime DEFAULT NULL,
  `LAST_USED_DATE` datetime DEFAULT NULL,
  `PROPERTIES` text,
  `USER_IN` varchar(100) NOT NULL,
  `USER_UP` varchar(100) DEFAULT NULL,
  `USER_DE` varchar(100) DEFAULT NULL,
  `TIME_IN` timestamp NOT NULL,
  `TIME_UP` timestamp NULL DEFAULT NULL,
  `TIME_DE` timestamp NULL DEFAULT NULL,
  `SBI_VERSION_IN` varchar(10) DEFAULT NULL,
  `SBI_VERSION_UP` varchar(10) DEFAULT NULL,
  `SBI_VERSION_DE` varchar(10) DEFAULT NULL,
  `META_VERSION` varchar(100) DEFAULT NULL,
  `ORGANIZATION` varchar(20) DEFAULT NULL,
  PRIMARY KEY (`SIGNATURE`),
  UNIQUE KEY `XAK1SBI_CACHE_ITEM` (`TABLE_NAME`)
) ENGINE=InnoDB DEFAULT CHARSET=latin1;
/*!40101 SET character_set_client = @saved_cs_client */;

--
-- Dumping data for table `SBI_CACHE_ITEM`
--

LOCK TABLES `SBI_CACHE_ITEM` WRITE;
/*!40000 ALTER TABLE `SBI_CACHE_ITEM` DISABLE KEYS */;
INSERT INTO `SBI_CACHE_ITEM` VALUES ('1354b9d595b3fe0755c13ee3d58f7c0731203689283b9e558e1833dc2e2eae64','sbicachea360552294e111e58a85fb','sbicachea360552294e111e58a85fb',288,'2015-11-27 08:34:16','2015-11-27 08:34:16','{}','server','server',NULL,'2015-11-27 08:34:16','2015-11-27 08:34:16',NULL,'4.0','4.0',NULL,NULL,'SPAGOBI'),('ad73cbc70c898a2c9d59787c65f12c1cb19e7a8dc952cf691962a85ae5a4c16f','sbicache318561a494e311e58a85fb','sbicache318561a494e311e58a85fb',6160,'2015-11-27 08:45:28','2015-11-27 08:45:28','{}','server','server',NULL,'2015-11-27 08:45:28','2015-11-27 08:45:28',NULL,'4.0','4.0',NULL,NULL,'SPAGOBI');
/*!40000 ALTER TABLE `SBI_CACHE_ITEM` ENABLE KEYS */;
UNLOCK TABLES;

--
-- Table structure for table `SBI_CACHE_JOINED_ITEM`
--

DROP TABLE IF EXISTS `SBI_CACHE_JOINED_ITEM`;
/*!40101 SET @saved_cs_client     = @@character_set_client */;
/*!40101 SET character_set_client = utf8 */;
CREATE TABLE `SBI_CACHE_JOINED_ITEM` (
  `ID` int(11) NOT NULL,
  `SIGNATURE` varchar(100) NOT NULL,
  `JOINED_SIGNATURE` varchar(100) NOT NULL,
  `USER_IN` varchar(100) NOT NULL,
  `USER_UP` varchar(100) DEFAULT NULL,
  `USER_DE` varchar(100) DEFAULT NULL,
  `TIME_IN` timestamp NOT NULL,
  `TIME_UP` timestamp NULL DEFAULT NULL,
  `TIME_DE` timestamp NULL DEFAULT NULL,
  `SBI_VERSION_IN` varchar(10) DEFAULT NULL,
  `SBI_VERSION_UP` varchar(10) DEFAULT NULL,
  `SBI_VERSION_DE` varchar(10) DEFAULT NULL,
  `META_VERSION` varchar(100) DEFAULT NULL,
  `ORGANIZATION` varchar(20) DEFAULT NULL,
  PRIMARY KEY (`ID`),
  UNIQUE KEY `XAK1SBI_CACHE_JOINED_ITEM` (`SIGNATURE`,`JOINED_SIGNATURE`),
  KEY `FK_SBI_CACHE_JOINED_ITEM_2` (`JOINED_SIGNATURE`),
  CONSTRAINT `FK_SBI_CACHE_JOINED_ITEM_1` FOREIGN KEY (`SIGNATURE`) REFERENCES `SBI_CACHE_ITEM` (`SIGNATURE`) ON DELETE NO ACTION ON UPDATE CASCADE,
  CONSTRAINT `FK_SBI_CACHE_JOINED_ITEM_2` FOREIGN KEY (`JOINED_SIGNATURE`) REFERENCES `SBI_CACHE_ITEM` (`SIGNATURE`) ON DELETE CASCADE ON UPDATE CASCADE
) ENGINE=InnoDB DEFAULT CHARSET=latin1;
/*!40101 SET character_set_client = @saved_cs_client */;

--
-- Dumping data for table `SBI_CACHE_JOINED_ITEM`
--

LOCK TABLES `SBI_CACHE_JOINED_ITEM` WRITE;
/*!40000 ALTER TABLE `SBI_CACHE_JOINED_ITEM` DISABLE KEYS */;
/*!40000 ALTER TABLE `SBI_CACHE_JOINED_ITEM` ENABLE KEYS */;
UNLOCK TABLES;

--
-- Table structure for table `SBI_CHECKS`
--

DROP TABLE IF EXISTS `SBI_CHECKS`;
/*!40101 SET @saved_cs_client     = @@character_set_client */;
/*!40101 SET character_set_client = utf8 */;
CREATE TABLE `SBI_CHECKS` (
  `CHECK_ID` int(11) NOT NULL,
  `DESCR` varchar(160) DEFAULT NULL,
  `LABEL` varchar(20) NOT NULL,
  `VALUE_TYPE_CD` varchar(20) NOT NULL,
  `VALUE_TYPE_ID` int(11) NOT NULL,
  `VALUE_1` varchar(400) DEFAULT NULL,
  `VALUE_2` varchar(400) DEFAULT NULL,
  `NAME` varchar(40) NOT NULL,
  `USER_IN` varchar(100) NOT NULL,
  `USER_UP` varchar(100) DEFAULT NULL,
  `USER_DE` varchar(100) DEFAULT NULL,
  `TIME_IN` timestamp NOT NULL,
  `TIME_UP` timestamp NULL DEFAULT NULL,
  `TIME_DE` timestamp NULL DEFAULT NULL,
  `SBI_VERSION_IN` varchar(10) DEFAULT NULL,
  `SBI_VERSION_UP` varchar(10) DEFAULT NULL,
  `SBI_VERSION_DE` varchar(10) DEFAULT NULL,
  `META_VERSION` varchar(100) DEFAULT NULL,
  `ORGANIZATION` varchar(20) DEFAULT NULL,
  PRIMARY KEY (`CHECK_ID`),
  UNIQUE KEY `XAK1SBI_CHECKS` (`LABEL`,`ORGANIZATION`),
  KEY `FK_SBI_CHECKS_1` (`VALUE_TYPE_ID`),
  CONSTRAINT `FK_SBI_CHECKS_1` FOREIGN KEY (`VALUE_TYPE_ID`) REFERENCES `SBI_DOMAINS` (`VALUE_ID`)
) ENGINE=InnoDB DEFAULT CHARSET=latin1;
/*!40101 SET character_set_client = @saved_cs_client */;

--
-- Dumping data for table `SBI_CHECKS`
--

LOCK TABLES `SBI_CHECKS` WRITE;
/*!40000 ALTER TABLE `SBI_CHECKS` DISABLE KEYS */;
INSERT INTO `SBI_CHECKS` VALUES (1,'Control if parameter is an Internet Address','CK-FIX-01','INTERNET ADDRESS',49,'','','Internet Address','server',NULL,NULL,'2015-11-27 08:17:39',NULL,NULL,'4.0',NULL,NULL,NULL,'SPAGOBI'),(2,'Control if  a parameter is Numeric','CK-FIX-02','NUMERIC',50,'','','Numeric','server',NULL,NULL,'2015-11-27 08:17:39',NULL,NULL,'4.0',NULL,NULL,NULL,'SPAGOBI'),(3,'Control if  a parameter is Alfanumeric','CK-FIX-03','ALFANUMERIC',51,'','','Alfanumeric','server',NULL,NULL,'2015-11-27 08:17:39',NULL,NULL,'4.0',NULL,NULL,NULL,'SPAGOBI'),(4,'Control if a parameter is a letter string','CK-FIX-04','LETTERSTRING',52,'','','Letter String','server',NULL,NULL,'2015-11-27 08:17:39',NULL,NULL,'4.0',NULL,NULL,NULL,'SPAGOBI'),(5,'Control if parameter is a Fiscal Code','CK-FIX-06','FISCALCODE',53,'','','Fiscal Code','server',NULL,NULL,'2015-11-27 08:17:39',NULL,NULL,'4.0',NULL,NULL,NULL,'SPAGOBI'),(6,'Control if parameter is a E-Mail','CK-FIX-07','EMAIL',54,'','','E-Mail','server',NULL,NULL,'2015-11-27 08:17:39',NULL,NULL,'4.0',NULL,NULL,NULL,'SPAGOBI');
/*!40000 ALTER TABLE `SBI_CHECKS` ENABLE KEYS */;
UNLOCK TABLES;

--
-- Table structure for table `SBI_COMMUNITY`
--

DROP TABLE IF EXISTS `SBI_COMMUNITY`;
/*!40101 SET @saved_cs_client     = @@character_set_client */;
/*!40101 SET character_set_client = utf8 */;
CREATE TABLE `SBI_COMMUNITY` (
  `COMMUNITY_ID` int(11) NOT NULL AUTO_INCREMENT,
  `NAME` varchar(200) NOT NULL,
  `DESCRIPTION` varchar(350) DEFAULT NULL,
  `OWNER` char(100) NOT NULL,
  `FUNCT_CODE` varchar(40) DEFAULT NULL,
  `CREATION_DATE` timestamp NOT NULL DEFAULT CURRENT_TIMESTAMP ON UPDATE CURRENT_TIMESTAMP,
  `LAST_CHANGE_DATE` timestamp NULL DEFAULT NULL,
  `USER_IN` varchar(100) NOT NULL,
  `USER_UP` varchar(100) DEFAULT NULL,
  `USER_DE` varchar(100) DEFAULT NULL,
  `TIME_IN` timestamp NULL DEFAULT NULL,
  `TIME_UP` timestamp NULL DEFAULT NULL,
  `TIME_DE` timestamp NULL DEFAULT NULL,
  `SBI_VERSION_IN` varchar(10) DEFAULT NULL,
  `SBI_VERSION_UP` varchar(10) DEFAULT NULL,
  `SBI_VERSION_DE` varchar(10) DEFAULT NULL,
  `META_VERSION` varchar(100) DEFAULT NULL,
  `ORGANIZATION` varchar(20) DEFAULT NULL,
  PRIMARY KEY (`COMMUNITY_ID`)
) ENGINE=InnoDB DEFAULT CHARSET=latin1;
/*!40101 SET character_set_client = @saved_cs_client */;

--
-- Dumping data for table `SBI_COMMUNITY`
--

LOCK TABLES `SBI_COMMUNITY` WRITE;
/*!40000 ALTER TABLE `SBI_COMMUNITY` DISABLE KEYS */;
/*!40000 ALTER TABLE `SBI_COMMUNITY` ENABLE KEYS */;
UNLOCK TABLES;

--
-- Table structure for table `SBI_COMMUNITY_USERS`
--

DROP TABLE IF EXISTS `SBI_COMMUNITY_USERS`;
/*!40101 SET @saved_cs_client     = @@character_set_client */;
/*!40101 SET character_set_client = utf8 */;
CREATE TABLE `SBI_COMMUNITY_USERS` (
  `COMMUNITY_ID` int(11) NOT NULL,
  `USER_ID` char(100) NOT NULL,
  `CREATION_DATE` timestamp NOT NULL DEFAULT CURRENT_TIMESTAMP ON UPDATE CURRENT_TIMESTAMP,
  `LAST_CHANGE_DATE` timestamp NULL DEFAULT NULL,
  `USER_IN` varchar(100) NOT NULL,
  `USER_UP` varchar(100) DEFAULT NULL,
  `USER_DE` varchar(100) DEFAULT NULL,
  `TIME_IN` timestamp NULL DEFAULT NULL,
  `TIME_UP` timestamp NULL DEFAULT NULL,
  `TIME_DE` timestamp NULL DEFAULT NULL,
  `SBI_VERSION_IN` varchar(10) DEFAULT NULL,
  `SBI_VERSION_UP` varchar(10) DEFAULT NULL,
  `SBI_VERSION_DE` varchar(10) DEFAULT NULL,
  `META_VERSION` varchar(100) DEFAULT NULL,
  `ORGANIZATION` varchar(20) DEFAULT NULL,
  PRIMARY KEY (`COMMUNITY_ID`,`USER_ID`),
  CONSTRAINT `FK_COMMUNITY` FOREIGN KEY (`COMMUNITY_ID`) REFERENCES `SBI_COMMUNITY` (`COMMUNITY_ID`) ON DELETE CASCADE
) ENGINE=InnoDB DEFAULT CHARSET=latin1;
/*!40101 SET character_set_client = @saved_cs_client */;

--
-- Dumping data for table `SBI_COMMUNITY_USERS`
--

LOCK TABLES `SBI_COMMUNITY_USERS` WRITE;
/*!40000 ALTER TABLE `SBI_COMMUNITY_USERS` DISABLE KEYS */;
/*!40000 ALTER TABLE `SBI_COMMUNITY_USERS` ENABLE KEYS */;
UNLOCK TABLES;

--
-- Table structure for table `SBI_CONFIG`
--

DROP TABLE IF EXISTS `SBI_CONFIG`;
/*!40101 SET @saved_cs_client     = @@character_set_client */;
/*!40101 SET character_set_client = utf8 */;
CREATE TABLE `SBI_CONFIG` (
  `ID` int(11) NOT NULL,
  `LABEL` varchar(100) NOT NULL,
  `NAME` varchar(100) DEFAULT NULL,
  `DESCRIPTION` varchar(500) DEFAULT NULL,
  `IS_ACTIVE` tinyint(1) DEFAULT '1',
  `VALUE_CHECK` varchar(1000) DEFAULT NULL,
  `VALUE_TYPE_ID` int(11) DEFAULT NULL,
  `USER_IN` varchar(100) NOT NULL,
  `USER_UP` varchar(100) DEFAULT NULL,
  `USER_DE` varchar(100) DEFAULT NULL,
  `TIME_IN` timestamp NOT NULL,
  `TIME_UP` timestamp NULL DEFAULT NULL,
  `TIME_DE` timestamp NULL DEFAULT NULL,
  `SBI_VERSION_IN` varchar(10) DEFAULT NULL,
  `SBI_VERSION_UP` varchar(10) DEFAULT NULL,
  `SBI_VERSION_DE` varchar(10) DEFAULT NULL,
  `META_VERSION` varchar(100) DEFAULT NULL,
  `ORGANIZATION` varchar(20) DEFAULT NULL,
  `CATEGORY` varchar(50) DEFAULT NULL,
  PRIMARY KEY (`ID`),
  UNIQUE KEY `XAK1SBI_CONFIG` (`LABEL`),
  KEY `FK_SBI_CONFIG_1` (`VALUE_TYPE_ID`),
  CONSTRAINT `FK_SBI_CONFIG_1` FOREIGN KEY (`VALUE_TYPE_ID`) REFERENCES `SBI_DOMAINS` (`VALUE_ID`)
) ENGINE=InnoDB DEFAULT CHARSET=latin1;
/*!40101 SET character_set_client = @saved_cs_client */;

--
-- Dumping data for table `SBI_CONFIG`
--

LOCK TABLES `SBI_CONFIG` WRITE;
/*!40000 ALTER TABLE `SBI_CONFIG` DISABLE KEYS */;
INSERT INTO `SBI_CONFIG` VALUES (1,'internal.security.encript.password','encript password','Enable the password encription',0,'true',29,'server',NULL,NULL,'2015-11-27 08:17:41',NULL,NULL,'4.0',NULL,NULL,NULL,NULL,'SECURITY'),(2,'changepwdmodule.len_min','Password Len Min','Minimum length',0,'8',29,'server',NULL,NULL,'2015-11-27 08:17:41',NULL,NULL,'4.0',NULL,NULL,NULL,NULL,'SECURITY'),(3,'changepwdmodule.special_char','Special char','Special chars',0,'_|-#$',30,'server',NULL,NULL,'2015-11-27 08:17:41',NULL,NULL,'4.0',NULL,NULL,NULL,NULL,'SECURITY'),(4,'changepwdmodule.upper_char','Upper char','Minimum a char must be in upper case',0,'ABCDEFGJKLMNOPQRSTUVWXYZ',30,'server',NULL,NULL,'2015-11-27 08:17:41',NULL,NULL,'4.0',NULL,NULL,NULL,NULL,'SECURITY'),(5,'changepwdmodule.lower_char','Lower char','Minimum a char must be in lower case',0,'abcdefghjklmnopqrstuwxyz',30,'server',NULL,NULL,'2015-11-27 08:17:41',NULL,NULL,'4.0',NULL,NULL,NULL,NULL,'SECURITY'),(6,'changepwdmodule.number','Number','Minimum a char must be a number',0,'0123456789',30,'server',NULL,NULL,'2015-11-27 08:17:41',NULL,NULL,'4.0',NULL,NULL,NULL,NULL,'SECURITY'),(7,'changepwdmodule.alphabetical','Alaphabetical','Minimum a char must be a letter',0,'abcdefghjklmnopqrstuwxyzABCDEFGHIJKLMNOPQRSTUVWXYZ',30,'server',NULL,NULL,'2015-11-27 08:17:41',NULL,NULL,'4.0',NULL,NULL,NULL,NULL,'SECURITY'),(8,'changepwdmodule.change','Change from last','The new pwd must be different from the lastest',0,'',NULL,'server',NULL,NULL,'2015-11-27 08:17:41',NULL,NULL,'4.0',NULL,NULL,NULL,NULL,'SECURITY'),(9,'changepwd.change_first','Change at first login ','The pwd must be changed at first login',0,'',NULL,'server',NULL,NULL,'2015-11-27 08:17:41',NULL,NULL,'4.0',NULL,NULL,NULL,NULL,'SECURITY'),(10,'changepwd.disactivation_time','Disactivation time','Number of months before disactivation',0,'6',29,'server',NULL,NULL,'2015-11-27 08:17:41',NULL,NULL,'4.0',NULL,NULL,NULL,NULL,'SECURITY'),(11,'changepwd.expired_time','Expired time','Number of days fo the expiration',0,'90',29,'server',NULL,NULL,'2015-11-27 08:17:41',NULL,NULL,'4.0',NULL,NULL,NULL,NULL,'SECURITY'),(12,'SPAGOBI.SPAGOBI-MODE.mode','SpagoBI mode','Enable the WebApplication or Portal mode',0,'WEB',30,'server',NULL,NULL,'2015-11-27 08:17:41',NULL,NULL,'4.0',NULL,NULL,NULL,NULL,'GENERIC_CONFIGURATION'),(13,'SPAGOBI.HOME.BANNER.view','show the banner','banner',0,'true',30,'server',NULL,NULL,'2015-11-27 08:17:41',NULL,NULL,'4.0',NULL,NULL,NULL,NULL,'GENERIC_CONFIGURATION'),(14,'SPAGOBI.HOME.FOOTER.view','show the footer','footer',0,'true',30,'server',NULL,NULL,'2015-11-27 08:17:41',NULL,NULL,'4.0',NULL,NULL,NULL,NULL,'GENERIC_CONFIGURATION'),(15,'SPAGOBI.MENU.pathTracked','pathTracked','pathTracked',0,'true',30,'server',NULL,NULL,'2015-11-27 08:17:41',NULL,NULL,'4.0',NULL,NULL,NULL,NULL,'GENERIC_CONFIGURATION'),(16,'SPAGOBI.LOOKUP.numberRows','SPAGOBI LOOKUP numberRows','The numnber of rows showed in each list',1,'20',30,'server',NULL,NULL,'2015-11-27 08:17:41',NULL,NULL,'4.0',NULL,NULL,NULL,NULL,'GENERIC_CONFIGURATION'),(17,'SPAGOBI.RESOURCE_PATH_JNDI_NAME','RESOURCE PATH JNDI NAME','The name of the JNDI variable that contains the RESOURCE PATH',1,'java://comp/env/spagobi_resource_path',30,'server',NULL,NULL,'2015-11-27 08:17:41',NULL,NULL,'4.0',NULL,NULL,NULL,NULL,'GENERIC_CONFIGURATION'),(18,'SPAGOBI.SPAGOBI_HOST_JNDI','SPAGOBI HOST JNDI','HOST JNDI',1,'java://comp/env/spagobi_host_url',30,'server',NULL,NULL,'2015-11-27 08:17:41',NULL,NULL,'4.0',NULL,NULL,NULL,NULL,'GENERIC_CONFIGURATION'),(19,'SPAGOBI.SPAGO_ADAPTERHTTP_URL','ADAPTERHTTP URL','ADAPTERHTTP URL',1,'/servlet/AdapterHTTP',30,'server',NULL,NULL,'2015-11-27 08:17:41',NULL,NULL,'4.0',NULL,NULL,NULL,NULL,'GENERIC_CONFIGURATION'),(20,'SPAGOBI.TEMPLATE_MAX_SIZE','TEMPLATE MAX SIZE','TEMPLATE MAX SIZE',1,'5242880',30,'server',NULL,NULL,'2015-11-27 08:17:41',NULL,NULL,'4.0',NULL,NULL,NULL,NULL,'GENERIC_CONFIGURATION'),(21,'SPAGOBI.SPAGOBI_CONTEXT','SPAGOBI CONTEXT','SPAGOBI CONTEXT',1,'/SpagoBI',30,'server',NULL,NULL,'2015-11-27 08:17:41',NULL,NULL,'4.0',NULL,NULL,NULL,NULL,'GENERIC_CONFIGURATION'),(22,'SPAGOBI.SESSION_EXPIRED_URL','SESSION EXPIRED URL','SESSION EXPIRED URL',1,'/WEB-INF/jsp/commons/sessionExpired.jsp',30,'server',NULL,NULL,'2015-11-27 08:17:41',NULL,NULL,'4.0',NULL,NULL,NULL,NULL,'GENERIC_CONFIGURATION'),(23,'SPAGOBI.DATASET.maxResult','DATASET maxResult','maxResult',1,'500000',30,'server',NULL,NULL,'2015-11-27 08:17:41',NULL,NULL,'4.0',NULL,NULL,NULL,NULL,'GENERIC_CONFIGURATION'),(24,'SPAGOBI.SESSION_PARAMETERS_MANAGER.enabled','SESSION PARAMETERS MANAGER','enabled',1,'false',30,'server',NULL,NULL,'2015-11-27 08:17:41',NULL,NULL,'4.0',NULL,NULL,NULL,NULL,'GENERIC_CONFIGURATION'),(25,'SPAGOBI.DATASET_FILE_MAX_SIZE','DATASET FILE MAX SIZE','Max size for a file used as a dataset',1,'10485760',30,'server',NULL,NULL,'2015-11-27 08:17:41',NULL,NULL,'4.0',NULL,NULL,NULL,NULL,'GENERIC_CONFIGURATION'),(26,'SPAGOBI.EXECUTION.PARAMETERS.statePersistenceEnabled','Parameter state persistence enabled','if true the default value for each parameter will be set automatically equal to the last value selected by the user',1,'false',30,'server',NULL,NULL,'2015-11-27 08:17:41',NULL,NULL,'4.0',NULL,NULL,NULL,NULL,'GENERIC_CONFIGURATION'),(27,'SPAGOBI.EXECUTION.PARAMETERS.statePersistenceScope','Parameter state persistence scope','if equals SESSION the parameter state will be saved in session (i.e. reseted after each logout). If equals to BROWSER the parameter state will be saved in a cookie and preserver over different login sessions',1,'SESSION',30,'server',NULL,NULL,'2015-11-27 08:17:41',NULL,NULL,'4.0',NULL,NULL,NULL,NULL,'GENERIC_CONFIGURATION'),(28,'SPAGOBI.EXECUTION.PARAMETERS.mementoPersistenceEnabled','Parameter memento persistence enabled','if true the last N values selected from a parameter by the user will be stored and used as selection shortcut for future executions',1,'true',30,'server',NULL,NULL,'2015-11-27 08:17:41',NULL,NULL,'4.0',NULL,NULL,NULL,NULL,'GENERIC_CONFIGURATION'),(29,'SPAGOBI.EXECUTION.PARAMETERS.mementoPersistenceScope','Parameter memento persistence scope','if equals SESSION the parameter memento will be saved in session (i.e. reseted after each logout). If equals to BROWSER the parameter memento will be saved in a cookie and preserver over different login sessions',1,'BROWSER',30,'server',NULL,NULL,'2015-11-27 08:17:41',NULL,NULL,'4.0',NULL,NULL,NULL,NULL,'GENERIC_CONFIGURATION'),(30,'SPAGOBI.EXECUTION.PARAMETERS.mementoPersistenceDepth','Parameter memento persistence depth','The number of values to save into the memento object associated to each parameter',1,'5',30,'server',NULL,NULL,'2015-11-27 08:17:41',NULL,NULL,'4.0',NULL,NULL,NULL,NULL,'GENERIC_CONFIGURATION'),(31,'SPAGOBI.DATE-FORMAT-SERVER.format','SERVE DATE FORMAT','Date format for communications with the server (both on sending and receiving) format attribute is for server side services, see java.text.SimpleDateFormat for details, while extJsFormat is for ExtJs client, that use another standard, see http://extjs.com/deploy/dev/docs/. IF YOU CHANGE ONE FORMAT YOU MUST CHANGE THE OTHER ONE ACCORDINGLY.',1,'dd/MM/yyyy',30,'server',NULL,NULL,'2015-11-27 08:17:41',NULL,NULL,'4.0',NULL,NULL,NULL,NULL,'DATE-FORMAT'),(32,'SPAGOBI.DATE-FORMAT-SERVER.extJsFormat','EXTJS SERVER DATE FORMAT','extJsFormat',1,'d/m/Y',30,'server',NULL,NULL,'2015-11-27 08:17:41',NULL,NULL,'4.0',NULL,NULL,NULL,NULL,'DATE-FORMAT'),(33,'SPAGOBI.DATE-FORMAT.format','DATE FORMAT','Date visual format if language is not found',1,'dd/MM/yyyy',30,'server',NULL,NULL,'2015-11-27 08:17:41',NULL,NULL,'4.0',NULL,NULL,NULL,NULL,'DATE-FORMAT'),(34,'SPAGOBI.DATE-FORMAT.extJsFormat','EXTJS DATE FORMAT','Date visual format if language is not found',1,'d/m/Y',30,'server',NULL,NULL,'2015-11-27 08:17:41',NULL,NULL,'4.0',NULL,NULL,NULL,NULL,'DATE-FORMAT'),(35,'SPAGOBI.DATE-FORMAT-IT_IT.format','IT DATE FORMAT','Date format used while displaying dates according to user current locale.Format attribute is for old presentation mechanism, see java.text.SimpleDateFormat for details, while extJsFormat is for ExtJs client, that use another standard, see http://extjs.com/deploy/dev/docs/. IF YOU CHANGE ONE FORMAT YOU MUST CHANGE THE OTHER ONE ACCORDINGLY.',1,'dd/MM/yyyy',30,'server',NULL,NULL,'2015-11-27 08:17:41',NULL,NULL,'4.0',NULL,NULL,NULL,NULL,'DATE-FORMAT'),(36,'SPAGOBI.DATE-FORMAT-IT_IT.extJsFormat','EXTJS IT DATE FORMAT','extJsFormat',1,'d/m/Y',30,'server',NULL,NULL,'2015-11-27 08:17:41',NULL,NULL,'4.0',NULL,NULL,NULL,NULL,'DATE-FORMAT'),(37,'SPAGOBI.DATE-FORMAT-EN_US.format','US DATE FORMAT','Date format used while displaying dates according to user current locale.Format attribute is for old presentation mechanism, see java.text.SimpleDateFormat for details, while extJsFormat is for ExtJs client, that use another standard, see http://extjs.com/deploy/dev/docs/. IF YOU CHANGE ONE FORMAT YOU MUST CHANGE THE OTHER ONE ACCORDINGLY.',1,'MM/dd/yyyy',30,'server',NULL,NULL,'2015-11-27 08:17:41',NULL,NULL,'4.0',NULL,NULL,NULL,NULL,'DATE-FORMAT'),(38,'SPAGOBI.DATE-FORMAT-EN_US.extJsFormat','EXTJS US DATE FORMAT','extJsFormat',1,'m/d/Y',30,'server',NULL,NULL,'2015-11-27 08:17:41',NULL,NULL,'4.0',NULL,NULL,NULL,NULL,'DATE-FORMAT'),(39,'SPAGOBI.DATE-FORMAT-FR_FR.format','FR DATE FORMAT','Date format used while displaying dates according to user current locale.Format attribute is for old presentation mechanism, see java.text.SimpleDateFormat for details, while extJsFormat is for ExtJs client, that use another standard, see http://extjs.com/deploy/dev/docs/. IF YOU CHANGE ONE FORMAT YOU MUST CHANGE THE OTHER ONE ACCORDINGLY.',1,'dd/MM/yyyy',30,'server',NULL,NULL,'2015-11-27 08:17:41',NULL,NULL,'4.0',NULL,NULL,NULL,NULL,'DATE-FORMAT'),(40,'SPAGOBI.DATE-FORMAT-FR_FR.extJsFormat','EXTJS RF DATE FORMAT','extJsFormat',1,'d/m/Y',30,'server',NULL,NULL,'2015-11-27 08:17:41',NULL,NULL,'4.0',NULL,NULL,NULL,NULL,'DATE-FORMAT'),(41,'SPAGOBI.DATE-FORMAT-ES_ES.format','ES DATE FORMAT','Date format used while displaying dates according to user current locale.Format attribute is for old presentation mechanism, see java.text.SimpleDateFormat for details, while extJsFormat is for ExtJs client, that use another standard, see http://extjs.com/deploy/dev/docs/. IF YOU CHANGE ONE FORMAT YOU MUST CHANGE THE OTHER ONE ACCORDINGLY.',1,'dd/MM/yyyy',30,'server',NULL,NULL,'2015-11-27 08:17:41',NULL,NULL,'4.0',NULL,NULL,NULL,NULL,'DATE-FORMAT'),(42,'SPAGOBI.DATE-FORMAT-ES_ES.extJsFormat','EXTJS ES DATE FORMAT','extJsFormat',1,'d/m/Y',30,'server',NULL,NULL,'2015-11-27 08:17:41',NULL,NULL,'4.0',NULL,NULL,NULL,NULL,'DATE-FORMAT'),(43,'SPAGOBI.TIMESTAMP-FORMAT.format','TIMESTAMP FORMAT','TimeStamp Format of SpagoBI DB',1,'dd/MM/yyyy HH:mm:ss',30,'server',NULL,NULL,'2015-11-27 08:17:41',NULL,NULL,'4.0',NULL,NULL,NULL,NULL,'DATE-FORMAT'),(44,'SPAGOBI.TIMESTAMP-FORMAT.extJsFormat','EXTJS TIMESTAMP FORMAT','TimeStamp Format of SpagoBI DB',1,'d/m/Y H:i:s',30,'server',NULL,NULL,'2015-11-27 08:17:41',NULL,NULL,'4.0',NULL,NULL,NULL,NULL,'DATE-FORMAT'),(45,'SPAGOBI.ORGANIZATIONAL-UNIT.jndiDatasource','jndiDatasource','jndiDatasource',1,'java:comp/env/jdbc/foodmart',30,'server',NULL,NULL,'2015-11-27 08:17:41',NULL,NULL,'4.0',NULL,NULL,NULL,NULL,'ORGANIZATIONAL-UNIT'),(46,'SPAGOBI.ORGANIZATIONAL-UNIT.getHierarchiesQuery','getHierarchiesQuery','getHierarchiesQuery',1,'SELECT distinct store_country as HIERARCHY, \' \' as COMPANY FROM store',30,'server',NULL,NULL,'2015-11-27 08:17:41',NULL,NULL,'4.0',NULL,NULL,NULL,NULL,'ORGANIZATIONAL-UNIT'),(47,'SPAGOBI.ORGANIZATIONAL-UNIT.getOUsQuery','getOUsQuery','getOUsQuery',1,'SELECT distinct a.store_state as name, a.store_state as code FROM store a union select b.store_city as name, b.store_city as code from store b union select c.store_name as name , c.store_name as code from store c',30,'server',NULL,NULL,'2015-11-27 08:17:41',NULL,NULL,'4.0',NULL,NULL,NULL,NULL,'ORGANIZATIONAL-UNIT'),(48,'SPAGOBI.ORGANIZATIONAL-UNIT.getRootByHierarchy','getRootByHierarchy','getRootByHierarchy',1,'SELECT distinct store_country as code, store_country as name FROM store where store_country = ?',30,'server',NULL,NULL,'2015-11-27 08:17:41',NULL,NULL,'4.0',NULL,NULL,NULL,NULL,'ORGANIZATIONAL-UNIT'),(49,'SPAGOBI.ORGANIZATIONAL-UNIT.getChildrenByLevel','getChildrenByLevel','getChildrenByLevel',1,'select distinct ! as code, ! as name from store where store_country = ? ',30,'server',NULL,NULL,'2015-11-27 08:17:41',NULL,NULL,'4.0',NULL,NULL,NULL,NULL,'ORGANIZATIONAL-UNIT'),(50,'SPAGOBI.ORGANIZATIONAL-UNIT.getRootLeaves','getRootLeaves','getRootLeaves',1,'',30,'server',NULL,NULL,'2015-11-27 08:17:41',NULL,NULL,'4.0',NULL,NULL,NULL,NULL,'ORGANIZATIONAL-UNIT'),(51,'SPAGOBI.ORGANIZATIONAL-UNIT.provider','provider','provider',1,'it.eng.spagobi.kpi.ou.provider.OrganizationalUnitListProviderFoodmart',30,'server',NULL,NULL,'2015-11-27 08:17:41',NULL,NULL,'4.0',NULL,NULL,NULL,NULL,'ORGANIZATIONAL-UNIT'),(52,'SPAGOBI.SECURITY.DEFAULT_USER','DEFAULT_USER','DEFAULT_USER used by portal environment',1,'biadmin',30,'server',NULL,NULL,'2015-11-27 08:17:41',NULL,NULL,'4.0',NULL,NULL,NULL,NULL,'SECURITY'),(53,'SPAGOBI.SECURITY.PORTAL-SECURITY-CLASS.className','Security Info provider','Security Info provider',1,'it.eng.spagobi.security.InternalSecurityInfoProviderImpl',30,'server',NULL,NULL,'2015-11-27 08:17:41',NULL,NULL,'4.0',NULL,NULL,NULL,NULL,'SECURITY'),(54,'SPAGOBI.SECURITY.USER-PROFILE-FACTORY-CLASS.className','Security Service Supplier','Security Service Supplier',1,'it.eng.spagobi.security.InternalSecurityServiceSupplierImpl',30,'server',NULL,NULL,'2015-11-27 08:17:41',NULL,NULL,'4.0',NULL,NULL,NULL,NULL,'SECURITY'),(55,'SPAGOBI.SECURITY.PORTAL-SECURITY-INIT-CLASS.className','Security Initializer','Security Initializer',1,'it.eng.spagobi.security.init.InternalSecurityInitializer',30,'server',NULL,NULL,'2015-11-27 08:17:41',NULL,NULL,'4.0',NULL,NULL,NULL,NULL,'SECURITY'),(56,'SPAGOBI.SECURITY.ROLE-NAME-PATTERN-FILTER','ROLE NAME PATTERN FILTER','ROLE-NAME-PATTERN-FILTER',1,'.*',30,'server',NULL,NULL,'2015-11-27 08:17:41',NULL,NULL,'4.0',NULL,NULL,NULL,NULL,'SECURITY'),(57,'SPAGOBI.SECURITY.ROLE-TYPE-PATTERNS.DEV_ROLE-PATTERN','DEV ROLE PATTERN','DEV ROLE PATTERN',1,'/spagobi/dev',30,'server',NULL,NULL,'2015-11-27 08:17:41',NULL,NULL,'4.0',NULL,NULL,NULL,NULL,'SECURITY'),(58,'SPAGOBI.SECURITY.ROLE-TYPE-PATTERNS.TEST_ROLE-PATTERN','TEST ROLE PATTERN','TEST ROLE PATTERN',1,'/spagobi/test',30,'server',NULL,NULL,'2015-11-27 08:17:41',NULL,NULL,'4.0',NULL,NULL,NULL,NULL,'SECURITY'),(59,'SPAGOBI.SECURITY.ROLE-TYPE-PATTERNS.MODEL_ADMIN-PATTERN','MODEL ADMIN PATTERN','MODEL ADMIN PATTERN',1,'/spagobi/modeladmin',30,'server',NULL,NULL,'2015-11-27 08:17:41',NULL,NULL,'4.0',NULL,NULL,NULL,NULL,'SECURITY'),(60,'SPAGOBI.SECURITY.ROLE-TYPE-PATTERNS.ADMIN-PATTERN','ADMIN -PATTERN','ADMIN -PATTERN',1,'/spagobi/admin',30,'server',NULL,NULL,'2015-11-27 08:17:41',NULL,NULL,'4.0',NULL,NULL,NULL,NULL,'SECURITY'),(61,'CAS_SSO.VALIDATE-USER.URL','CAS VALIDATE USER URL','CAS VALIDATE USER URL',1,'https://athos.engilab.ewebpd.eng.it:1447/cas',30,'server',NULL,NULL,'2015-11-27 08:17:41',NULL,NULL,'4.0',NULL,NULL,NULL,NULL,'SECURITY'),(62,'CAS_SSO.VALIDATE-USER.SERVICE','CAS VALIDATE USER SERVICE','CAS VALIDATE USER SERVICE',1,'http://localhost:58080/SpagoBI/proxyCallback',30,'server',NULL,NULL,'2015-11-27 08:17:41',NULL,NULL,'4.0',NULL,NULL,NULL,NULL,'SECURITY'),(63,'SPAGOBI.PORTLET_EDIT_MODE_ROLES.ROLE.name','PORTLET EDIT MODE ROLES','PORTLET EDIT MODE ROLES',1,'/spagobi/admin',30,'server',NULL,NULL,'2015-11-27 08:17:41',NULL,NULL,'4.0',NULL,NULL,NULL,NULL,'SECURITY'),(64,'SPAGOBI_SSO.ACTIVE','ACTIVE SSO FLAG','ACTIVE SSO FLAG',1,'false',30,'server',NULL,NULL,'2015-11-27 08:17:41',NULL,NULL,'4.0',NULL,NULL,NULL,NULL,'SECURITY'),(65,'SPAGOBI_SSO.PASS','PASS String','Some proxy element use this string to do some security check',1,'PASS',30,'server',NULL,NULL,'2015-11-27 08:17:41',NULL,NULL,'4.0',NULL,NULL,NULL,NULL,'SECURITY'),(66,'SPAGOBI_SSO.SECURITY_LOGOUT_URL','SECURITY LOGOUT URL','',1,'https://athos.engilab.ewebpd.eng.it:1447/cas/logout',30,'server',NULL,NULL,'2015-11-27 08:17:41',NULL,NULL,'4.0',NULL,NULL,NULL,NULL,'SECURITY'),(67,'SPAGOBI_SSO.INTEGRATION_CLASS_JNDI','SSO INTEGRATION CLASS JNDI','SSO INTEGRATION CLASS JNDI',1,'java://comp/env/spagobi_sso_class',30,'server',NULL,NULL,'2015-11-27 08:17:41',NULL,NULL,'4.0',NULL,NULL,NULL,NULL,'SECURITY'),(68,'SPAGOBI.DB-TIMESTAMP-FORMAT.format','DB TIMESTAMP FORMAT','DB TIMESTAMP FORMAT',1,'yyyy-MM-dd HH:mm:ss',30,'server',NULL,NULL,'2015-11-27 08:17:41',NULL,NULL,'4.0',NULL,NULL,NULL,NULL,'DATE-FORMAT'),(69,'SPAGOBI.DB_LOG.value','DB LOG','DB LOG',1,'false',30,'server',NULL,NULL,'2015-11-27 08:17:41',NULL,NULL,'4.0',NULL,NULL,NULL,NULL,'DATE-FORMAT'),(70,'SPAGOBI.THEMES.THEMES','THEMEs','All themes',1,'sbi_default',30,'server',NULL,NULL,'2015-11-27 08:17:41',NULL,NULL,'4.0',NULL,NULL,NULL,NULL,'THEMES'),(71,'SPAGOBI.THEMES.THEME.default','THEME default','THEME.default',1,'sbi_default',30,'server',NULL,NULL,'2015-11-27 08:17:41',NULL,NULL,'4.0',NULL,NULL,NULL,NULL,'THEMES'),(72,'SPAGOBI.THEMES.THEME.sbi_default.view_name','THEME view_name','THEME.view_name',1,'default',30,'server',NULL,NULL,'2015-11-27 08:17:41',NULL,NULL,'4.0',NULL,NULL,NULL,NULL,'THEMES'),(73,'SPAGOBI.THEMES.THEME.sbi_default.ext_theme','THEME ext_theme','THEME.ext_theme',1,'xtheme-gray.css',30,'server',NULL,NULL,'2015-11-27 08:17:41',NULL,NULL,'4.0',NULL,NULL,NULL,NULL,'THEMES'),(74,'SPAGOBI.THEMES.THEME.sbi_default.name','default THEME name','THEME.default',1,'sbi_default',30,'server',NULL,NULL,'2015-11-27 08:17:41',NULL,NULL,'4.0',NULL,NULL,NULL,NULL,'THEMES'),(75,'SPAGOBI.LANGUAGE_SUPPORTED.LANGUAGES','LANGUAGES','All languages supported',1,'[it,IT],[en,US],[fr,FR],[es,ES]',30,'server',NULL,NULL,'2015-11-27 08:17:41',NULL,NULL,'4.0',NULL,NULL,NULL,NULL,'LANGUAGE_SUPPORTED'),(76,'SPAGOBI.LANGUAGE_SUPPORTED.LANGUAGE.default','default','default',1,'en,US',30,'server',NULL,NULL,'2015-11-27 08:17:41',NULL,NULL,'4.0',NULL,NULL,NULL,NULL,'LANGUAGE_SUPPORTED'),(77,'INDEX_INITIALIZATION.jndiResourcePath','INDEX_INITIALIZATION.jndiResourcePath','',1,'java://comp/env/spagobi_resource_path',30,'server',NULL,NULL,'2015-11-27 08:17:41',NULL,NULL,'4.0',NULL,NULL,NULL,NULL,'SEARCH_ENGINE'),(78,'INDEX_INITIALIZATION.name','INDEX_INITIALIZATION.jndiResourcePath','',1,'//idx',30,'server',NULL,NULL,'2015-11-27 08:17:41',NULL,NULL,'4.0',NULL,NULL,NULL,NULL,'SEARCH_ENGINE'),(79,'SCRIPT_LANGUAGE_DEFAULT','SCRIPT LANGUAGE DEFAULT','',1,'groovy',30,'server',NULL,NULL,'2015-11-27 08:17:41',NULL,NULL,'4.0',NULL,NULL,NULL,NULL,'SCRIPT_LANGUAGE'),(80,'SCRIPT_LANGUAGE.groovy.name','SCRIPT LANGUAGE.groovy.name','',1,'groovy',30,'server',NULL,NULL,'2015-11-27 08:17:41',NULL,NULL,'4.0',NULL,NULL,NULL,NULL,'SCRIPT_LANGUAGE'),(81,'SCRIPT_LANGUAGE.groovy.engineclass','SCRIPT LANGUAGE.groovy.engineclass','',1,'org.codehaus.groovy.bsf.GroovyEngine',30,'server',NULL,NULL,'2015-11-27 08:17:41',NULL,NULL,'4.0',NULL,NULL,NULL,NULL,'SCRIPT_LANGUAGE'),(82,'SCRIPT_LANGUAGE.groovy.shortidentifier','SCRIPT LANGUAGE.groovy.shortidentifier','',1,'gy',30,'server',NULL,NULL,'2015-11-27 08:17:41',NULL,NULL,'4.0',NULL,NULL,NULL,NULL,'SCRIPT_LANGUAGE'),(83,'SCRIPT_LANGUAGE.groovy.predefinedScriptFile','SCRIPT LANGUAGE.groovy.predefinedScriptFile','',1,'predefinedGroovyScript.groovy',30,'server',NULL,NULL,'2015-11-27 08:17:41',NULL,NULL,'4.0',NULL,NULL,NULL,NULL,'SCRIPT_LANGUAGE'),(84,'SCRIPT_LANGUAGE.groovy.identifier','SCRIPT LANGUAGE.groovy.identifier','',1,'groovy',30,'server',NULL,NULL,'2015-11-27 08:17:41',NULL,NULL,'4.0',NULL,NULL,NULL,NULL,'SCRIPT_LANGUAGE'),(85,'SCRIPT_LANGUAGE.javascript.name','SCRIPT LANGUAGE.groovy.name','',1,'javascript',30,'server',NULL,NULL,'2015-11-27 08:17:41',NULL,NULL,'4.0',NULL,NULL,NULL,NULL,'SCRIPT_LANGUAGE'),(86,'SCRIPT_LANGUAGE.javascript.shortidentifier','SCRIPT LANGUAGE.groovy.shortidentifier','',1,'js',30,'server',NULL,NULL,'2015-11-27 08:17:41',NULL,NULL,'4.0',NULL,NULL,NULL,NULL,'SCRIPT_LANGUAGE'),(87,'SCRIPT_LANGUAGE.javascript.predefinedScriptFile','SCRIPT LANGUAGE.groovy.predefinedScriptFile','',1,'predefinedJavascriptScript.js',30,'server',NULL,NULL,'2015-11-27 08:17:41',NULL,NULL,'4.0',NULL,NULL,NULL,NULL,'SCRIPT_LANGUAGE'),(88,'SCRIPT_LANGUAGE.javascript.identifier','SCRIPT LANGUAGE.groovy.identifier','',1,'javascript',30,'server',NULL,NULL,'2015-11-27 08:17:41',NULL,NULL,'4.0',NULL,NULL,NULL,NULL,'SCRIPT_LANGUAGE'),(89,'MAIL.PROFILES.trustedStore.file','Trusted Store File Path','',1,'',30,'server',NULL,NULL,'2015-11-27 08:17:41',NULL,NULL,'4.0',NULL,NULL,NULL,NULL,'MAIL'),(90,'MAIL.PROFILES.trustedStore.password','Trusted Store Password','',1,'',30,'server',NULL,NULL,'2015-11-27 08:17:41',NULL,NULL,'4.0',NULL,NULL,NULL,NULL,'MAIL'),(91,'MAIL.PROFILES.keyStore.file','Key Store File Path','',1,'',30,'server',NULL,NULL,'2015-11-27 08:17:41',NULL,NULL,'4.0',NULL,NULL,NULL,NULL,'MAIL'),(92,'MAIL.PROFILES.keyStore.password','Key Store Password','',1,'',30,'server',NULL,NULL,'2015-11-27 08:17:41',NULL,NULL,'4.0',NULL,NULL,NULL,NULL,'MAIL'),(93,'MAIL.PROFILES.scheduler.smtphost','Scheduler Smtp Host','',1,'mail.eng.it',30,'server',NULL,NULL,'2015-11-27 08:17:41',NULL,NULL,'4.0',NULL,NULL,NULL,NULL,'MAIL'),(94,'MAIL.PROFILES.scheduler.smtpport','Scheduler Smtp Port','',1,'465',30,'server',NULL,NULL,'2015-11-27 08:17:41',NULL,NULL,'4.0',NULL,NULL,NULL,NULL,'MAIL'),(95,'MAIL.PROFILES.scheduler.from','Scheduler From','',1,'spagobi@spagobidomain.com',30,'server',NULL,NULL,'2015-11-27 08:17:41',NULL,NULL,'4.0',NULL,NULL,NULL,NULL,'MAIL'),(96,'MAIL.PROFILES.scheduler.user','Scheduler User','',1,'',30,'server',NULL,NULL,'2015-11-27 08:17:41',NULL,NULL,'4.0',NULL,NULL,NULL,NULL,'MAIL'),(97,'MAIL.PROFILES.scheduler.password','Scheduler Password','',1,'',30,'server',NULL,NULL,'2015-11-27 08:17:41',NULL,NULL,'4.0',NULL,NULL,NULL,NULL,'MAIL'),(98,'MAIL.PROFILES.scheduler.useSSL','Use SSL Connection','',1,'false',30,'server',NULL,NULL,'2015-11-27 08:17:41',NULL,NULL,'4.0',NULL,NULL,NULL,NULL,'MAIL'),(99,'MAIL.PROFILES.user.smtphost','Scheduler Smtp Host','',1,'mail.eng.it',30,'server',NULL,NULL,'2015-11-27 08:17:41',NULL,NULL,'4.0',NULL,NULL,NULL,NULL,'MAIL'),(100,'MAIL.PROFILES.user.smtpport','Scheduler Smtp Port','',1,'465',30,'server',NULL,NULL,'2015-11-27 08:17:41',NULL,NULL,'4.0',NULL,NULL,NULL,NULL,'MAIL'),(101,'MAIL.PROFILES.user.from','Scheduler From','',1,'spagobi@spagobidomain.com',30,'server',NULL,NULL,'2015-11-27 08:17:41',NULL,NULL,'4.0',NULL,NULL,NULL,NULL,'MAIL'),(102,'MAIL.PROFILES.user.user','Scheduler User','',1,'',30,'server',NULL,NULL,'2015-11-27 08:17:41',NULL,NULL,'4.0',NULL,NULL,NULL,NULL,'MAIL'),(103,'MAIL.PROFILES.user.password','Scheduler Password','',1,'',30,'server',NULL,NULL,'2015-11-27 08:17:41',NULL,NULL,'4.0',NULL,NULL,NULL,NULL,'MAIL'),(104,'MAIL.PROFILES.user.useSSL','Use SSL Connection','',1,'false',30,'server',NULL,NULL,'2015-11-27 08:17:41',NULL,NULL,'4.0',NULL,NULL,NULL,NULL,'MAIL'),(105,'MAIL.PROFILES.kpi_alarm.smtphost','Scheduler Smtp Host','',1,'mail.eng.it',30,'server',NULL,NULL,'2015-11-27 08:17:41',NULL,NULL,'4.0',NULL,NULL,NULL,NULL,'MAIL'),(106,'MAIL.PROFILES.kpi_alarm.smtpport','Scheduler Smtp Port','',1,'465',30,'server',NULL,NULL,'2015-11-27 08:17:41',NULL,NULL,'4.0',NULL,NULL,NULL,NULL,'MAIL'),(107,'MAIL.PROFILES.kpi_alarm.from','Scheduler From','',1,'spagobi@spagobidomain.com',30,'server',NULL,NULL,'2015-11-27 08:17:41',NULL,NULL,'4.0',NULL,NULL,NULL,NULL,'MAIL'),(108,'MAIL.PROFILES.kpi_alarm.user','Scheduler User','',1,'',30,'server',NULL,NULL,'2015-11-27 08:17:41',NULL,NULL,'4.0',NULL,NULL,NULL,NULL,'MAIL'),(109,'MAIL.PROFILES.kpi_alarm.password','Scheduler Password','',1,'',30,'server',NULL,NULL,'2015-11-27 08:17:41',NULL,NULL,'4.0',NULL,NULL,NULL,NULL,'MAIL'),(110,'MAIL.PROFILES.kpi_alarm.useSSL','Use SSL Connection','',1,'false',30,'server',NULL,NULL,'2015-11-27 08:17:41',NULL,NULL,'4.0',NULL,NULL,NULL,NULL,'MAIL'),(111,'DATA_SET_NULL_VALUE','DATA_SET_NULL_VALUE','Default value to replace null dataset values',1,'%',30,'server',NULL,NULL,'2015-11-27 08:17:41',NULL,NULL,'4.0',NULL,NULL,NULL,NULL,'MAIL'),(112,'JNDI_THREAD_MANAGER','JNDI_THREAD_MANAGER','Jndi to build work manager',1,'java:/comp/env/wm/SpagoWorkManager',30,'server',NULL,NULL,'2015-11-27 08:17:41',NULL,NULL,'4.0',NULL,NULL,NULL,NULL,'GENERIC_CONFIGURATION'),(113,'SPAGOBI.SECURITY.CHECK_ROLE_LOGIN','SPAGOBI.SECURITY.CHECK_ROLE_LOGIN','Check the correct role in login action',0,'false',30,'server',NULL,NULL,'2015-11-27 08:17:41',NULL,NULL,'4.0',NULL,NULL,NULL,NULL,'SECURITY'),(114,'SPAGOBI.SECURITY.ROLE_LOGIN','SPAGOBI.SECURITY.ROLE_LOGIN','The value of the role to check at login module',0,'',30,'server',NULL,NULL,'2015-11-27 08:17:41',NULL,NULL,'4.0',NULL,NULL,NULL,NULL,'SECURITY'),(115,'SPAGOBI.SECURITY.USE_PUBLIC_USER','SPAGOBI.SECURITY.USE_PUBLIC_USER','Enables the use of the public user. Usable only without SSO!',0,'false',30,'server',NULL,NULL,'2015-11-27 08:17:41',NULL,NULL,'4.0',NULL,NULL,NULL,NULL,'SECURITY'),(116,'SPAGOBI.DOCUMENTBROWSER.HOME','SPAGOBI DOCUMENT BROWSER HOME','Default folder (by label) to visualize when opening document browser.',0,'',30,'server',NULL,NULL,'2015-11-27 08:17:41',NULL,NULL,'4.0',NULL,NULL,NULL,NULL,'GENERIC_CONFIGURATION'),(117,'SPAGOBI.DOCUMENTBROWSER.FLAT','SPAGOBI DOCUMENT BROWSER FLAT VIEW','Use a flat view to visualize only documents inside a folder',0,'false',30,'server',NULL,NULL,'2015-11-27 08:17:41',NULL,NULL,'4.0',NULL,NULL,NULL,NULL,'GENERIC_CONFIGURATION'),(118,'SPAGOBI.DOCUMENTBROWSER.RECURSIVE','SPAGOBI DOCUMENT BROWSER RECURSIVE VIEW','Use a recursive view to visualize documents inside a folder and all his subfolders',0,'false',30,'server',NULL,NULL,'2015-11-27 08:17:41',NULL,NULL,'4.0',NULL,NULL,NULL,NULL,'GENERIC_CONFIGURATION'),(119,'SPAGOBI.CUBE.MODEL.NAME','Model Name','The name of the model used to extract valid dimension definitions',0,'validation',30,'server',NULL,NULL,'2015-11-27 08:17:41',NULL,NULL,'4.0',NULL,NULL,NULL,NULL,'GENERIC_CONFIGURATION'),(120,'MAIL.SIGNUP.expired_time','Signup expired time','Signup expired time',0,'1',30,'server',NULL,NULL,'2015-11-27 08:17:41',NULL,NULL,'4.0',NULL,NULL,NULL,NULL,'GENERIC_CONFIGURATION'),(121,'MAIL.SIGNUP.body','Signup mail body','Signup mail body',0,'Per confermare l\'attivazione dell\'account utilizza il link riportato',30,'server',NULL,NULL,'2015-11-27 08:17:41',NULL,NULL,'4.0',NULL,NULL,NULL,NULL,'GENERIC_CONFIGURATION'),(122,'MAIL.SIGNUP.subject','Signup mail subject','Signup mail subject',0,'Creazione account SpagoBI',30,'server',NULL,NULL,'2015-11-27 08:17:41',NULL,NULL,'4.0',NULL,NULL,NULL,NULL,'GENERIC_CONFIGURATION'),(123,'SPAGOBI.SECURITY.DEFAULT_ROLE_ON_SIGNUP','Default user role name','Default user role on signup',1,'/spagobi/user',30,'server',NULL,NULL,'2015-11-27 08:17:41',NULL,NULL,'4.0',NULL,NULL,NULL,NULL,'SECURITY'),(124,'SPAGOBI.SECURITY.ACTIVE_SIGNUP_FUNCTIONALITY','SPAGOBI.SECURITY.ACTIVE_SIGNUP_FUNCTIONALITY','Enables the signup functionality for the final user',0,'false',30,'server',NULL,NULL,'2015-11-27 08:17:41',NULL,NULL,'4.0',NULL,NULL,NULL,NULL,'SECURITY'),(125,'SPAGOBI.CACHE.NAMEPREFIX','SPAGOBI.CACHE.NAMEPREFIX','Prefix for cache tables name',1,'sbicache',30,'server',NULL,NULL,'2015-11-27 08:17:41',NULL,NULL,'4.0',NULL,NULL,NULL,NULL,'GENERIC_CONFIGURATION'),(126,'SPAGOBI.CACHE.SPACE_AVAILABLE','SPAGOBI.CACHE.SPACE_AVAILABLE','Bytes of dimension available for cache management',1,'1073741824',29,'server',NULL,NULL,'2015-11-27 08:17:41',NULL,NULL,'4.0',NULL,NULL,NULL,NULL,'GENERIC_CONFIGURATION'),(127,'SPAGOBI.CACHE.LIMIT_FOR_CLEAN','SPAGOBI.CACHE.LIMIT_FOR_CLEAN','% of dimension of space cleaned when the cache is full',1,'50',29,'server',NULL,NULL,'2015-11-27 08:17:41',NULL,NULL,'4.0',NULL,NULL,NULL,NULL,'GENERIC_CONFIGURATION'),(128,'SPAGOBI.CACHE.SCHEDULING_FULL_CLEAN','SPAGOBI.CACHE.SCHEDULING_FULL_CLEAN','Scheduling configuration to perform a full cleaning action on the cache (this deletes any dataset into the cache!)',1,'DAILY',30,'server',NULL,NULL,'2015-11-27 08:17:41',NULL,NULL,'4.0',NULL,NULL,NULL,NULL,'GENERIC_CONFIGURATION'),(129,'SPAGOBI.CACHE.DS_LAST_ACCESS_TTL','SPAGOBI.CACHE.DS_LAST_ACCESS_TTL','Time To Live (from the last access) for a cached datasets',1,'3600',29,'server',NULL,NULL,'2015-11-27 08:17:41',NULL,NULL,'4.0',NULL,NULL,NULL,NULL,'GENERIC_CONFIGURATION'),(130,'SPAGOBI.CACHE.DATABASE_SCHEMA','SPAGOBI.CACHE.DATABASE_SCHEMA','name of the schema where the cache tables are created',1,'',30,'server',NULL,NULL,'2015-11-27 08:17:41',NULL,NULL,'4.0',NULL,NULL,NULL,NULL,'GENERIC_CONFIGURATION'),(131,'SPAGOBI.DOCUMENTS.MAX_PREVIEW_IMAGE_SIZE','Max preview image size','Max dimension for a document\'s preview image',1,'1048576',29,'server',NULL,NULL,'2015-11-27 08:17:41',NULL,NULL,'4.0',NULL,NULL,NULL,NULL,'GENERIC_CONFIGURATION'),(132,'SPAGOBI.DOCUMENTS.MAX_PREVIEW_IMAGES_NUM','Max preview images','Max number for documents\' preview images',1,'200',29,'server',NULL,NULL,'2015-11-27 08:17:41',NULL,NULL,'4.0',NULL,NULL,NULL,NULL,'GENERIC_CONFIGURATION'),(133,'SPAGOBI.DOCUMENTS.PARAMETERS_REGION_DEFAULT','Parameters Region Default','Where parameters form is shown (north or east) by default',1,'east',30,'server',NULL,NULL,'2015-11-27 08:17:41',NULL,NULL,'4.0',NULL,NULL,NULL,NULL,'GENERIC_CONFIGURATION'),(134,'SPAGOBI.HOME.SHOW_LOGOUT_ON_SILENT_LOGIN','SPAGOBI.HOME.SHOW_LOGOUT_ON_SILENT_LOGIN','Show the logout button in case of silent login',1,'true',30,'server',NULL,NULL,'2015-11-27 08:17:41',NULL,NULL,'4.0',NULL,NULL,NULL,NULL,'GENERIC_CONFIGURATION'),(135,'SPAGOBI.SOCIAL_ANALYSIS_URL','SPAGOBI SOCIAL ANALYSIS URL','SPAGOBI SOCIAL ANALYSIS URL',1,'/SpagoBISocialAnalysis/restful-services/start',30,'server',NULL,NULL,'2015-11-27 08:17:41',NULL,NULL,'4.0',NULL,NULL,NULL,NULL,'SOCIAL_CONFIGURATION'),(136,'SPAGOBI.SOCIAL_ANALYSIS_IS_ACTIVE','SPAGOBI SOCIAL ANALYSIS STATUS','SPAGOBI SOCIAL ANALYSIS STATUS',1,'true',30,'server',NULL,NULL,'2015-11-27 08:17:41',NULL,NULL,'4.0',NULL,NULL,NULL,NULL,'SOCIAL_CONFIGURATION'),(137,'SPAGOBI.DATASET.PREVIEW_ROWS','Number of rows to show for dataset preview','Number of rows to show for dataset preview',1,'1000',29,'server',NULL,NULL,'2015-11-27 08:17:41',NULL,NULL,'4.0',NULL,NULL,NULL,NULL,'GENERIC_CONFIGURATION'),(138,'SPAGOBI.DATASET.PERSIST.TABLE_PREFIX','Table name prefix for dataset persistence','Table name prefix for dataset persistence',1,'D_',30,'server',NULL,NULL,'2015-11-27 08:17:41',NULL,NULL,'4.0',NULL,NULL,NULL,NULL,'GENERIC_CONFIGURATION'),(139,'SPAGOBI.ON_SESSION_EXPIRED.SHOW_MESSAGE','SPAGOBI.ON_SESSION_EXPIRED.SHOW_MESSAGE','Flag to specify if an error message should be displayed in case the session expires, otherwise user will be redirected to login page',1,'FALSE',30,'server',NULL,NULL,'2015-11-27 08:17:41',NULL,NULL,'4.0',NULL,NULL,NULL,NULL,'GENERIC_CONFIGURATION');
/*!40000 ALTER TABLE `SBI_CONFIG` ENABLE KEYS */;
UNLOCK TABLES;

--
-- Table structure for table `SBI_DATA_SET`
--

DROP TABLE IF EXISTS `SBI_DATA_SET`;
/*!40101 SET @saved_cs_client     = @@character_set_client */;
/*!40101 SET character_set_client = utf8 */;
CREATE TABLE `SBI_DATA_SET` (
  `DS_ID` int(11) NOT NULL,
  `VERSION_NUM` int(11) NOT NULL,
  `ACTIVE` tinyint(1) NOT NULL,
  `DESCR` varchar(160) DEFAULT NULL,
  `LABEL` varchar(50) NOT NULL,
  `NAME` varchar(50) NOT NULL,
  `OBJECT_TYPE` varchar(50) DEFAULT NULL,
  `DS_METADATA` text,
  `PARAMS` varchar(4000) DEFAULT NULL,
  `CATEGORY_ID` int(11) DEFAULT NULL,
  `TRANSFORMER_ID` int(11) DEFAULT NULL,
  `PIVOT_COLUMN` varchar(50) DEFAULT NULL,
  `PIVOT_ROW` varchar(50) DEFAULT NULL,
  `PIVOT_VALUE` varchar(50) DEFAULT NULL,
  `NUM_ROWS` tinyint(1) DEFAULT '0',
  `IS_PERSISTED` tinyint(1) DEFAULT '0',
  `PERSIST_TABLE_NAME` varchar(50) DEFAULT NULL,
  `CONFIGURATION` text,
  `OWNER` varchar(50) DEFAULT NULL,
  `IS_PUBLIC` tinyint(1) DEFAULT '0',
  `USER_IN` varchar(100) NOT NULL,
  `USER_UP` varchar(100) DEFAULT NULL,
  `USER_DE` varchar(100) DEFAULT NULL,
  `TIME_IN` timestamp NOT NULL,
  `TIME_UP` timestamp NULL DEFAULT NULL,
  `TIME_DE` timestamp NULL DEFAULT NULL,
  `SBI_VERSION_IN` varchar(10) DEFAULT NULL,
  `SBI_VERSION_UP` varchar(10) DEFAULT NULL,
  `SBI_VERSION_DE` varchar(10) DEFAULT NULL,
  `META_VERSION` varchar(100) DEFAULT NULL,
  `ORGANIZATION` varchar(20) NOT NULL,
  `SCOPE_ID` int(11) DEFAULT NULL,
  PRIMARY KEY (`DS_ID`,`VERSION_NUM`,`ORGANIZATION`),
  UNIQUE KEY `XAK1SBI_DATA_SET` (`LABEL`,`VERSION_NUM`,`ORGANIZATION`),
  KEY `FK_DATA_SET_CATEGORY` (`CATEGORY_ID`),
  KEY `FK_SBI_DOMAINS_2` (`SCOPE_ID`),
  CONSTRAINT `FK_DATA_SET_CATEGORY` FOREIGN KEY (`CATEGORY_ID`) REFERENCES `SBI_DOMAINS` (`VALUE_ID`),
  CONSTRAINT `FK_SBI_DOMAINS_2` FOREIGN KEY (`SCOPE_ID`) REFERENCES `SBI_DOMAINS` (`VALUE_ID`) ON DELETE CASCADE
) ENGINE=InnoDB DEFAULT CHARSET=latin1;
/*!40101 SET character_set_client = @saved_cs_client */;

--
-- Dumping data for table `SBI_DATA_SET`
--

LOCK TABLES `SBI_DATA_SET` WRITE;
/*!40000 ALTER TABLE `SBI_DATA_SET` DISABLE KEYS */;
INSERT INTO `SBI_DATA_SET` VALUES (1,1,0,NULL,'Daily users','Daily users','SbiQueryDataSet','<?xml version=\"1.0\" encoding=\"ISO-8859-1\"?>\n<META version=\"1\">\n  <COLUMNLIST>\n    <COLUMN alias=\"time\" fieldType=\"ATTRIBUTE\" name=\"time\" type=\"java.sql.Date\"/>\n    <COLUMN alias=\"Android\" fieldType=\"ATTRIBUTE\" name=\"Android\" type=\"java.lang.Integer\"/>\n    <COLUMN alias=\"iPhone OS\" fieldType=\"ATTRIBUTE\" name=\"iPhone OS\" type=\"java.lang.Integer\"/>\n  </COLUMNLIST>\n  <DATASET>\n    <PROPERTY name=\"resultNumber\" value=\"110\"/>\n  </DATASET>\n</META>\n','<?xml version=\"1.0\" encoding=\"ISO-8859-1\"?>\n<PARAMETERSLIST>\n  <ROWS/>\n</PARAMETERSLIST>\n',NULL,NULL,NULL,NULL,NULL,0,0,'','{\"Query\":\"SELECT time, Android, iPhone_OS \'iPhone OS\' FROM spagobi_ebebek ORDER BY time ASC\",\"queryScript\":\"\",\"queryScriptLanguage\":\"\",\"dataSource\":\"Test datasource\"}','biadmin',0,'biadmin',NULL,NULL,'2015-11-27 08:30:20',NULL,NULL,'4.0',NULL,NULL,NULL,'SPAGOBI',NULL),(1,2,1,NULL,'Daily users','Daily users','SbiQueryDataSet','<?xml version=\"1.0\" encoding=\"ISO-8859-1\"?>\n<META version=\"1\">\n  <COLUMNLIST>\n    <COLUMN alias=\"time\" fieldType=\"ATTRIBUTE\" name=\"time\" type=\"java.sql.Date\"/>\n    <COLUMN alias=\"Android\" fieldType=\"MEASURE\" name=\"Android\" type=\"java.lang.Integer\"/>\n    <COLUMN alias=\"iPhone OS\" fieldType=\"MEASURE\" name=\"iPhone OS\" type=\"java.lang.Integer\"/>\n  </COLUMNLIST>\n  <DATASET>\n    <PROPERTY name=\"resultNumber\" value=\"110\"/>\n  </DATASET>\n</META>\n','<?xml version=\"1.0\" encoding=\"ISO-8859-1\"?>\n<PARAMETERSLIST>\n  <ROWS/>\n</PARAMETERSLIST>\n',NULL,NULL,NULL,NULL,NULL,0,0,'','{\"Query\":\"SELECT time, Android, iPhone_OS \'iPhone OS\' FROM spagobi_ebebek ORDER BY time ASC\",\"queryScript\":\"\",\"queryScriptLanguage\":\"\",\"dataSource\":\"Test datasource\"}','biadmin',0,'biadmin',NULL,NULL,'2015-11-27 08:30:30',NULL,NULL,'4.0',NULL,NULL,NULL,'SPAGOBI',NULL),(2,1,0,NULL,'Monthly users','Monthly users','SbiQueryDataSet','<?xml version=\"1.0\" encoding=\"ISO-8859-1\"?>\n<META version=\"1\">\n  <COLUMNLIST>\n    <COLUMN alias=\"time\" fieldType=\"ATTRIBUTE\" name=\"time\" type=\"java.sql.Date\"/>\n    <COLUMN alias=\"Android\" fieldType=\"MEASURE\" name=\"Android\" type=\"java.lang.Integer\"/>\n    <COLUMN alias=\"iPhone OS\" fieldType=\"MEASURE\" name=\"iPhone OS\" type=\"java.lang.Integer\"/>\n  </COLUMNLIST>\n  <DATASET>\n    <PROPERTY name=\"resultNumber\" value=\"6\"/>\n  </DATASET>\n</META>\n','<?xml version=\"1.0\" encoding=\"ISO-8859-1\"?>\n<PARAMETERSLIST>\n  <ROWS/>\n</PARAMETERSLIST>\n',NULL,NULL,NULL,NULL,NULL,0,0,'','{\"Query\":\"SELECT time, Android, iPhone_OS \'iPhone OS\' FROM spagobi_ebebek_new_users_monthly ORDER BY time ASC\",\"queryScript\":\"\",\"queryScriptLanguage\":\"\",\"dataSource\":\"Test datasource\"}','biadmin',0,'biadmin',NULL,NULL,'2015-11-27 08:32:20',NULL,NULL,'4.0',NULL,NULL,NULL,'SPAGOBI',NULL),(2,2,1,NULL,'Monthly users','Monthly users','SbiQueryDataSet','<?xml version=\"1.0\" encoding=\"ISO-8859-1\"?>\n<META version=\"1\">\n  <COLUMNLIST>\n    <COLUMN alias=\"month\" fieldType=\"ATTRIBUTE\" name=\"month\" type=\"java.lang.Long\"/>\n    <COLUMN alias=\"Android\" fieldType=\"MEASURE\" name=\"Android\" type=\"java.lang.Integer\"/>\n    <COLUMN alias=\"iPhone OS\" fieldType=\"MEASURE\" name=\"iPhone OS\" type=\"java.lang.Integer\"/>\n  </COLUMNLIST>\n  <DATASET>\n    <PROPERTY name=\"resultNumber\" value=\"6\"/>\n  </DATASET>\n</META>\n','<?xml version=\"1.0\" encoding=\"ISO-8859-1\"?>\n<PARAMETERSLIST>\n  <ROWS/>\n</PARAMETERSLIST>\n',NULL,NULL,NULL,NULL,NULL,0,0,'','{\"Query\":\"SELECT MONTH(time) month, Android, iPhone_OS \'iPhone OS\' FROM spagobi_ebebek_new_users_monthly ORDER BY time ASC\",\"queryScript\":\"\",\"queryScriptLanguage\":\"\",\"dataSource\":\"Test datasource\"}','biadmin',0,'biadmin',NULL,NULL,'2015-11-27 08:32:40',NULL,NULL,'4.0',NULL,NULL,NULL,'SPAGOBI',NULL);
/*!40000 ALTER TABLE `SBI_DATA_SET` ENABLE KEYS */;
UNLOCK TABLES;

--
-- Table structure for table `SBI_DATA_SOURCE`
--

DROP TABLE IF EXISTS `SBI_DATA_SOURCE`;
/*!40101 SET @saved_cs_client     = @@character_set_client */;
/*!40101 SET character_set_client = utf8 */;
CREATE TABLE `SBI_DATA_SOURCE` (
  `DS_ID` int(11) NOT NULL,
  `DESCR` varchar(160) DEFAULT NULL,
  `LABEL` varchar(50) NOT NULL,
  `JNDI` varchar(50) DEFAULT NULL,
  `URL_CONNECTION` varchar(500) DEFAULT NULL,
  `USERNAME` varchar(50) DEFAULT NULL,
  `PWD` varchar(50) DEFAULT NULL,
  `DRIVER` varchar(160) DEFAULT NULL,
  `DIALECT_ID` int(11) NOT NULL,
  `MULTI_SCHEMA` tinyint(1) NOT NULL DEFAULT '0',
  `ATTR_SCHEMA` varchar(45) DEFAULT NULL,
  `READ_ONLY` tinyint(1) DEFAULT '0',
  `WRITE_DEFAULT` tinyint(1) DEFAULT '0',
  `USER_IN` varchar(100) NOT NULL,
  `USER_UP` varchar(100) DEFAULT NULL,
  `USER_DE` varchar(100) DEFAULT NULL,
  `TIME_IN` timestamp NOT NULL,
  `TIME_UP` timestamp NULL DEFAULT NULL,
  `TIME_DE` timestamp NULL DEFAULT NULL,
  `SBI_VERSION_IN` varchar(10) DEFAULT NULL,
  `SBI_VERSION_UP` varchar(10) DEFAULT NULL,
  `SBI_VERSION_DE` varchar(10) DEFAULT NULL,
  `META_VERSION` varchar(100) DEFAULT NULL,
  `ORGANIZATION` varchar(20) DEFAULT NULL,
  PRIMARY KEY (`DS_ID`),
  UNIQUE KEY `XAK1SBI_DATA_SOURCE` (`LABEL`,`ORGANIZATION`),
  KEY `FK_SBI_DATA_SOURCE_1` (`DIALECT_ID`),
  CONSTRAINT `FK_SBI_DATA_SOURCE_1` FOREIGN KEY (`DIALECT_ID`) REFERENCES `SBI_DOMAINS` (`VALUE_ID`)
) ENGINE=InnoDB DEFAULT CHARSET=latin1;
/*!40101 SET character_set_client = @saved_cs_client */;

--
-- Dumping data for table `SBI_DATA_SOURCE`
--

LOCK TABLES `SBI_DATA_SOURCE` WRITE;
/*!40000 ALTER TABLE `SBI_DATA_SOURCE` DISABLE KEYS */;
INSERT INTO `SBI_DATA_SOURCE` VALUES (1,'Test datasource','Test datasource','','jdbc:mysql://173.194.238.120:3306/spagobi','spagobi-ebebek','spagobi','com.mysql.jdbc.Driver',67,0,'',0,1,'biadmin',NULL,NULL,'2015-11-27 08:25:06',NULL,NULL,'4.0',NULL,NULL,NULL,'SPAGOBI');
/*!40000 ALTER TABLE `SBI_DATA_SOURCE` ENABLE KEYS */;
UNLOCK TABLES;

--
-- Table structure for table `SBI_DIST_LIST`
--

DROP TABLE IF EXISTS `SBI_DIST_LIST`;
/*!40101 SET @saved_cs_client     = @@character_set_client */;
/*!40101 SET character_set_client = utf8 */;
CREATE TABLE `SBI_DIST_LIST` (
  `DL_ID` int(11) NOT NULL,
  `NAME` varchar(40) NOT NULL,
  `DESCR` varchar(160) DEFAULT NULL,
  `USER_IN` varchar(100) NOT NULL,
  `USER_UP` varchar(100) DEFAULT NULL,
  `USER_DE` varchar(100) DEFAULT NULL,
  `TIME_IN` timestamp NOT NULL,
  `TIME_UP` timestamp NULL DEFAULT NULL,
  `TIME_DE` timestamp NULL DEFAULT NULL,
  `SBI_VERSION_IN` varchar(10) DEFAULT NULL,
  `SBI_VERSION_UP` varchar(10) DEFAULT NULL,
  `SBI_VERSION_DE` varchar(10) DEFAULT NULL,
  `META_VERSION` varchar(100) DEFAULT NULL,
  `ORGANIZATION` varchar(20) DEFAULT NULL,
  PRIMARY KEY (`DL_ID`),
  UNIQUE KEY `XAK1SBI_SBI_DIST_LIST` (`NAME`,`ORGANIZATION`)
) ENGINE=InnoDB DEFAULT CHARSET=latin1;
/*!40101 SET character_set_client = @saved_cs_client */;

--
-- Dumping data for table `SBI_DIST_LIST`
--

LOCK TABLES `SBI_DIST_LIST` WRITE;
/*!40000 ALTER TABLE `SBI_DIST_LIST` DISABLE KEYS */;
/*!40000 ALTER TABLE `SBI_DIST_LIST` ENABLE KEYS */;
UNLOCK TABLES;

--
-- Table structure for table `SBI_DIST_LIST_OBJECTS`
--

DROP TABLE IF EXISTS `SBI_DIST_LIST_OBJECTS`;
/*!40101 SET @saved_cs_client     = @@character_set_client */;
/*!40101 SET character_set_client = utf8 */;
CREATE TABLE `SBI_DIST_LIST_OBJECTS` (
  `REL_ID` int(11) NOT NULL,
  `DOC_ID` int(11) NOT NULL,
  `DL_ID` int(11) NOT NULL,
  `XML` varchar(5000) NOT NULL,
  `USER_IN` varchar(100) NOT NULL,
  `USER_UP` varchar(100) DEFAULT NULL,
  `USER_DE` varchar(100) DEFAULT NULL,
  `TIME_IN` timestamp NOT NULL,
  `TIME_UP` timestamp NULL DEFAULT NULL,
  `TIME_DE` timestamp NULL DEFAULT NULL,
  `SBI_VERSION_IN` varchar(10) DEFAULT NULL,
  `SBI_VERSION_UP` varchar(10) DEFAULT NULL,
  `SBI_VERSION_DE` varchar(10) DEFAULT NULL,
  `META_VERSION` varchar(100) DEFAULT NULL,
  `ORGANIZATION` varchar(20) DEFAULT NULL,
  PRIMARY KEY (`REL_ID`),
  KEY `FK_SBI_DIST_LIST_OBJECTS_1` (`DOC_ID`),
  KEY `FK_SBI_DIST_LIST_OBJECTS_2` (`DL_ID`),
  CONSTRAINT `FK_SBI_DIST_LIST_OBJECTS_1` FOREIGN KEY (`DOC_ID`) REFERENCES `SBI_OBJECTS` (`BIOBJ_ID`) ON DELETE CASCADE,
  CONSTRAINT `FK_SBI_DIST_LIST_OBJECTS_2` FOREIGN KEY (`DL_ID`) REFERENCES `SBI_DIST_LIST` (`DL_ID`) ON DELETE CASCADE
) ENGINE=InnoDB DEFAULT CHARSET=latin1;
/*!40101 SET character_set_client = @saved_cs_client */;

--
-- Dumping data for table `SBI_DIST_LIST_OBJECTS`
--

LOCK TABLES `SBI_DIST_LIST_OBJECTS` WRITE;
/*!40000 ALTER TABLE `SBI_DIST_LIST_OBJECTS` DISABLE KEYS */;
/*!40000 ALTER TABLE `SBI_DIST_LIST_OBJECTS` ENABLE KEYS */;
UNLOCK TABLES;

--
-- Table structure for table `SBI_DIST_LIST_USER`
--

DROP TABLE IF EXISTS `SBI_DIST_LIST_USER`;
/*!40101 SET @saved_cs_client     = @@character_set_client */;
/*!40101 SET character_set_client = utf8 */;
CREATE TABLE `SBI_DIST_LIST_USER` (
  `DLU_ID` int(11) NOT NULL,
  `LIST_ID` int(11) NOT NULL,
  `USER_ID` varchar(40) NOT NULL,
  `E_MAIL` varchar(70) NOT NULL,
  `USER_IN` varchar(100) NOT NULL,
  `USER_UP` varchar(100) DEFAULT NULL,
  `USER_DE` varchar(100) DEFAULT NULL,
  `TIME_IN` timestamp NOT NULL,
  `TIME_UP` timestamp NULL DEFAULT NULL,
  `TIME_DE` timestamp NULL DEFAULT NULL,
  `SBI_VERSION_IN` varchar(10) DEFAULT NULL,
  `SBI_VERSION_UP` varchar(10) DEFAULT NULL,
  `SBI_VERSION_DE` varchar(10) DEFAULT NULL,
  `META_VERSION` varchar(100) DEFAULT NULL,
  `ORGANIZATION` varchar(20) DEFAULT NULL,
  PRIMARY KEY (`DLU_ID`),
  UNIQUE KEY `XAK1SBI_DL_USER` (`LIST_ID`,`USER_ID`),
  CONSTRAINT `FK_SBI_DIST_LIST_USER_1` FOREIGN KEY (`LIST_ID`) REFERENCES `SBI_DIST_LIST` (`DL_ID`) ON DELETE CASCADE
) ENGINE=InnoDB DEFAULT CHARSET=latin1;
/*!40101 SET character_set_client = @saved_cs_client */;

--
-- Dumping data for table `SBI_DIST_LIST_USER`
--

LOCK TABLES `SBI_DIST_LIST_USER` WRITE;
/*!40000 ALTER TABLE `SBI_DIST_LIST_USER` DISABLE KEYS */;
/*!40000 ALTER TABLE `SBI_DIST_LIST_USER` ENABLE KEYS */;
UNLOCK TABLES;

--
-- Table structure for table `SBI_DOMAINS`
--

DROP TABLE IF EXISTS `SBI_DOMAINS`;
/*!40101 SET @saved_cs_client     = @@character_set_client */;
/*!40101 SET character_set_client = utf8 */;
CREATE TABLE `SBI_DOMAINS` (
  `VALUE_ID` int(11) NOT NULL,
  `VALUE_CD` varchar(100) DEFAULT NULL,
  `VALUE_NM` varchar(40) DEFAULT NULL,
  `DOMAIN_CD` varchar(20) DEFAULT NULL,
  `DOMAIN_NM` varchar(40) DEFAULT NULL,
  `VALUE_DS` varchar(160) DEFAULT NULL,
  `USER_IN` varchar(100) NOT NULL,
  `USER_UP` varchar(100) DEFAULT NULL,
  `USER_DE` varchar(100) DEFAULT NULL,
  `TIME_IN` timestamp NOT NULL,
  `TIME_UP` timestamp NULL DEFAULT NULL,
  `TIME_DE` timestamp NULL DEFAULT NULL,
  `SBI_VERSION_IN` varchar(10) DEFAULT NULL,
  `SBI_VERSION_UP` varchar(10) DEFAULT NULL,
  `SBI_VERSION_DE` varchar(10) DEFAULT NULL,
  `META_VERSION` varchar(100) DEFAULT NULL,
  `ORGANIZATION` varchar(20) DEFAULT NULL,
  PRIMARY KEY (`VALUE_ID`),
  UNIQUE KEY `XAK1SBI_DOMAINS` (`VALUE_CD`,`DOMAIN_CD`)
) ENGINE=InnoDB DEFAULT CHARSET=latin1;
/*!40101 SET character_set_client = @saved_cs_client */;

--
-- Dumping data for table `SBI_DOMAINS`
--

LOCK TABLES `SBI_DOMAINS` WRITE;
/*!40000 ALTER TABLE `SBI_DOMAINS` DISABLE KEYS */;
INSERT INTO `SBI_DOMAINS` VALUES (1,'QUERY','sbidomains.nm.query','INPUT_TYPE','Input mode and values','sbidomains.ds.query','server',NULL,NULL,'2015-11-27 08:17:37',NULL,NULL,'4.0',NULL,NULL,NULL,NULL),(2,'SCRIPT','sbidomains.nm.script','INPUT_TYPE','Input mode and values','sbidomains.ds.script','server',NULL,NULL,'2015-11-27 08:17:37',NULL,NULL,'4.0',NULL,NULL,NULL,NULL),(3,'FIX_LOV','sbidomains.nm.fix_lov','INPUT_TYPE','Input mode and values','sbidomains.ds.fix_lov','server',NULL,NULL,'2015-11-27 08:17:37',NULL,NULL,'4.0',NULL,NULL,NULL,NULL),(4,'JAVA_CLASS','sbidomains.nm.java_class','INPUT_TYPE','Input mode and values','sbidomains.ds.java_class','server',NULL,NULL,'2015-11-27 08:17:37',NULL,NULL,'4.0',NULL,NULL,NULL,NULL),(5,'DATASET','sbidomains.nm.dataset','INPUT_TYPE','Input mode and values','sbidomains.ds.dataset','server',NULL,NULL,'2015-11-27 08:17:37',NULL,NULL,'4.0',NULL,NULL,NULL,NULL),(6,'REPORT','sbidomains.nm.report','BIOBJ_TYPE','BI Object types','sbidomains.ds.report','server',NULL,NULL,'2015-11-27 08:17:37',NULL,NULL,'4.0',NULL,NULL,NULL,NULL),(7,'OLAP','sbidomains.nm.olap','BIOBJ_TYPE','BI Object types','sbidomains.ds.olap','server',NULL,NULL,'2015-11-27 08:17:37',NULL,NULL,'4.0',NULL,NULL,NULL,NULL),(8,'DATA_MINING','sbidomains.nm.data_mining','BIOBJ_TYPE','BI Object types','sbidomains.ds.data_mining','server',NULL,NULL,'2015-11-27 08:17:37',NULL,NULL,'4.0',NULL,NULL,NULL,NULL),(9,'DASH','sbidomains.nm.dash','BIOBJ_TYPE','BI Object types','sbidomains.ds.dash','server',NULL,NULL,'2015-11-27 08:17:37',NULL,NULL,'4.0',NULL,NULL,NULL,NULL),(10,'DATAMART','sbidomains.nm.datamart','BIOBJ_TYPE','BI Object types','sbidomains.ds.datamart','server',NULL,NULL,'2015-11-27 08:17:37',NULL,NULL,'4.0',NULL,NULL,NULL,NULL),(11,'MAP','sbidomains.nm.map','BIOBJ_TYPE','BI Object types','sbidomains.ds.map','server',NULL,NULL,'2015-11-27 08:17:37',NULL,NULL,'4.0',NULL,NULL,NULL,NULL),(12,'DOSSIER','sbidomains.nm.dossier','BIOBJ_TYPE','BI Object types','sbidomains.ds.dossier','server',NULL,NULL,'2015-11-27 08:17:37',NULL,NULL,'4.0',NULL,NULL,NULL,NULL),(13,'OFFICE_DOC','sbidomains.nm.office_doc','BIOBJ_TYPE','BI Object types','sbidomains.ds.office_doc','server',NULL,NULL,'2015-11-27 08:17:37',NULL,NULL,'4.0',NULL,NULL,NULL,NULL),(14,'ETL','sbidomains.nm.etl','BIOBJ_TYPE','BI Object types','sbidomains.ds.etl','server',NULL,NULL,'2015-11-27 08:17:37',NULL,NULL,'4.0',NULL,NULL,NULL,NULL),(15,'DOCUMENT_COMPOSITE','sbidomains.nm.document_composite','BIOBJ_TYPE','BI Object types','sbidomains.ds.document_composite','server',NULL,NULL,'2015-11-27 08:17:37',NULL,NULL,'4.0',NULL,NULL,NULL,NULL),(16,'KPI','Kpi','BIOBJ_TYPE','BI Object types','Kpi business indicator','server',NULL,NULL,'2015-11-27 08:17:37',NULL,NULL,'4.0',NULL,NULL,NULL,NULL),(17,'SMART_FILTER','sbidomains.nm.smart_filter','BIOBJ_TYPE','BI Object types','sbidomains.ds.smart_filter','server',NULL,NULL,'2015-11-27 08:17:37',NULL,NULL,'4.0',NULL,NULL,NULL,NULL),(18,'CONSOLE','Console','BIOBJ_TYPE','BI Object types','sbidomains.ds.console','server',NULL,NULL,'2015-11-27 08:17:37',NULL,NULL,'4.0',NULL,NULL,NULL,NULL),(19,'WORKSHEET','sbidomains.nm.worksheet','BIOBJ_TYPE','BI Object types','sbidomains.ds.worksheet','server',NULL,NULL,'2015-11-27 08:17:37',NULL,NULL,'4.0',NULL,NULL,NULL,NULL),(20,'CHART','sbidomains.nm.chart','BIOBJ_TYPE','BI Object types','sbidomains.ds.chart','server',NULL,NULL,'2015-11-27 08:17:37',NULL,NULL,'4.0',NULL,NULL,NULL,NULL),(21,'MOBILE_REPORT','sbidomains.nm.mobile.report','BIOBJ_TYPE','BI Object types','sbidomains.ds.mobile.report','server',NULL,NULL,'2015-11-27 08:17:37',NULL,NULL,'4.0',NULL,NULL,NULL,NULL),(22,'MOBILE_CHART','sbidomains.nm.mobile.chart','BIOBJ_TYPE','BI Object types','sbidomains.ds.mobile.chart','server',NULL,NULL,'2015-11-27 08:17:37',NULL,NULL,'4.0',NULL,NULL,NULL,NULL),(23,'MOBILE_COCKPIT','sbidomains.nm.mobile.cockpit','BIOBJ_TYPE','BI Object types','sbidomains.ds.mobile.cockpit','server',NULL,NULL,'2015-11-27 08:17:37',NULL,NULL,'4.0',NULL,NULL,NULL,NULL),(24,'NETWORK','sbidomains.nm.network','BIOBJ_TYPE','BI Object types','sbidomains.ds.network','server',NULL,NULL,'2015-11-27 08:17:37',NULL,NULL,'4.0',NULL,NULL,NULL,NULL),(25,'BOOL','sbidomains.nm.bool','VALUE_TYPE','Input value types to check','sbidomains.ds.bool','server',NULL,NULL,'2015-11-27 08:17:37',NULL,NULL,'4.0',NULL,NULL,NULL,NULL),(26,'SINGLE','sbidomains.nm.single','VALUE_TYPE','Input value types to check','sbidomains.ds.single','server',NULL,NULL,'2015-11-27 08:17:37',NULL,NULL,'4.0',NULL,NULL,NULL,NULL),(27,'MULTI','sbidomains.nm.multi','VALUE_TYPE','Input value types to check','sbidomains.ds.multi','server',NULL,NULL,'2015-11-27 08:17:37',NULL,NULL,'4.0',NULL,NULL,NULL,NULL),(28,'DATE','sbidomains.nm.date','PAR_TYPE','Parameter type','sbidomains.ds.date','server',NULL,NULL,'2015-11-27 08:17:37',NULL,NULL,'4.0',NULL,NULL,NULL,NULL),(29,'NUM','sbidomains.nm.num','PAR_TYPE','Parameter type','sbidomains.ds.num','server',NULL,NULL,'2015-11-27 08:17:37',NULL,NULL,'4.0',NULL,NULL,NULL,NULL),(30,'STRING','sbidomains.nm.string','PAR_TYPE','Parameter type','sbidomains.ds.string','server',NULL,NULL,'2015-11-27 08:17:37',NULL,NULL,'4.0',NULL,NULL,NULL,NULL),(31,'USER','sbidomains.nm.user','ROLE_TYPE','Role type','sbidomains.ds.user','server',NULL,NULL,'2015-11-27 08:17:37',NULL,NULL,'4.0',NULL,NULL,NULL,NULL),(32,'ADMIN','sbidomains.nm.admin','ROLE_TYPE','Role type','sbidomains.ds.admin','server',NULL,NULL,'2015-11-27 08:17:37',NULL,NULL,'4.0',NULL,NULL,NULL,NULL),(33,'DEV_ROLE','sbidomains.nm.dev_role','ROLE_TYPE','Role type','sbidomains.ds.dev_role','server',NULL,NULL,'2015-11-27 08:17:37',NULL,NULL,'4.0',NULL,NULL,NULL,NULL),(34,'TEST_ROLE','sbidomains.nm.test_role','ROLE_TYPE','Role type','sbidomains.ds.test_role','server',NULL,NULL,'2015-11-27 08:17:37',NULL,NULL,'4.0',NULL,NULL,NULL,NULL),(35,'MODEL_ADMIN','sbidomains.nm.model_admin','ROLE_TYPE','Role type','sbidomains.ds.model_admin','server',NULL,NULL,'2015-11-27 08:17:37',NULL,NULL,'4.0',NULL,NULL,NULL,NULL),(36,'SUSP','sbidomains.nm.susp','STATE','Object state','sbidomains.ds.susp','server',NULL,NULL,'2015-11-27 08:17:37',NULL,NULL,'4.0',NULL,NULL,NULL,NULL),(37,'LOW_FUNCT','sbidomains.nm.low_funct','FUNCT_TYPE','Functionality','sbidomains.ds.low_funct','server',NULL,NULL,'2015-11-27 08:17:37',NULL,NULL,'4.0',NULL,NULL,NULL,NULL),(38,'USER_FUNCT','sbidomains.nm.user_funct','FUNCT_TYPE','Functionality','sbidomains.ds.user_funct','server',NULL,NULL,'2015-11-27 08:17:37',NULL,NULL,'4.0',NULL,NULL,NULL,NULL),(39,'COMMUNITY_FUNCT','sbidomains.nm.community_funct','FUNCT_TYPE','Functionality','sbidomains.ds.community_funct','server',NULL,NULL,'2015-11-27 08:17:37',NULL,NULL,'4.0',NULL,NULL,NULL,NULL),(40,'DEV','sbidomains.nm.dev','STATE','Object state','sbidomains.ds.dev','server',NULL,NULL,'2015-11-27 08:17:37',NULL,NULL,'4.0',NULL,NULL,NULL,NULL),(41,'TEST','sbidomains.nm.test','STATE','Object state','sbidomains.ds.test','server',NULL,NULL,'2015-11-27 08:17:37',NULL,NULL,'4.0',NULL,NULL,NULL,NULL),(42,'REL','sbidomains.nm.rel','STATE','Object state','sbidomains.ds.rel','server',NULL,NULL,'2015-11-27 08:17:37',NULL,NULL,'4.0',NULL,NULL,NULL,NULL),(43,'DATE','sbidomains.nm.date','CHECK','Check','sbidomains.ds.date','server',NULL,NULL,'2015-11-27 08:17:37',NULL,NULL,'4.0',NULL,NULL,NULL,NULL),(44,'REGEXP','sbidomains.nm.regexp','CHECK','Check','sbidomains.ds.regexp','server',NULL,NULL,'2015-11-27 08:17:37',NULL,NULL,'4.0',NULL,NULL,NULL,NULL),(45,'MAXLENGTH','sbidomains.nm.maxlength','CHECK','Check','sbidomains.ds.maxlength','server',NULL,NULL,'2015-11-27 08:17:37',NULL,NULL,'4.0',NULL,NULL,NULL,NULL),(46,'RANGE','sbidomains.nm.range','CHECK','Check','sbidomains.ds.range','server',NULL,NULL,'2015-11-27 08:17:37',NULL,NULL,'4.0',NULL,NULL,NULL,NULL),(47,'DECIMALS','sbidomains.nm.decimals','CHECK','Check','sbidomains.ds.decimals','server',NULL,NULL,'2015-11-27 08:17:37',NULL,NULL,'4.0',NULL,NULL,NULL,NULL),(48,'MINLENGTH','sbidomains.nm.minlength','CHECK','Check','sbidomains.ds.minlength','server',NULL,NULL,'2015-11-27 08:17:37',NULL,NULL,'4.0',NULL,NULL,NULL,NULL),(49,'INTERNET ADDRESS','sbidomains.nm.internet_address','PRED_CHECK','Pred Check','sbidomains.ds.internet_address','server',NULL,NULL,'2015-11-27 08:17:37',NULL,NULL,'4.0',NULL,NULL,NULL,NULL),(50,'NUMERIC','sbidomains.nm.numeric','PRED_CHECK','Pred Check','sbidomains.ds.numeric','server',NULL,NULL,'2015-11-27 08:17:37',NULL,NULL,'4.0',NULL,NULL,NULL,NULL),(51,'ALFANUMERIC','sbidomains.nm.alfanumeric','PRED_CHECK','Pred Check','sbidomains.ds.alfanumeric','server',NULL,NULL,'2015-11-27 08:17:37',NULL,NULL,'4.0',NULL,NULL,NULL,NULL),(52,'LETTERSTRING','sbidomains.nm.letterstring','PRED_CHECK','Pred Check','sbidomains.ds.letterstring','server',NULL,NULL,'2015-11-27 08:17:37',NULL,NULL,'4.0',NULL,NULL,NULL,NULL),(53,'FISCALCODE','sbidomains.nm.fiscalcode','PRED_CHECK','Pred Check','sbidomains.ds.fiscalcode','server',NULL,NULL,'2015-11-27 08:17:37',NULL,NULL,'4.0',NULL,NULL,NULL,NULL),(54,'EMAIL','sbidomains.nm.email','PRED_CHECK','Pred Check','sbidomains.ds.email','server',NULL,NULL,'2015-11-27 08:17:37',NULL,NULL,'4.0',NULL,NULL,NULL,NULL),(55,'EXT','sbidomains.nm.ext','ENGINE_TYPE','Engine types','sbidomains.ds.ext','server',NULL,NULL,'2015-11-27 08:17:37',NULL,NULL,'4.0',NULL,NULL,NULL,NULL),(56,'INT','sbidomains.nm.int','ENGINE_TYPE','Engine types','sbidomains.ds.int','server',NULL,NULL,'2015-11-27 08:17:37',NULL,NULL,'4.0',NULL,NULL,NULL,NULL),(57,'LIST','sbidomains.nm.list','SELECTION_TYPE','Selection modality of parameter values','sbidomains.ds.list','server',NULL,NULL,'2015-11-27 08:17:37',NULL,NULL,'4.0',NULL,NULL,NULL,NULL),(58,'LOOKUP','sbidomains.nm.lookup','SELECTION_TYPE','Selection modality of parameter values','sbidomains.ds.lookup','server',NULL,NULL,'2015-11-27 08:17:37',NULL,NULL,'4.0',NULL,NULL,NULL,NULL),(59,'SLIDER','sbidomains.nm.slider','SELECTION_TYPE','Selection modality of parameter values','sbidomains.ds.slider','server',NULL,NULL,'2015-11-27 08:17:37',NULL,NULL,'4.0',NULL,NULL,NULL,NULL),(60,'TREE','sbidomains.nm.tree','SELECTION_TYPE','Selection modality of parameter values','sbidomains.ds.tree','server',NULL,NULL,'2015-11-27 08:17:37',NULL,NULL,'4.0',NULL,NULL,NULL,NULL),(61,'COMBOBOX','sbidomains.nm.combobox','SELECTION_TYPE','Selection modality of parameter values','sbidomains.ds.combobox','server',NULL,NULL,'2015-11-27 08:17:37',NULL,NULL,'4.0',NULL,NULL,NULL,NULL),(62,'-1','sbidomains.nm.default','DIALECT_HIB','Predefined hibernate dialect','sbidomains.ds.default','server',NULL,NULL,'2015-11-27 08:17:37',NULL,NULL,'4.0',NULL,NULL,NULL,NULL),(63,'org.hibernate.dialect.OracleDialect','sbidomains.nm.oracle','DIALECT_HIB','Predefined hibernate dialect','sbidomains.ds.oracle','server',NULL,NULL,'2015-11-27 08:17:37',NULL,NULL,'4.0',NULL,NULL,NULL,NULL),(64,'org.hibernate.dialect.Oracle9Dialect','sbidomains.nm.oracle_9i10g','DIALECT_HIB','Predefined hibernate dialect','sbidomains.ds.oracle_9i10g','server',NULL,NULL,'2015-11-27 08:17:37',NULL,NULL,'4.0',NULL,NULL,NULL,NULL),(65,'org.hibernate.dialect.SQLServerDialect','sbidomains.nm.sqlserver','DIALECT_HIB','Predefined hibernate dialect','sbidomains.ds.sqlserver','server',NULL,NULL,'2015-11-27 08:17:37',NULL,NULL,'4.0',NULL,NULL,NULL,NULL),(66,'org.hibernate.dialect.HSQLDialect','sbidomains.nm.hsql','DIALECT_HIB','Predefined hibernate dialect','sbidomains.ds.hsql','server',NULL,NULL,'2015-11-27 08:17:37',NULL,NULL,'4.0',NULL,NULL,NULL,NULL),(67,'org.hibernate.dialect.MySQLInnoDBDialect','sbidomains.nm.mysql','DIALECT_HIB','Predefined hibernate dialect','sbidomains.ds.mysql','server',NULL,NULL,'2015-11-27 08:17:37',NULL,NULL,'4.0',NULL,NULL,NULL,NULL),(68,'org.hibernate.dialect.PostgreSQLDialect','sbidomains.nm.postgresql','DIALECT_HIB','Predefined hibernate dialect','sbidomains.ds.postgresql','server',NULL,NULL,'2015-11-27 08:17:37',NULL,NULL,'4.0',NULL,NULL,NULL,NULL),(69,'org.hibernate.dialect.IngresDialect','sbidomains.nm.ingres','DIALECT_HIB','Predefined hibernate dialect','sbidomains.ds.ingres','server',NULL,NULL,'2015-11-27 08:17:37',NULL,NULL,'4.0',NULL,NULL,NULL,NULL),(70,'VoltDBDialect','sbidomains.nm.voltdb','DIALECT_HIB','VoltDB dialect','sbidomains.ds.voltdb','server',NULL,NULL,'2015-11-27 08:17:37',NULL,NULL,'4.0',NULL,NULL,NULL,NULL),(71,'MongoDialect','sbidomains.nm.mongo','DIALECT_HIB','MongoDB dialect','sbidomains.ds.mongo','server',NULL,NULL,'2015-11-27 08:17:37',NULL,NULL,'4.0',NULL,NULL,NULL,NULL),(72,'hbase','sbidomains.nm.hbase','DIALECT_HIB','HBQL HBase dialect','sbidomains.ds.hbase','server',NULL,NULL,'2015-11-27 08:17:37',NULL,NULL,'4.0',NULL,NULL,NULL,NULL),(73,'hive','sbidomains.nm.hive','DIALECT_HIB','HQL Hive dialect','sbidomains.ds.hive','server',NULL,NULL,'2015-11-27 08:17:37',NULL,NULL,'4.0',NULL,NULL,NULL,NULL),(74,'orient','sbidomains.nm.orient','DIALECT_HIB','OrientDB dialect','sbidomains.ds.orient','server',NULL,NULL,'2015-11-27 08:17:37',NULL,NULL,'4.0',NULL,NULL,NULL,NULL),(75,'RANGE','sbidomains.nm.range','THRESHOLD_TYPE','Threshold Type','sbidomains.ds.range','server',NULL,NULL,'2015-11-27 08:17:37',NULL,NULL,'4.0',NULL,NULL,NULL,NULL),(76,'MINIMUM','sbidomains.nm.minimum','THRESHOLD_TYPE','Threshold Type','sbidomains.ds.minimum','server',NULL,NULL,'2015-11-27 08:17:37',NULL,NULL,'4.0',NULL,NULL,NULL,NULL),(77,'MAXIMUM','sbidomains.nm.maximum','THRESHOLD_TYPE','Threshold Type','sbidomains.ds.maximum','server',NULL,NULL,'2015-11-27 08:17:37',NULL,NULL,'4.0',NULL,NULL,NULL,NULL),(78,'URGENT','sbidomains.nm.Urgent','SEVERITY','Severity Level','sbidomains.ds.Urgent','server',NULL,NULL,'2015-11-27 08:17:37',NULL,NULL,'4.0',NULL,NULL,NULL,NULL),(79,'HIGH','sbidomains.nm.High','SEVERITY','Severity Level','sbidomains.ds.High','server',NULL,NULL,'2015-11-27 08:17:37',NULL,NULL,'4.0',NULL,NULL,NULL,NULL),(80,'MEDIUM','sbidomains.nm.Medium','SEVERITY','Severity Level','sbidomains.ds.Medium','server',NULL,NULL,'2015-11-27 08:17:37',NULL,NULL,'4.0',NULL,NULL,NULL,NULL),(81,'LOW','sbidomains.nm.Low','SEVERITY','Severity Level','sbidomains.ds.Low','server',NULL,NULL,'2015-11-27 08:17:37',NULL,NULL,'4.0',NULL,NULL,NULL,NULL),(82,'CSP','sbidomains.nm.CSP','RESOURCE','Resource type','sbidomains.ds.CSP','server',NULL,NULL,'2015-11-27 08:17:37',NULL,NULL,'4.0',NULL,NULL,NULL,NULL),(83,'PROCESS','sbidomains.nm.Process','RESOURCE','Resource type','sbidomains.ds.Process','server',NULL,NULL,'2015-11-27 08:17:37',NULL,NULL,'4.0',NULL,NULL,NULL,NULL),(84,'PROJECT','sbidomains.nm.Project','RESOURCE','Resource type','sbidomains.ds.Project','server',NULL,NULL,'2015-11-27 08:17:37',NULL,NULL,'4.0',NULL,NULL,NULL,NULL),(85,'SERVICE','sbidomains.nm.Service','RESOURCE','Resource type','sbidomains.ds.Service','server',NULL,NULL,'2015-11-27 08:17:37',NULL,NULL,'4.0',NULL,NULL,NULL,NULL),(86,'Meter','sbidomains.nm.Meter','KPI_CHART','Kpi Chart type','sbidomains.ds.Meter','server',NULL,NULL,'2015-11-27 08:17:37',NULL,NULL,'4.0',NULL,NULL,NULL,NULL),(87,'SimpleDial','sbidomains.nm.SimpleDial','KPI_CHART','Kpi Chart type','sbidomains.ds.SimpleDial','server',NULL,NULL,'2015-11-27 08:17:37',NULL,NULL,'4.0',NULL,NULL,NULL,NULL),(88,'Speedometer','sbidomains.nm.Speedometer','KPI_CHART','Kpi Chart type','sbidomains.ds.Speedometer','server',NULL,NULL,'2015-11-27 08:17:37',NULL,NULL,'4.0',NULL,NULL,NULL,NULL),(89,'Thermometer','sbidomains.nm.Thermometer','KPI_CHART','Kpi Chart type','sbidomains.ds.Thermometer','server',NULL,NULL,'2015-11-27 08:17:37',NULL,NULL,'4.0',NULL,NULL,NULL,NULL),(90,'BulletGraph','sbidomains.nm.BulletGraph','KPI_CHART','Kpi Chart type','sbidomains.ds.BulletGraph','server',NULL,NULL,'2015-11-27 08:17:37',NULL,NULL,'4.0',NULL,NULL,NULL,NULL),(91,'MAIL','sbidomains.nm.Mail','ALARM_MODALITY','Alarm Modality','sbidomains.ds.Mail','server',NULL,NULL,'2015-11-27 08:17:37',NULL,NULL,'4.0',NULL,NULL,NULL,NULL),(92,'SMS','sbidomains.nm.SMS','ALARM_MODALITY','Alarm Modality','sbidomains.ds.SMS','server',NULL,NULL,'2015-11-27 08:17:37',NULL,NULL,'4.0',NULL,NULL,NULL,NULL),(93,'GENERIC_ROOT','sbidomains.nm.Generic_root','MODEL_ROOT','Model root type','sbidomains.ds.Generic_root','server',NULL,NULL,'2015-11-27 08:17:37',NULL,NULL,'4.0',NULL,NULL,NULL,NULL),(94,'GENERIC_NODE','sbidomains.nm.Generic_Node','MODEL_NODE','Model node type','sbidomains.ds.Generic_Node','server',NULL,NULL,'2015-11-27 08:17:37',NULL,NULL,'4.0',NULL,NULL,NULL,NULL),(95,'PIVOT_TRANSFOMER','sbidomains.nm.pivot_transformer','TRANSFORMER_TYPE','Transformer types','sbidomains.ds.pivot_transformer','server',NULL,NULL,'2015-11-27 08:17:37',NULL,NULL,'4.0',NULL,NULL,NULL,NULL),(96,'PDF','PDF','EXPORT_TYPE','Exporters type','Export type','server',NULL,NULL,'2015-11-27 08:17:37',NULL,NULL,'4.0',NULL,NULL,NULL,NULL),(97,'XLS','XLS','EXPORT_TYPE','Exporters type','Export type','server',NULL,NULL,'2015-11-27 08:17:37',NULL,NULL,'4.0',NULL,NULL,NULL,NULL),(98,'CSV','CSV','EXPORT_TYPE','Exporters type','Export type','server',NULL,NULL,'2015-11-27 08:17:37',NULL,NULL,'4.0',NULL,NULL,NULL,NULL),(99,'XML','XML','EXPORT_TYPE','Exporters type','Export type','server',NULL,NULL,'2015-11-27 08:17:37',NULL,NULL,'4.0',NULL,NULL,NULL,NULL),(100,'TXT','TXT','EXPORT_TYPE','Exporters type','Export type','server',NULL,NULL,'2015-11-27 08:17:37',NULL,NULL,'4.0',NULL,NULL,NULL,NULL),(101,'JPG','JPG','EXPORT_TYPE','Exporters type','Export type','server',NULL,NULL,'2015-11-27 08:17:37',NULL,NULL,'4.0',NULL,NULL,NULL,NULL),(102,'PPT','PPT','EXPORT_TYPE','Exporters type','Export type','server',NULL,NULL,'2015-11-27 08:17:37',NULL,NULL,'4.0',NULL,NULL,NULL,NULL),(103,'RTF','RTF','EXPORT_TYPE','Exporters type','Export type','server',NULL,NULL,'2015-11-27 08:17:37',NULL,NULL,'4.0',NULL,NULL,NULL,NULL),(104,'GRAPHML','GRAPHML','EXPORT_TYPE','Exporters type','Export type','server',NULL,NULL,'2015-11-27 08:17:37',NULL,NULL,'4.0',NULL,NULL,NULL,NULL),(105,'PNG','PNG','EXPORT_TYPE','Exporters type','Export type','server',NULL,NULL,'2015-11-27 08:17:37',NULL,NULL,'4.0',NULL,NULL,NULL,NULL),(106,'JRXML','JRXML','EXPORT_TYPE','Exporters type','Export type','server',NULL,NULL,'2015-11-27 08:17:37',NULL,NULL,'4.0',NULL,NULL,NULL,NULL),(107,'XLSX','XLSX','EXPORT_TYPE','Exporters type','Export type','server',NULL,NULL,'2015-11-27 08:17:37',NULL,NULL,'4.0',NULL,NULL,NULL,NULL),(108,'Basic','Basic','KPI_TYPE','Kpi Type','','server',NULL,NULL,'2015-11-27 08:17:37',NULL,NULL,'4.0',NULL,NULL,NULL,NULL),(109,'Derived','Derived','KPI_TYPE','Kpi Type','','server',NULL,NULL,'2015-11-27 08:17:37',NULL,NULL,'4.0',NULL,NULL,NULL,NULL),(110,'Nominal scale','Nominal scale','METRIC_SCALE_TYPE','Metric Scale Type','','server',NULL,NULL,'2015-11-27 08:17:37',NULL,NULL,'4.0',NULL,NULL,NULL,NULL),(111,'Ordinal scale','Ordinal scale','METRIC_SCALE_TYPE','Metric Scale Type','','server',NULL,NULL,'2015-11-27 08:17:37',NULL,NULL,'4.0',NULL,NULL,NULL,NULL),(112,'Intervals scale','Intervals scale','METRIC_SCALE_TYPE','Metric Scale Type','','server',NULL,NULL,'2015-11-27 08:17:37',NULL,NULL,'4.0',NULL,NULL,NULL,NULL),(113,'Ratio scale','Ratio scale','METRIC_SCALE_TYPE','Metric Scale Type','','server',NULL,NULL,'2015-11-27 08:17:37',NULL,NULL,'4.0',NULL,NULL,NULL,NULL),(114,'Absolute scale','Absolute scale','METRIC_SCALE_TYPE','Metric Scale Type','','server',NULL,NULL,'2015-11-27 08:17:37',NULL,NULL,'4.0',NULL,NULL,NULL,NULL),(115,'Day scale','Day scale','METRIC_SCALE_TYPE','Metric Scale Type','','server',NULL,NULL,'2015-11-27 08:17:37',NULL,NULL,'4.0',NULL,NULL,NULL,NULL),(116,'Bytes/s','Bytes/sec','METRIC_SCALE_TYPE','Metric Scale Type','','server',NULL,NULL,'2015-11-27 08:17:37',NULL,NULL,'4.0',NULL,NULL,NULL,NULL),(117,'Mega Bytes','Mega Bytes','METRIC_SCALE_TYPE','Metric Scale Type','','server',NULL,NULL,'2015-11-27 08:17:37',NULL,NULL,'4.0',NULL,NULL,NULL,NULL),(118,'Bytes','Bytes','METRIC_SCALE_TYPE','Metric Scale Type','','server',NULL,NULL,'2015-11-27 08:17:37',NULL,NULL,'4.0',NULL,NULL,NULL,NULL),(119,'Kilo Bytes','Kilo Bytes','METRIC_SCALE_TYPE','Metric Scale Type','','server',NULL,NULL,'2015-11-27 08:17:37',NULL,NULL,'4.0',NULL,NULL,NULL,NULL),(120,'Giga Bytes','Giga Bytes','METRIC_SCALE_TYPE','Metric Scale Type','','server',NULL,NULL,'2015-11-27 08:17:37',NULL,NULL,'4.0',NULL,NULL,NULL,NULL),(121,'Tera Bytes','Tera Bytes','METRIC_SCALE_TYPE','Metric Scale Type','','server',NULL,NULL,'2015-11-27 08:17:37',NULL,NULL,'4.0',NULL,NULL,NULL,NULL),(122,'Milliseconds','Milliseconds','METRIC_SCALE_TYPE','Metric Scale Type','','server',NULL,NULL,'2015-11-27 08:17:37',NULL,NULL,'4.0',NULL,NULL,NULL,NULL),(123,'Seconds','Seconds','METRIC_SCALE_TYPE','Metric Scale Type','','server',NULL,NULL,'2015-11-27 08:17:37',NULL,NULL,'4.0',NULL,NULL,NULL,NULL),(124,'Minutes','Minutes','METRIC_SCALE_TYPE','Metric Scale Type','','server',NULL,NULL,'2015-11-27 08:17:37',NULL,NULL,'4.0',NULL,NULL,NULL,NULL),(125,'Hours','Hours','METRIC_SCALE_TYPE','Metric Scale Type','','server',NULL,NULL,'2015-11-27 08:17:37',NULL,NULL,'4.0',NULL,NULL,NULL,NULL),(126,'KBit/s','KBit/sec','METRIC_SCALE_TYPE','Metric Scale Type','','server',NULL,NULL,'2015-11-27 08:17:38',NULL,NULL,'4.0',NULL,NULL,NULL,NULL),(127,'COUNT','Count','MEASURE_TYPE','Measure Type','','server',NULL,NULL,'2015-11-27 08:17:38',NULL,NULL,'4.0',NULL,NULL,NULL,NULL),(128,'TIME','Time','MEASURE_TYPE','Measure Type','','server',NULL,NULL,'2015-11-27 08:17:38',NULL,NULL,'4.0',NULL,NULL,NULL,NULL),(129,'SIZE','Size','MEASURE_TYPE','Measure Type','','server',NULL,NULL,'2015-11-27 08:17:38',NULL,NULL,'4.0',NULL,NULL,NULL,NULL),(130,'org.hibernate.dialect.DB2400Dialect','sbidomains.nm.db2','DIALECT_HIB','Predefined hibernate dialect','sbidomains.ds.db2','server',NULL,NULL,'2015-11-27 08:17:38',NULL,NULL,'4.0',NULL,NULL,NULL,NULL),(131,'LONG_TEXT','LONG_TEXT','OBJMETA_DATA_TYPE','Predefined data type for metadata','Predefined data type LONG TEXT for metadata','server',NULL,NULL,'2015-11-27 08:17:38',NULL,NULL,'4.0',NULL,NULL,NULL,NULL),(132,'SHORT_TEXT','SHORT_TEXT','OBJMETA_DATA_TYPE','Predefined data type for metadata','Predefined data type SHORT TEXT for metadata','server',NULL,NULL,'2015-11-27 08:17:38',NULL,NULL,'4.0',NULL,NULL,NULL,NULL),(133,'ACCESSIBLE_HTML','Accessible Html','BIOBJ_TYPE','BI Object types','Accessible HTML','server',NULL,NULL,'2015-11-27 08:17:38',NULL,NULL,'4.0',NULL,NULL,NULL,NULL),(134,'Boolean','Udp Boolean Type','UDP_TYPE','Udp type','Predefined udp type','server',NULL,NULL,'2015-11-27 08:17:38',NULL,NULL,'4.0',NULL,NULL,NULL,NULL),(135,'Text','Udp Text Type','UDP_TYPE','Udp type','Predefined udp type','server',NULL,NULL,'2015-11-27 08:17:38',NULL,NULL,'4.0',NULL,NULL,NULL,NULL),(136,'Integer','Udp Integer Type','UDP_TYPE','Udp type','Predefined udp type','server',NULL,NULL,'2015-11-27 08:17:38',NULL,NULL,'4.0',NULL,NULL,NULL,NULL),(137,'Model','Model Family','UDP_FAMILY','Udp family','Predefined udp family','server',NULL,NULL,'2015-11-27 08:17:38',NULL,NULL,'4.0',NULL,NULL,NULL,NULL),(138,'Kpi','Kpi_Family','UDP_FAMILY','Udp famil','Predefined udp family','server',NULL,NULL,'2015-11-27 08:17:38',NULL,NULL,'4.0',NULL,NULL,NULL,NULL),(139,'groovy','Groovy','SCRIPT_TYPE','Script Type','Script Type','server',NULL,NULL,'2015-11-27 08:17:38',NULL,NULL,'4.0',NULL,NULL,NULL,NULL),(140,'ECMAScript','Javascript','SCRIPT_TYPE','Script Type','Script Type','server',NULL,NULL,'2015-11-27 08:17:38',NULL,NULL,'4.0',NULL,NULL,NULL,NULL),(141,'File','SbiFileDataSet','DATA_SET_TYPE','Data Set Type','SbiFileDataSet','server',NULL,NULL,'2015-11-27 08:17:38',NULL,NULL,'4.0',NULL,NULL,NULL,NULL),(142,'Ckan','SbiCkanDataSet','DATA_SET_TYPE','Data Set Type','SbiCkanDataSet','server',NULL,NULL,'2015-11-27 08:17:38',NULL,NULL,'4.0',NULL,NULL,NULL,NULL),(143,'REST','SbiRESTDataSet','DATA_SET_TYPE','Data Set Type','SbiRESTDataSet','server',NULL,NULL,'2015-11-27 08:17:38',NULL,NULL,'4.0',NULL,NULL,NULL,NULL),(144,'Query','SbiQueryDataSet','DATA_SET_TYPE','Data Set Type','SbiQueryDataSet','server',NULL,NULL,'2015-11-27 08:17:38',NULL,NULL,'4.0',NULL,NULL,NULL,NULL),(145,'Java Class','SbiJClassDataSet','DATA_SET_TYPE','Data Set Type','SbiJClassDataSet','server',NULL,NULL,'2015-11-27 08:17:38',NULL,NULL,'4.0',NULL,NULL,NULL,NULL),(146,'Web Service','SbiWSDataSet','DATA_SET_TYPE','Data Set Type','SbiWSDataSet','server',NULL,NULL,'2015-11-27 08:17:38',NULL,NULL,'4.0',NULL,NULL,NULL,NULL),(147,'Script','SbiScriptDataSet','DATA_SET_TYPE','Data Set Type','SbiScriptDataSet','server',NULL,NULL,'2015-11-27 08:17:38',NULL,NULL,'4.0',NULL,NULL,NULL,NULL),(148,'Qbe','SbiQbeDataSet','DATA_SET_TYPE','Data Set Type','SbiQbeDataSet','server',NULL,NULL,'2015-11-27 08:17:38',NULL,NULL,'4.0',NULL,NULL,NULL,NULL),(149,'Custom','SbiCustomDataSet','DATA_SET_TYPE','Data Set Type','SbiCustomDataSet','server',NULL,NULL,'2015-11-27 08:17:38',NULL,NULL,'4.0',NULL,NULL,NULL,NULL),(150,'Flat','SbiFlatDataSet','DATA_SET_TYPE','Data Set Type','SbiFlatDataSet','server',NULL,NULL,'2015-11-27 08:17:38',NULL,NULL,'4.0',NULL,NULL,NULL,NULL),(151,'Cat1','Cat1','CATEGORY_TYPE','Category Type','Cat1','server',NULL,NULL,'2015-11-27 08:17:38',NULL,NULL,'4.0',NULL,NULL,NULL,NULL),(152,'Cat2','Cat2','CATEGORY_TYPE','Category Type','Cat2','server',NULL,NULL,'2015-11-27 08:17:38',NULL,NULL,'4.0',NULL,NULL,NULL,NULL),(153,'DEVELOPMENT','sbidomains.permissiononfolder.nm.dev','PERMISSION_ON_FOLDER','Permission on folder','sbidomains.permissiononfolder.ds.dev','server',NULL,NULL,'2015-11-27 08:17:38',NULL,NULL,'4.0',NULL,NULL,NULL,NULL),(154,'TEST','sbidomains.permissiononfolder.nm.test','PERMISSION_ON_FOLDER','Permission on folder','sbidomains.permissiononfolder.ds.test','server',NULL,NULL,'2015-11-27 08:17:38',NULL,NULL,'4.0',NULL,NULL,NULL,NULL),(155,'EXECUTION','sbidomains.permissiononfolder.nm.execute','PERMISSION_ON_FOLDER','Permission on folder','sbidomains.permissiononfolder.ds.execute','server',NULL,NULL,'2015-11-27 08:17:38',NULL,NULL,'4.0',NULL,NULL,NULL,NULL),(156,'CREATION','sbidomains.permissiononfolder.nm.create','PERMISSION_ON_FOLDER','Permission on folder','sbidomains.permissiononfolder.ds.create','server',NULL,NULL,'2015-11-27 08:17:38',NULL,NULL,'4.0',NULL,NULL,NULL,NULL),(157,'ITA','Italian','LANG','Language ISO code','Italian','server',NULL,NULL,'2015-11-27 08:17:38',NULL,NULL,'4.0',NULL,NULL,NULL,NULL),(158,'SPA','Spanish','LANG','Language ISO code','Spanish','server',NULL,NULL,'2015-11-27 08:17:38',NULL,NULL,'4.0',NULL,NULL,NULL,NULL),(159,'ENG','English','LANG','Language ISO code','English','server',NULL,NULL,'2015-11-27 08:17:38',NULL,NULL,'4.0',NULL,NULL,NULL,NULL),(160,'FRA','French','LANG','Language ISO code','French','server',NULL,NULL,'2015-11-27 08:17:38',NULL,NULL,'4.0',NULL,NULL,NULL,NULL),(161,'fieldType','fieldType','DS_META_PROPERTY','Data Set Metadata Property','Data Set Metadata Property','server',NULL,NULL,'2015-11-27 08:17:38',NULL,NULL,'4.0',NULL,NULL,NULL,NULL),(162,'type','type','DS_META_PROPERTY','Data Set Metadata Property','Data Set Metadata Property','server',NULL,NULL,'2015-11-27 08:17:38',NULL,NULL,'4.0',NULL,NULL,NULL,NULL),(163,'MEASURE','MEASURE','DS_META_VALUE','Data Set Metadata Value','Data Set Metadata Value','server',NULL,NULL,'2015-11-27 08:17:38',NULL,NULL,'4.0',NULL,NULL,NULL,NULL),(164,'ATTRIBUTE','ATTRIBUTE','DS_META_VALUE','Data Set Metadata Value','Data Set Metadata Value','server',NULL,NULL,'2015-11-27 08:17:38',NULL,NULL,'4.0',NULL,NULL,NULL,NULL),(165,'String','String','DS_META_VALUE','Data Set Metadata Value','Data Set Metadata Value','server',NULL,NULL,'2015-11-27 08:17:38',NULL,NULL,'4.0',NULL,NULL,NULL,NULL),(166,'Integer','Integer','DS_META_VALUE','Data Set Metadata Value','Data Set Metadata Value','server',NULL,NULL,'2015-11-27 08:17:38',NULL,NULL,'4.0',NULL,NULL,NULL,NULL),(167,'Double','Double','DS_META_VALUE','Data Set Metadata Value','Data Set Metadata Value','server',NULL,NULL,'2015-11-27 08:17:38',NULL,NULL,'4.0',NULL,NULL,NULL,NULL),(168,'SBI Model Category 1','SBI Model Category 1','BM_CATEGORY','Category Meta Model','Category Meta Model','server',NULL,NULL,'2015-11-27 08:17:38',NULL,NULL,'4.0',NULL,NULL,NULL,NULL),(169,'SBI Model Category 2','SBI Model Category 2','BM_CATEGORY','Category Meta Model','Category Meta Model','server',NULL,NULL,'2015-11-27 08:17:38',NULL,NULL,'4.0',NULL,NULL,NULL,NULL),(170,'GEOBI','GEOBI','CATEGORY_TYPE','Category Type','GEOBI','server',NULL,NULL,'2015-11-27 08:17:38',NULL,NULL,'4.0',NULL,NULL,NULL,NULL),(171,'hierarchy','hierarchy','DS_META_PROPERTY','Data Set Metadata Property','Data Set Metadata Property','server',NULL,NULL,'2015-11-27 08:17:38',NULL,NULL,'4.0',NULL,NULL,NULL,NULL),(172,'hierarchy_level','hierarchy_level','DS_META_PROPERTY','Data Set Metadata Property','Data Set Metadata Property','server',NULL,NULL,'2015-11-27 08:17:38',NULL,NULL,'4.0',NULL,NULL,NULL,NULL),(173,'geo','geo','DS_META_VALUE','Data Set Metadata Value','Data Set Metadata Value','server',NULL,NULL,'2015-11-27 08:17:38',NULL,NULL,'4.0',NULL,NULL,NULL,NULL),(174,'time','time','DS_META_VALUE','Data Set Metadata Value','Data Set Metadata Value','server',NULL,NULL,'2015-11-27 08:17:38',NULL,NULL,'4.0',NULL,NULL,NULL,NULL),(175,'State','State','DS_META_VALUE','Data Set Metadata Value','Data Set Metadata Value','server',NULL,NULL,'2015-11-27 08:17:38',NULL,NULL,'4.0',NULL,NULL,NULL,NULL),(176,'Comune ita','Comune ita','DS_META_VALUE','Data Set Metadata Value','Data Set Metadata Value','server',NULL,NULL,'2015-11-27 08:17:38',NULL,NULL,'4.0',NULL,NULL,NULL,NULL),(177,'Year num','Year num','DS_META_VALUE','Data Set Metadata Value','Data Set Metadata Value','server',NULL,NULL,'2015-11-27 08:17:38',NULL,NULL,'4.0',NULL,NULL,NULL,NULL),(178,'Month name','Month name','DS_META_VALUE','Data Set Metadata Value','Data Set Metadata Value','server',NULL,NULL,'2015-11-27 08:17:38',NULL,NULL,'4.0',NULL,NULL,NULL,NULL),(179,'Day num','Day num','DS_META_VALUE','Data Set Metadata Value','Data Set Metadata Value','server',NULL,NULL,'2015-11-27 08:17:38',NULL,NULL,'4.0',NULL,NULL,NULL,NULL),(180,'FILE','FILE','LAYER_TYPE','Layer Type','Layer Type','server',NULL,NULL,'2015-11-27 08:17:38',NULL,NULL,'4.0',NULL,NULL,NULL,NULL),(181,'WFS','WFS','LAYER_TYPE','Layer Type','Layer Type','server',NULL,NULL,'2015-11-27 08:17:38',NULL,NULL,'4.0',NULL,NULL,NULL,NULL),(182,'WMS','WMS','LAYER_TYPE','Layer Type','Layer Type','server',NULL,NULL,'2015-11-27 08:17:38',NULL,NULL,'4.0',NULL,NULL,NULL,NULL),(183,'TMS','TMS','LAYER_TYPE','Layer Type','Layer Type','server',NULL,NULL,'2015-11-27 08:17:38',NULL,NULL,'4.0',NULL,NULL,NULL,NULL),(184,'Google','Google','LAYER_TYPE','Layer Type','Layer Type','server',NULL,NULL,'2015-11-27 08:17:38',NULL,NULL,'4.0',NULL,NULL,NULL,NULL),(185,'OSM','OSM','LAYER_TYPE','Layer Type','Layer Type','server',NULL,NULL,'2015-11-27 08:17:38',NULL,NULL,'4.0',NULL,NULL,NULL,NULL),(186,'USER','User','DS_SCOPE','Dataset scope','Dataset scope','server',NULL,NULL,'2015-11-27 08:17:38',NULL,NULL,'4.0',NULL,NULL,NULL,NULL),(187,'ENTERPRISE','Enterprise','DS_SCOPE','Dataset scope','Dataset scope','server',NULL,NULL,'2015-11-27 08:17:38',NULL,NULL,'4.0',NULL,NULL,NULL,NULL),(188,'TECHNICAL','Technical','DS_SCOPE','Dataset scope','Dataset scope','server',NULL,NULL,'2015-11-27 08:17:38',NULL,NULL,'4.0',NULL,NULL,NULL,NULL),(189,'licence','licence','DS_GEN_META_PROPERTY','Data Set General Metadata Property','Data Set General Metadata Property','server',NULL,NULL,'2015-11-27 08:17:38',NULL,NULL,'4.0',NULL,NULL,NULL,NULL);
/*!40000 ALTER TABLE `SBI_DOMAINS` ENABLE KEYS */;
UNLOCK TABLES;

--
-- Table structure for table `SBI_DOSSIER_BIN_TEMP`
--

DROP TABLE IF EXISTS `SBI_DOSSIER_BIN_TEMP`;
/*!40101 SET @saved_cs_client     = @@character_set_client */;
/*!40101 SET character_set_client = utf8 */;
CREATE TABLE `SBI_DOSSIER_BIN_TEMP` (
  `BIN_ID` int(11) NOT NULL,
  `PART_ID` int(11) NOT NULL,
  `NAME` varchar(20) DEFAULT NULL,
  `BIN_CONTENT` mediumblob NOT NULL,
  `TYPE` varchar(20) NOT NULL,
  `CREATION_DATE` timestamp NULL DEFAULT NULL,
  `USER_IN` varchar(100) NOT NULL,
  `USER_UP` varchar(100) DEFAULT NULL,
  `USER_DE` varchar(100) DEFAULT NULL,
  `TIME_IN` timestamp NOT NULL,
  `TIME_UP` timestamp NULL DEFAULT NULL,
  `TIME_DE` timestamp NULL DEFAULT NULL,
  `SBI_VERSION_IN` varchar(10) DEFAULT NULL,
  `SBI_VERSION_UP` varchar(10) DEFAULT NULL,
  `SBI_VERSION_DE` varchar(10) DEFAULT NULL,
  `META_VERSION` varchar(100) DEFAULT NULL,
  `ORGANIZATION` varchar(20) DEFAULT NULL,
  PRIMARY KEY (`BIN_ID`),
  KEY `FK_SBI_DOSSIER_BIN_TEMP_1` (`PART_ID`),
  CONSTRAINT `FK_SBI_DOSSIER_BIN_TEMP_1` FOREIGN KEY (`PART_ID`) REFERENCES `SBI_DOSSIER_TEMP` (`PART_ID`) ON DELETE CASCADE
) ENGINE=InnoDB DEFAULT CHARSET=latin1;
/*!40101 SET character_set_client = @saved_cs_client */;

--
-- Dumping data for table `SBI_DOSSIER_BIN_TEMP`
--

LOCK TABLES `SBI_DOSSIER_BIN_TEMP` WRITE;
/*!40000 ALTER TABLE `SBI_DOSSIER_BIN_TEMP` DISABLE KEYS */;
/*!40000 ALTER TABLE `SBI_DOSSIER_BIN_TEMP` ENABLE KEYS */;
UNLOCK TABLES;

--
-- Table structure for table `SBI_DOSSIER_PRES`
--

DROP TABLE IF EXISTS `SBI_DOSSIER_PRES`;
/*!40101 SET @saved_cs_client     = @@character_set_client */;
/*!40101 SET character_set_client = utf8 */;
CREATE TABLE `SBI_DOSSIER_PRES` (
  `PRESENTATION_ID` int(11) NOT NULL,
  `WORKFLOW_PROCESS_ID` bigint(20) NOT NULL,
  `BIOBJ_ID` int(11) NOT NULL,
  `BIN_ID` int(11) NOT NULL,
  `NAME` varchar(40) NOT NULL,
  `PROG` int(11) DEFAULT NULL,
  `CREATION_DATE` timestamp NULL DEFAULT NULL,
  `APPROVED` smallint(6) DEFAULT NULL,
  `USER_IN` varchar(100) NOT NULL,
  `USER_UP` varchar(100) DEFAULT NULL,
  `USER_DE` varchar(100) DEFAULT NULL,
  `TIME_IN` timestamp NOT NULL,
  `TIME_UP` timestamp NULL DEFAULT NULL,
  `TIME_DE` timestamp NULL DEFAULT NULL,
  `SBI_VERSION_IN` varchar(10) DEFAULT NULL,
  `SBI_VERSION_UP` varchar(10) DEFAULT NULL,
  `SBI_VERSION_DE` varchar(10) DEFAULT NULL,
  `META_VERSION` varchar(100) DEFAULT NULL,
  `ORGANIZATION` varchar(20) DEFAULT NULL,
  PRIMARY KEY (`PRESENTATION_ID`),
  KEY `FK_SBI_DOSSIER_PRES_1` (`BIN_ID`),
  KEY `FK_SBI_DOSSIER_PRES_2` (`BIOBJ_ID`),
  CONSTRAINT `FK_SBI_DOSSIER_PRES_1` FOREIGN KEY (`BIN_ID`) REFERENCES `SBI_BINARY_CONTENTS` (`BIN_ID`),
  CONSTRAINT `FK_SBI_DOSSIER_PRES_2` FOREIGN KEY (`BIOBJ_ID`) REFERENCES `SBI_OBJECTS` (`BIOBJ_ID`)
) ENGINE=InnoDB DEFAULT CHARSET=latin1;
/*!40101 SET character_set_client = @saved_cs_client */;

--
-- Dumping data for table `SBI_DOSSIER_PRES`
--

LOCK TABLES `SBI_DOSSIER_PRES` WRITE;
/*!40000 ALTER TABLE `SBI_DOSSIER_PRES` DISABLE KEYS */;
/*!40000 ALTER TABLE `SBI_DOSSIER_PRES` ENABLE KEYS */;
UNLOCK TABLES;

--
-- Table structure for table `SBI_DOSSIER_TEMP`
--

DROP TABLE IF EXISTS `SBI_DOSSIER_TEMP`;
/*!40101 SET @saved_cs_client     = @@character_set_client */;
/*!40101 SET character_set_client = utf8 */;
CREATE TABLE `SBI_DOSSIER_TEMP` (
  `PART_ID` int(11) NOT NULL,
  `WORKFLOW_PROCESS_ID` bigint(20) NOT NULL,
  `BIOBJ_ID` int(11) NOT NULL,
  `PAGE_ID` int(11) NOT NULL,
  `USER_IN` varchar(100) NOT NULL,
  `USER_UP` varchar(100) DEFAULT NULL,
  `USER_DE` varchar(100) DEFAULT NULL,
  `TIME_IN` timestamp NOT NULL,
  `TIME_UP` timestamp NULL DEFAULT NULL,
  `TIME_DE` timestamp NULL DEFAULT NULL,
  `SBI_VERSION_IN` varchar(10) DEFAULT NULL,
  `SBI_VERSION_UP` varchar(10) DEFAULT NULL,
  `SBI_VERSION_DE` varchar(10) DEFAULT NULL,
  `META_VERSION` varchar(100) DEFAULT NULL,
  `ORGANIZATION` varchar(20) DEFAULT NULL,
  PRIMARY KEY (`PART_ID`),
  KEY `FK_SBI_DOSSIER_TEMP_1` (`BIOBJ_ID`),
  CONSTRAINT `FK_SBI_DOSSIER_TEMP_1` FOREIGN KEY (`BIOBJ_ID`) REFERENCES `SBI_OBJECTS` (`BIOBJ_ID`)
) ENGINE=InnoDB DEFAULT CHARSET=latin1;
/*!40101 SET character_set_client = @saved_cs_client */;

--
-- Dumping data for table `SBI_DOSSIER_TEMP`
--

LOCK TABLES `SBI_DOSSIER_TEMP` WRITE;
/*!40000 ALTER TABLE `SBI_DOSSIER_TEMP` DISABLE KEYS */;
/*!40000 ALTER TABLE `SBI_DOSSIER_TEMP` ENABLE KEYS */;
UNLOCK TABLES;

--
-- Table structure for table `SBI_ENGINES`
--

DROP TABLE IF EXISTS `SBI_ENGINES`;
/*!40101 SET @saved_cs_client     = @@character_set_client */;
/*!40101 SET character_set_client = utf8 */;
CREATE TABLE `SBI_ENGINES` (
  `ENGINE_ID` int(11) NOT NULL,
  `ENCRYPT` smallint(6) DEFAULT NULL,
  `NAME` varchar(40) NOT NULL,
  `DESCR` varchar(160) DEFAULT NULL,
  `MAIN_URL` varchar(400) DEFAULT NULL,
  `SECN_URL` varchar(400) DEFAULT NULL,
  `OBJ_UPL_DIR` varchar(400) DEFAULT NULL,
  `OBJ_USE_DIR` varchar(400) DEFAULT NULL,
  `DRIVER_NM` varchar(400) DEFAULT NULL,
  `LABEL` varchar(40) NOT NULL,
  `ENGINE_TYPE` int(11) NOT NULL,
  `CLASS_NM` varchar(400) DEFAULT NULL,
  `BIOBJ_TYPE` int(11) NOT NULL,
  `USE_DATASET` tinyint(1) DEFAULT '0',
  `USE_DATASOURCE` tinyint(1) DEFAULT '0',
  `USER_IN` varchar(100) NOT NULL,
  `USER_UP` varchar(100) DEFAULT NULL,
  `USER_DE` varchar(100) DEFAULT NULL,
  `TIME_IN` timestamp NOT NULL,
  `TIME_UP` timestamp NULL DEFAULT NULL,
  `TIME_DE` timestamp NULL DEFAULT NULL,
  `SBI_VERSION_IN` varchar(10) DEFAULT NULL,
  `SBI_VERSION_UP` varchar(10) DEFAULT NULL,
  `SBI_VERSION_DE` varchar(10) DEFAULT NULL,
  `META_VERSION` varchar(100) DEFAULT NULL,
  `ORGANIZATION` varchar(20) DEFAULT NULL,
  PRIMARY KEY (`ENGINE_ID`),
  UNIQUE KEY `XAK1SBI_ENGINES` (`LABEL`,`ORGANIZATION`),
  KEY `FK_SBI_ENGINES_1` (`BIOBJ_TYPE`),
  KEY `FK_SBI_ENGINES_2` (`ENGINE_TYPE`),
  CONSTRAINT `FK_SBI_ENGINES_1` FOREIGN KEY (`BIOBJ_TYPE`) REFERENCES `SBI_DOMAINS` (`VALUE_ID`),
  CONSTRAINT `FK_SBI_ENGINES_2` FOREIGN KEY (`ENGINE_TYPE`) REFERENCES `SBI_DOMAINS` (`VALUE_ID`)
) ENGINE=InnoDB DEFAULT CHARSET=latin1;
/*!40101 SET character_set_client = @saved_cs_client */;

--
-- Dumping data for table `SBI_ENGINES`
--

LOCK TABLES `SBI_ENGINES` WRITE;
/*!40000 ALTER TABLE `SBI_ENGINES` DISABLE KEYS */;
INSERT INTO `SBI_ENGINES` VALUES (1,0,'Dashboard Engine','Dashboard Engine','',NULL,NULL,NULL,'','SpagoBIDashboardEng',56,'it.eng.spagobi.engines.dashboard.SpagoBIDashboardInternalEngine',9,1,0,'server',NULL,NULL,'2015-11-27 08:17:38',NULL,NULL,'4.0',NULL,NULL,NULL,NULL),(2,0,'JFreeChart Engine','JFree Chart Engine','',NULL,NULL,NULL,'','SpagoBIJFreeChartEng',56,'it.eng.spagobi.engines.chart.SpagoBIChartInternalEngine',9,1,0,'server',NULL,NULL,'2015-11-27 08:17:38',NULL,NULL,'4.0',NULL,NULL,NULL,NULL),(3,0,'Dossier Engine','Dossier Engine','',NULL,NULL,NULL,'','SpagoBIDossierEngine',56,'it.eng.spagobi.engines.dossier.SpagoBIDossierInternalEngine',12,0,0,'server',NULL,NULL,'2015-11-27 08:17:38',NULL,NULL,'4.0',NULL,NULL,NULL,NULL),(4,0,'Office Document Engine','Office Document Engine','',NULL,NULL,NULL,'','SpagoBIOfficeEngine',56,'it.eng.spagobi.engines.officedocument.SpagoBIOfficeDocumentInternalEngine',13,0,0,'server',NULL,NULL,'2015-11-27 08:17:38',NULL,NULL,'4.0',NULL,NULL,NULL,NULL),(5,0,'Document Composition Engine','Document Composition Engine','',NULL,NULL,NULL,'','SpagoBICompositeDocE',56,'it.eng.spagobi.engines.documentcomposition.SpagoBIDocumentCompositionInternalEngine',15,0,0,'server',NULL,NULL,'2015-11-27 08:17:38',NULL,NULL,'4.0',NULL,NULL,NULL,NULL),(6,0,'Kpi Engine','Kpi Engine','',NULL,NULL,NULL,'','SpagoBIKpiEngine',56,'it.eng.spagobi.engines.kpi.SpagoBIKpiInternalEngine',16,0,0,'server',NULL,NULL,'2015-11-27 08:17:38',NULL,NULL,'4.0',NULL,NULL,NULL,NULL),(7,0,'Birt Report Engine','Birt Report Engine','/SpagoBIBirtReportEngine/BirtReportServlet',NULL,NULL,NULL,'it.eng.spagobi.engines.drivers.birt.BirtReportDriver','SpagoBIBirtReportEng',55,'',6,0,1,'server',NULL,NULL,'2015-11-27 08:17:38',NULL,NULL,'4.0',NULL,NULL,NULL,NULL),(8,0,'Geo Engine','Geo Engine','/SpagoBIGeoEngine/servlet/AdapterHTTP',NULL,NULL,NULL,'it.eng.spagobi.engines.drivers.geo.GeoDriver','SpagoBIGeoEngine',55,'',11,1,1,'server',NULL,NULL,'2015-11-27 08:17:38',NULL,NULL,'4.0',NULL,NULL,NULL,NULL),(9,0,'JPivot Engine','JPivot Mondrian Engine','/SpagoBIJPivotEngine/JPivotServlet',NULL,NULL,NULL,'it.eng.spagobi.engines.drivers.jpivot.JPivotDriver','SpagoBIJPivotEngine',55,'',7,0,1,'server',NULL,NULL,'2015-11-27 08:17:38',NULL,NULL,'4.0',NULL,NULL,NULL,NULL),(10,0,'Jasper Report Engine','Jasper Report Engine','/SpagoBIJasperReportEngine/JasperReportServlet',NULL,NULL,NULL,'it.eng.spagobi.engines.drivers.jasperreport.JasperReportDriver','SpagoBIJasperReportE',55,'',6,0,1,'server',NULL,NULL,'2015-11-27 08:17:38',NULL,NULL,'4.0',NULL,NULL,NULL,NULL),(11,0,'Qbe Engine','Qbe Engine','/SpagoBIQbeEngine/servlet/AdapterHTTP',NULL,NULL,NULL,'it.eng.spagobi.engines.drivers.qbe.QbeDriver','SpagoBIQbeEngine',55,'',10,0,1,'server',NULL,NULL,'2015-11-27 08:17:39',NULL,NULL,'4.0',NULL,NULL,NULL,NULL),(12,0,'Talend Engine','Talend Engine','/SpagoBITalendEngine/JobRunService',NULL,NULL,NULL,'it.eng.spagobi.engines.drivers.talend.TalendDriver','SpagoBITalendEngine',55,'',14,0,1,'server',NULL,NULL,'2015-11-27 08:17:39',NULL,NULL,'4.0',NULL,NULL,NULL,NULL),(13,0,'Data-mining Engine','Data-mining Engine','/SpagoBIDataMiningEngine/restful-services/start',NULL,NULL,NULL,'it.eng.spagobi.engines.drivers.datamining.DataMiningDriver','SpagoBIDataMiningEngine',55,'',8,0,1,'server',NULL,NULL,'2015-11-27 08:17:39',NULL,NULL,'4.0',NULL,NULL,NULL,NULL),(14,0,'Accessible Report Engine','Accessible Report Engine','/SpagoBIAccessibilityEngine/servlet/AccessibilityServlet',NULL,NULL,NULL,'it.eng.spagobi.engines.drivers.accessibility.AccessibilityDriver','SpagoBIAccessibleEng',55,'',133,1,1,'server',NULL,NULL,'2015-11-27 08:17:39',NULL,NULL,'4.0',NULL,NULL,NULL,NULL),(15,0,'Process Engine','Process Engine','/SpagoBICommonJEngine/servlet/AdapterHTTP',NULL,NULL,NULL,'it.eng.spagobi.engines.drivers.commonj.CommonjDriver','SpagoBIProcessEngine',55,'',14,0,0,'server',NULL,NULL,'2015-11-27 08:17:39',NULL,NULL,'4.0',NULL,NULL,NULL,NULL),(16,0,'Smart Filter Engine',' Smart Filter Engine','/SpagoBIQbeEngine/servlet/AdapterHTTP',NULL,NULL,NULL,'it.eng.spagobi.engines.drivers.smartfilter.SmartFilterDriver','SpagoBISmartFilterEn',55,'',17,0,1,'server',NULL,NULL,'2015-11-27 08:17:39',NULL,NULL,'4.0',NULL,NULL,NULL,NULL),(17,0,'Gis Engine','Gis Engine','/SpagoBIGeoReportEngine/GeoReportEngineStartAction',NULL,NULL,NULL,'it.eng.spagobi.engines.drivers.gis.GisDriver','SpagoBIGisEngine',55,'',11,1,1,'server',NULL,NULL,'2015-11-27 08:17:39',NULL,NULL,'4.0',NULL,NULL,NULL,NULL),(18,0,'Console Engine','Console Engine','/SpagoBIConsoleEngine/servlet/AdapterHTTP',NULL,NULL,NULL,'it.eng.spagobi.engines.drivers.console.ConsoleDriver','SpagoBIConsoleEngine',55,'',18,1,1,'server',NULL,NULL,'2015-11-27 08:17:39',NULL,NULL,'4.0',NULL,NULL,NULL,NULL),(19,0,'Worksheet Engine','Worksheet Engine','/SpagoBIQbeEngine/servlet/AdapterHTTP',NULL,NULL,NULL,'it.eng.spagobi.engines.drivers.worksheet.WorksheetDriver','SpagoBIWorksheetEng',55,'',19,1,1,'server',NULL,NULL,'2015-11-27 08:17:39',NULL,NULL,'4.0',NULL,NULL,NULL,NULL),(20,0,'JSChart Engine','JSChart Engine','/SpagoBIChartEngine/servlet/AdapterHTTP',NULL,NULL,NULL,'it.eng.spagobi.engines.drivers.chart.ChartDriver','SpagoBIJSChartEngine',55,'',20,1,0,'server',NULL,NULL,'2015-11-27 08:17:39',NULL,NULL,'4.0',NULL,NULL,NULL,NULL),(21,0,'Mobile Report Engine','Report engine for mobile devices','/SpagoBIMobileEngine/servlet/AdapterHTTP?ACTION_NAME=MOBILE_ENGINE_START_ACTION',NULL,NULL,NULL,'it.eng.spagobi.engines.drivers.mobile.report.MobileReportDriver','SpagoBITableMobileEn',55,'',21,1,1,'server',NULL,NULL,'2015-11-27 08:17:39',NULL,NULL,'4.0',NULL,NULL,NULL,NULL),(22,0,'Mobile Chart Engine','Chart engine for mobile devices','/SpagoBIMobileEngine/servlet/AdapterHTTP?ACTION_NAME=MOBILE_ENGINE_START_ACTION',NULL,NULL,NULL,'it.eng.spagobi.engines.drivers.mobile.chart.MobileChartDriver','SpagoBIChartMobileEn',55,'',22,1,1,'server',NULL,NULL,'2015-11-27 08:17:39',NULL,NULL,'4.0',NULL,NULL,NULL,NULL),(23,0,'Mobile Cockpit Engine','Cockpit engine for mobile devices','/SpagoBIMobileEngine/servlet/AdapterHTTP?ACTION_NAME=MOBILE_ENGINE_START_ACTION',NULL,NULL,NULL,'it.eng.spagobi.engines.drivers.mobile.cockpit.MobileCockpitDriver','SpagoBICockpitMobile',55,'',23,0,0,'server',NULL,NULL,'2015-11-27 08:17:39',NULL,NULL,'4.0',NULL,NULL,NULL,NULL),(24,0,'Network Analysis Engine','Network Analysis Engine','/SpagoBINetworkEngine/servlet/AdapterHTTP',NULL,NULL,NULL,'it.eng.spagobi.engines.drivers.network.NetworkDriver','SpagoBINetworkEngine',55,'',24,1,0,'server',NULL,NULL,'2015-11-27 08:17:39',NULL,NULL,'4.0',NULL,NULL,NULL,NULL),(25,0,'Cockpit Engine','Cockpit Engine','/SpagoBICockpitEngine/api/1.0/pages/execute',NULL,NULL,NULL,'it.eng.spagobi.engines.drivers.cockpit.CockpitDriver','SpagoBICockpitEngine',55,'',15,0,0,'server',NULL,NULL,'2015-11-27 08:17:39',NULL,NULL,'4.0',NULL,NULL,NULL,NULL),(26,0,'What-If Engine','What-If Engine','/SpagoBIWhatIfEngine/restful-services/start',NULL,NULL,NULL,'it.eng.spagobi.engines.drivers.whatif.WhatIfDriver','SpagoBIWhatIfEngine',55,'',7,0,1,'server',NULL,NULL,'2015-11-27 08:17:39',NULL,NULL,'4.0',NULL,NULL,NULL,NULL);
/*!40000 ALTER TABLE `SBI_ENGINES` ENABLE KEYS */;
UNLOCK TABLES;

--
-- Table structure for table `SBI_EVENTS`
--

DROP TABLE IF EXISTS `SBI_EVENTS`;
/*!40101 SET @saved_cs_client     = @@character_set_client */;
/*!40101 SET character_set_client = utf8 */;
CREATE TABLE `SBI_EVENTS` (
  `ID` int(11) NOT NULL,
  `USER_EVENT` varchar(40) NOT NULL,
  `USER_IN` varchar(100) NOT NULL,
  `USER_UP` varchar(100) DEFAULT NULL,
  `USER_DE` varchar(100) DEFAULT NULL,
  `TIME_IN` timestamp NOT NULL,
  `TIME_UP` timestamp NULL DEFAULT NULL,
  `TIME_DE` timestamp NULL DEFAULT NULL,
  `SBI_VERSION_IN` varchar(10) DEFAULT NULL,
  `SBI_VERSION_UP` varchar(10) DEFAULT NULL,
  `SBI_VERSION_DE` varchar(10) DEFAULT NULL,
  `META_VERSION` varchar(100) DEFAULT NULL,
  `ORGANIZATION` varchar(20) DEFAULT NULL,
  PRIMARY KEY (`ID`)
) ENGINE=InnoDB DEFAULT CHARSET=latin1;
/*!40101 SET character_set_client = @saved_cs_client */;

--
-- Dumping data for table `SBI_EVENTS`
--

LOCK TABLES `SBI_EVENTS` WRITE;
/*!40000 ALTER TABLE `SBI_EVENTS` DISABLE KEYS */;
/*!40000 ALTER TABLE `SBI_EVENTS` ENABLE KEYS */;
UNLOCK TABLES;

--
-- Table structure for table `SBI_EVENTS_LOG`
--

DROP TABLE IF EXISTS `SBI_EVENTS_LOG`;
/*!40101 SET @saved_cs_client     = @@character_set_client */;
/*!40101 SET character_set_client = utf8 */;
CREATE TABLE `SBI_EVENTS_LOG` (
  `ID` int(11) NOT NULL,
  `USER_EVENT` varchar(40) NOT NULL,
  `EVENT_DATE` timestamp NOT NULL DEFAULT CURRENT_TIMESTAMP,
  `DESCR` text NOT NULL,
  `PARAMS` varchar(1000) DEFAULT NULL,
  `HANDLER` varchar(400) NOT NULL DEFAULT 'it.eng.spagobi.events.handlers.DefaultEventPresentationHandler',
  `USER_IN` varchar(100) NOT NULL,
  `USER_UP` varchar(100) DEFAULT NULL,
  `USER_DE` varchar(100) DEFAULT NULL,
  `TIME_IN` timestamp NOT NULL,
  `TIME_UP` timestamp NULL DEFAULT NULL,
  `TIME_DE` timestamp NULL DEFAULT NULL,
  `SBI_VERSION_IN` varchar(10) DEFAULT NULL,
  `SBI_VERSION_UP` varchar(10) DEFAULT NULL,
  `SBI_VERSION_DE` varchar(10) DEFAULT NULL,
  `META_VERSION` varchar(100) DEFAULT NULL,
  `ORGANIZATION` varchar(20) DEFAULT NULL,
  PRIMARY KEY (`ID`)
) ENGINE=InnoDB DEFAULT CHARSET=latin1;
/*!40101 SET character_set_client = @saved_cs_client */;

--
-- Dumping data for table `SBI_EVENTS_LOG`
--

LOCK TABLES `SBI_EVENTS_LOG` WRITE;
/*!40000 ALTER TABLE `SBI_EVENTS_LOG` DISABLE KEYS */;
/*!40000 ALTER TABLE `SBI_EVENTS_LOG` ENABLE KEYS */;
UNLOCK TABLES;

--
-- Table structure for table `SBI_EVENTS_ROLES`
--

DROP TABLE IF EXISTS `SBI_EVENTS_ROLES`;
/*!40101 SET @saved_cs_client     = @@character_set_client */;
/*!40101 SET character_set_client = utf8 */;
CREATE TABLE `SBI_EVENTS_ROLES` (
  `EVENT_ID` int(11) NOT NULL,
  `ROLE_ID` int(11) NOT NULL,
  PRIMARY KEY (`EVENT_ID`,`ROLE_ID`),
  KEY `FK_SBI_EVENTS_ROLES_1` (`ROLE_ID`),
  CONSTRAINT `FK_SBI_EVENTS_ROLES_1` FOREIGN KEY (`ROLE_ID`) REFERENCES `SBI_EXT_ROLES` (`EXT_ROLE_ID`),
  CONSTRAINT `FK_SBI_EVENTS_ROLES_2` FOREIGN KEY (`EVENT_ID`) REFERENCES `SBI_EVENTS_LOG` (`ID`)
) ENGINE=InnoDB DEFAULT CHARSET=latin1;
/*!40101 SET character_set_client = @saved_cs_client */;

--
-- Dumping data for table `SBI_EVENTS_ROLES`
--

LOCK TABLES `SBI_EVENTS_ROLES` WRITE;
/*!40000 ALTER TABLE `SBI_EVENTS_ROLES` DISABLE KEYS */;
/*!40000 ALTER TABLE `SBI_EVENTS_ROLES` ENABLE KEYS */;
UNLOCK TABLES;

--
-- Table structure for table `SBI_EXPORTERS`
--

DROP TABLE IF EXISTS `SBI_EXPORTERS`;
/*!40101 SET @saved_cs_client     = @@character_set_client */;
/*!40101 SET character_set_client = utf8 */;
CREATE TABLE `SBI_EXPORTERS` (
  `ENGINE_ID` int(11) NOT NULL,
  `DOMAIN_ID` int(11) NOT NULL,
  `DEFAULT_VALUE` tinyint(1) DEFAULT NULL,
  PRIMARY KEY (`ENGINE_ID`,`DOMAIN_ID`),
  UNIQUE KEY `XAK1SBI_EXPORTERS` (`ENGINE_ID`,`DOMAIN_ID`),
  KEY `FK_SBI_EXPORTERS_2` (`DOMAIN_ID`),
  CONSTRAINT `FK_SBI_EXPORTERS_1` FOREIGN KEY (`ENGINE_ID`) REFERENCES `SBI_ENGINES` (`ENGINE_ID`),
  CONSTRAINT `FK_SBI_EXPORTERS_2` FOREIGN KEY (`DOMAIN_ID`) REFERENCES `SBI_DOMAINS` (`VALUE_ID`)
) ENGINE=InnoDB DEFAULT CHARSET=latin1;
/*!40101 SET character_set_client = @saved_cs_client */;

--
-- Dumping data for table `SBI_EXPORTERS`
--

LOCK TABLES `SBI_EXPORTERS` WRITE;
/*!40000 ALTER TABLE `SBI_EXPORTERS` DISABLE KEYS */;
INSERT INTO `SBI_EXPORTERS` VALUES (1,96,1),(2,96,1),(5,96,1),(6,96,1),(7,96,1),(7,97,0),(7,98,0),(7,101,0),(7,103,0),(8,96,1),(8,101,1),(9,96,0),(9,97,1),(10,96,1),(10,97,0),(10,101,0),(10,103,0),(11,96,1),(11,97,0),(11,98,0),(11,103,0),(11,106,0),(11,107,0),(16,96,1),(16,97,0),(16,98,0),(16,103,0),(18,96,1),(19,96,0),(19,97,1),(19,107,0),(20,96,0),(20,101,1),(24,96,0),(24,104,1),(24,105,1);
/*!40000 ALTER TABLE `SBI_EXPORTERS` ENABLE KEYS */;
UNLOCK TABLES;

--
-- Table structure for table `SBI_EXT_ROLES`
--

DROP TABLE IF EXISTS `SBI_EXT_ROLES`;
/*!40101 SET @saved_cs_client     = @@character_set_client */;
/*!40101 SET character_set_client = utf8 */;
CREATE TABLE `SBI_EXT_ROLES` (
  `EXT_ROLE_ID` int(11) NOT NULL,
  `NAME` varchar(100) NOT NULL,
  `DESCR` varchar(160) DEFAULT NULL,
  `CODE` varchar(20) DEFAULT NULL,
  `ROLE_TYPE_CD` varchar(20) NOT NULL,
  `ROLE_TYPE_ID` int(11) NOT NULL,
  `USER_IN` varchar(100) NOT NULL,
  `USER_UP` varchar(100) DEFAULT NULL,
  `USER_DE` varchar(100) DEFAULT NULL,
  `TIME_IN` timestamp NOT NULL,
  `TIME_UP` timestamp NULL DEFAULT NULL,
  `TIME_DE` timestamp NULL DEFAULT NULL,
  `SBI_VERSION_IN` varchar(10) DEFAULT NULL,
  `SBI_VERSION_UP` varchar(10) DEFAULT NULL,
  `SBI_VERSION_DE` varchar(10) DEFAULT NULL,
  `META_VERSION` varchar(100) DEFAULT NULL,
  `ORGANIZATION` varchar(20) DEFAULT NULL,
  PRIMARY KEY (`EXT_ROLE_ID`),
  UNIQUE KEY `XAK1SBI_EXT_ROLES` (`NAME`,`ORGANIZATION`),
  KEY `FK_SBI_EXT_ROLES_1` (`ROLE_TYPE_ID`),
  CONSTRAINT `FK_SBI_EXT_ROLES_1` FOREIGN KEY (`ROLE_TYPE_ID`) REFERENCES `SBI_DOMAINS` (`VALUE_ID`)
) ENGINE=InnoDB DEFAULT CHARSET=latin1;
/*!40101 SET character_set_client = @saved_cs_client */;

--
-- Dumping data for table `SBI_EXT_ROLES`
--

LOCK TABLES `SBI_EXT_ROLES` WRITE;
/*!40000 ALTER TABLE `SBI_EXT_ROLES` DISABLE KEYS */;
INSERT INTO `SBI_EXT_ROLES` VALUES (1,'/spagobi/dev','/spagobi/dev',NULL,'DEV_ROLE',33,'server_init',NULL,NULL,'2015-11-27 08:17:43',NULL,NULL,'4.0',NULL,NULL,NULL,'SPAGOBI'),(2,'/spagobi/test','/spagobi/test',NULL,'TEST_ROLE',34,'server_init',NULL,NULL,'2015-11-27 08:17:43',NULL,NULL,'4.0',NULL,NULL,NULL,'SPAGOBI'),(3,'/spagobi/user','/spagobi/user',NULL,'USER',31,'server_init',NULL,NULL,'2015-11-27 08:17:43',NULL,NULL,'4.0',NULL,NULL,NULL,'SPAGOBI'),(4,'/spagobi/userb','/spagobi/userb',NULL,'USER',31,'server_init',NULL,NULL,'2015-11-27 08:17:43',NULL,NULL,'4.0',NULL,NULL,NULL,'SPAGOBI'),(5,'/spagobi/admin','/spagobi/admin',NULL,'ADMIN',32,'server_init',NULL,NULL,'2015-11-27 08:17:43',NULL,NULL,'4.0',NULL,NULL,NULL,'SPAGOBI'),(6,'/spagobi/modeladmin','/spagobi/modeladmin',NULL,'MODEL_ADMIN',35,'server_init',NULL,NULL,'2015-11-27 08:17:43',NULL,NULL,'4.0',NULL,NULL,NULL,'SPAGOBI'),(7,'/spagobi/op_reva','/spagobi/op_reva',NULL,'USER',31,'server_init',NULL,NULL,'2015-11-27 08:17:43',NULL,NULL,'4.0',NULL,NULL,NULL,'SPAGOBI'),(8,'/spagobi/an_reva','/spagobi/an_reva',NULL,'USER',31,'server_init',NULL,NULL,'2015-11-27 08:17:43',NULL,NULL,'4.0',NULL,NULL,NULL,'SPAGOBI'),(9,'/spagobi/bam','/spagobi/bam',NULL,'USER',31,'server_init',NULL,NULL,'2015-11-27 08:17:43',NULL,NULL,'4.0',NULL,NULL,NULL,'SPAGOBI'),(10,'/spagobi/user/demo','/spagobi/user/demo',NULL,'USER',31,'server_init',NULL,NULL,'2015-11-27 08:17:43',NULL,NULL,'4.0',NULL,NULL,NULL,'SPAGOBI');
/*!40000 ALTER TABLE `SBI_EXT_ROLES` ENABLE KEYS */;
UNLOCK TABLES;

--
-- Table structure for table `SBI_EXT_ROLES_CATEGORY`
--

DROP TABLE IF EXISTS `SBI_EXT_ROLES_CATEGORY`;
/*!40101 SET @saved_cs_client     = @@character_set_client */;
/*!40101 SET character_set_client = utf8 */;
CREATE TABLE `SBI_EXT_ROLES_CATEGORY` (
  `EXT_ROLE_ID` int(11) NOT NULL,
  `CATEGORY_ID` int(11) NOT NULL,
  PRIMARY KEY (`EXT_ROLE_ID`,`CATEGORY_ID`),
  KEY `FK_SB_EXT_ROLES_META_MODEL_CATEGORY_2` (`CATEGORY_ID`),
  CONSTRAINT `FK_SB_EXT_ROLES_META_MODEL_CATEGORY_1` FOREIGN KEY (`EXT_ROLE_ID`) REFERENCES `SBI_EXT_ROLES` (`EXT_ROLE_ID`),
  CONSTRAINT `FK_SB_EXT_ROLES_META_MODEL_CATEGORY_2` FOREIGN KEY (`CATEGORY_ID`) REFERENCES `SBI_DOMAINS` (`VALUE_ID`)
) ENGINE=InnoDB DEFAULT CHARSET=latin1;
/*!40101 SET character_set_client = @saved_cs_client */;

--
-- Dumping data for table `SBI_EXT_ROLES_CATEGORY`
--

LOCK TABLES `SBI_EXT_ROLES_CATEGORY` WRITE;
/*!40000 ALTER TABLE `SBI_EXT_ROLES_CATEGORY` DISABLE KEYS */;
/*!40000 ALTER TABLE `SBI_EXT_ROLES_CATEGORY` ENABLE KEYS */;
UNLOCK TABLES;

--
-- Table structure for table `SBI_EXT_USER_ROLES`
--

DROP TABLE IF EXISTS `SBI_EXT_USER_ROLES`;
/*!40101 SET @saved_cs_client     = @@character_set_client */;
/*!40101 SET character_set_client = utf8 */;
CREATE TABLE `SBI_EXT_USER_ROLES` (
  `ID` int(11) NOT NULL,
  `EXT_ROLE_ID` int(11) NOT NULL,
  `USER_IN` varchar(100) NOT NULL,
  `USER_UP` varchar(100) DEFAULT NULL,
  `USER_DE` varchar(100) DEFAULT NULL,
  `TIME_IN` timestamp NOT NULL,
  `TIME_UP` timestamp NULL DEFAULT NULL,
  `TIME_DE` timestamp NULL DEFAULT NULL,
  `SBI_VERSION_IN` varchar(10) DEFAULT NULL,
  `SBI_VERSION_UP` varchar(10) DEFAULT NULL,
  `SBI_VERSION_DE` varchar(10) DEFAULT NULL,
  `META_VERSION` varchar(100) DEFAULT NULL,
  `ORGANIZATION` varchar(20) DEFAULT NULL,
  PRIMARY KEY (`ID`,`EXT_ROLE_ID`),
  KEY `FK_SBI_EXT_USER_ROLES_2` (`EXT_ROLE_ID`),
  CONSTRAINT `FK_SBI_EXT_USER_ROLES_1` FOREIGN KEY (`ID`) REFERENCES `SBI_USER` (`ID`) ON DELETE CASCADE,
  CONSTRAINT `FK_SBI_EXT_USER_ROLES_2` FOREIGN KEY (`EXT_ROLE_ID`) REFERENCES `SBI_EXT_ROLES` (`EXT_ROLE_ID`)
) ENGINE=InnoDB DEFAULT CHARSET=latin1;
/*!40101 SET character_set_client = @saved_cs_client */;

--
-- Dumping data for table `SBI_EXT_USER_ROLES`
--

LOCK TABLES `SBI_EXT_USER_ROLES` WRITE;
/*!40000 ALTER TABLE `SBI_EXT_USER_ROLES` DISABLE KEYS */;
INSERT INTO `SBI_EXT_USER_ROLES` VALUES (1,5,'server',NULL,NULL,'2015-11-27 08:17:43',NULL,NULL,'4.0',NULL,NULL,NULL,NULL),(2,3,'server',NULL,NULL,'2015-11-27 08:17:43',NULL,NULL,'4.0',NULL,NULL,NULL,NULL),(3,10,'server',NULL,NULL,'2015-11-27 08:17:43',NULL,NULL,'4.0',NULL,NULL,NULL,NULL),(4,2,'server',NULL,NULL,'2015-11-27 08:17:43',NULL,NULL,'4.0',NULL,NULL,NULL,NULL),(5,1,'server',NULL,NULL,'2015-11-27 08:17:43',NULL,NULL,'4.0',NULL,NULL,NULL,NULL),(6,9,'server',NULL,NULL,'2015-11-27 08:17:43',NULL,NULL,'4.0',NULL,NULL,NULL,NULL);
/*!40000 ALTER TABLE `SBI_EXT_USER_ROLES` ENABLE KEYS */;
UNLOCK TABLES;

--
-- Table structure for table `SBI_FUNCTIONS`
--

DROP TABLE IF EXISTS `SBI_FUNCTIONS`;
/*!40101 SET @saved_cs_client     = @@character_set_client */;
/*!40101 SET character_set_client = utf8 */;
CREATE TABLE `SBI_FUNCTIONS` (
  `FUNCT_ID` int(11) NOT NULL,
  `FUNCT_TYPE_CD` varchar(20) NOT NULL,
  `PARENT_FUNCT_ID` int(11) DEFAULT NULL,
  `NAME` varchar(40) DEFAULT NULL,
  `DESCR` varchar(160) DEFAULT NULL,
  `PATH` varchar(400) DEFAULT NULL,
  `CODE` varchar(40) NOT NULL,
  `PROG` int(11) NOT NULL,
  `FUNCT_TYPE_ID` int(11) NOT NULL,
  `USER_IN` varchar(100) NOT NULL,
  `USER_UP` varchar(100) DEFAULT NULL,
  `USER_DE` varchar(100) DEFAULT NULL,
  `TIME_IN` timestamp NOT NULL,
  `TIME_UP` timestamp NULL DEFAULT NULL,
  `TIME_DE` timestamp NULL DEFAULT NULL,
  `SBI_VERSION_IN` varchar(10) DEFAULT NULL,
  `SBI_VERSION_UP` varchar(10) DEFAULT NULL,
  `SBI_VERSION_DE` varchar(10) DEFAULT NULL,
  `META_VERSION` varchar(100) DEFAULT NULL,
  `ORGANIZATION` varchar(20) DEFAULT NULL,
  PRIMARY KEY (`FUNCT_ID`),
  UNIQUE KEY `XAK1SBI_FUNCTIONS` (`CODE`,`ORGANIZATION`),
  KEY `FK_SBI_FUNCTIONS_1` (`FUNCT_TYPE_ID`),
  KEY `FK_SBI_FUNCTIONS_2` (`PARENT_FUNCT_ID`),
  CONSTRAINT `FK_SBI_FUNCTIONS_1` FOREIGN KEY (`FUNCT_TYPE_ID`) REFERENCES `SBI_DOMAINS` (`VALUE_ID`),
  CONSTRAINT `FK_SBI_FUNCTIONS_2` FOREIGN KEY (`PARENT_FUNCT_ID`) REFERENCES `SBI_FUNCTIONS` (`FUNCT_ID`)
) ENGINE=InnoDB DEFAULT CHARSET=latin1;
/*!40101 SET character_set_client = @saved_cs_client */;

--
-- Dumping data for table `SBI_FUNCTIONS`
--

LOCK TABLES `SBI_FUNCTIONS` WRITE;
/*!40000 ALTER TABLE `SBI_FUNCTIONS` DISABLE KEYS */;
INSERT INTO `SBI_FUNCTIONS` VALUES (1,'LOW_FUNCT',NULL,'Functionalities','Functionalities','/Functionalities','Functionalities',1,37,'server',NULL,NULL,'2015-11-27 08:17:42',NULL,NULL,'4.0',NULL,NULL,NULL,'SPAGOBI'),(2,'USER_FUNCT',NULL,'biadmin','User Functionality Root','/biadmin','ufr_biadmin',1,38,'server',NULL,NULL,'2015-11-27 08:36:14',NULL,NULL,'4.0',NULL,NULL,NULL,'SPAGOBI');
/*!40000 ALTER TABLE `SBI_FUNCTIONS` ENABLE KEYS */;
UNLOCK TABLES;

--
-- Table structure for table `SBI_FUNC_ROLE`
--

DROP TABLE IF EXISTS `SBI_FUNC_ROLE`;
/*!40101 SET @saved_cs_client     = @@character_set_client */;
/*!40101 SET character_set_client = utf8 */;
CREATE TABLE `SBI_FUNC_ROLE` (
  `ROLE_ID` int(11) NOT NULL,
  `FUNCT_ID` int(11) NOT NULL,
  `STATE_CD` varchar(20) DEFAULT NULL,
  `STATE_ID` int(11) NOT NULL,
  `USER_IN` varchar(100) NOT NULL,
  `USER_UP` varchar(100) DEFAULT NULL,
  `USER_DE` varchar(100) DEFAULT NULL,
  `TIME_IN` timestamp NOT NULL,
  `TIME_UP` timestamp NULL DEFAULT NULL,
  `TIME_DE` timestamp NULL DEFAULT NULL,
  `SBI_VERSION_IN` varchar(10) DEFAULT NULL,
  `SBI_VERSION_UP` varchar(10) DEFAULT NULL,
  `SBI_VERSION_DE` varchar(10) DEFAULT NULL,
  `META_VERSION` varchar(100) DEFAULT NULL,
  `ORGANIZATION` varchar(20) DEFAULT NULL,
  PRIMARY KEY (`FUNCT_ID`,`STATE_ID`,`ROLE_ID`),
  KEY `FK_SBI_FUNC_ROLE_1` (`ROLE_ID`),
  KEY `FK_SBI_FUNC_ROLE_2` (`STATE_ID`),
  CONSTRAINT `FK_SBI_FUNC_ROLE_1` FOREIGN KEY (`ROLE_ID`) REFERENCES `SBI_EXT_ROLES` (`EXT_ROLE_ID`),
  CONSTRAINT `FK_SBI_FUNC_ROLE_2` FOREIGN KEY (`STATE_ID`) REFERENCES `SBI_DOMAINS` (`VALUE_ID`),
  CONSTRAINT `FK_SBI_FUNC_ROLE_3` FOREIGN KEY (`FUNCT_ID`) REFERENCES `SBI_FUNCTIONS` (`FUNCT_ID`)
) ENGINE=InnoDB DEFAULT CHARSET=latin1;
/*!40101 SET character_set_client = @saved_cs_client */;

--
-- Dumping data for table `SBI_FUNC_ROLE`
--

LOCK TABLES `SBI_FUNC_ROLE` WRITE;
/*!40000 ALTER TABLE `SBI_FUNC_ROLE` DISABLE KEYS */;
/*!40000 ALTER TABLE `SBI_FUNC_ROLE` ENABLE KEYS */;
UNLOCK TABLES;

--
-- Table structure for table `SBI_GEO_FEATURES`
--

DROP TABLE IF EXISTS `SBI_GEO_FEATURES`;
/*!40101 SET @saved_cs_client     = @@character_set_client */;
/*!40101 SET character_set_client = utf8 */;
CREATE TABLE `SBI_GEO_FEATURES` (
  `FEATURE_ID` int(11) NOT NULL,
  `NAME` varchar(40) NOT NULL,
  `DESCR` varchar(160) DEFAULT NULL,
  `TYPE` varchar(40) DEFAULT NULL,
  `USER_IN` varchar(100) NOT NULL,
  `USER_UP` varchar(100) DEFAULT NULL,
  `USER_DE` varchar(100) DEFAULT NULL,
  `TIME_IN` timestamp NOT NULL,
  `TIME_UP` timestamp NULL DEFAULT NULL,
  `TIME_DE` timestamp NULL DEFAULT NULL,
  `SBI_VERSION_IN` varchar(10) DEFAULT NULL,
  `SBI_VERSION_UP` varchar(10) DEFAULT NULL,
  `SBI_VERSION_DE` varchar(10) DEFAULT NULL,
  `META_VERSION` varchar(100) DEFAULT NULL,
  `ORGANIZATION` varchar(20) DEFAULT NULL,
  PRIMARY KEY (`FEATURE_ID`),
  UNIQUE KEY `XAK1SBI_GEO_FEATURES` (`NAME`,`ORGANIZATION`)
) ENGINE=InnoDB DEFAULT CHARSET=latin1;
/*!40101 SET character_set_client = @saved_cs_client */;

--
-- Dumping data for table `SBI_GEO_FEATURES`
--

LOCK TABLES `SBI_GEO_FEATURES` WRITE;
/*!40000 ALTER TABLE `SBI_GEO_FEATURES` DISABLE KEYS */;
/*!40000 ALTER TABLE `SBI_GEO_FEATURES` ENABLE KEYS */;
UNLOCK TABLES;

--
-- Table structure for table `SBI_GEO_LAYERS`
--

DROP TABLE IF EXISTS `SBI_GEO_LAYERS`;
/*!40101 SET @saved_cs_client     = @@character_set_client */;
/*!40101 SET character_set_client = utf8 */;
CREATE TABLE `SBI_GEO_LAYERS` (
  `LAYER_ID` int(11) NOT NULL,
  `LABEL` varchar(100) NOT NULL,
  `NAME` varchar(100) DEFAULT NULL,
  `DESCR` varchar(100) DEFAULT NULL,
  `LAYER_DEFINITION` blob NOT NULL,
  `TYPE` varchar(40) DEFAULT NULL,
  `IS_BASE_LAYER` tinyint(1) NOT NULL DEFAULT '0',
  `USER_IN` varchar(100) NOT NULL,
  `USER_UP` varchar(100) DEFAULT NULL,
  `USER_DE` varchar(100) DEFAULT NULL,
  `TIME_IN` timestamp NOT NULL DEFAULT CURRENT_TIMESTAMP,
  `TIME_UP` timestamp NULL DEFAULT NULL,
  `TIME_DE` timestamp NULL DEFAULT NULL,
  `SBI_VERSION_IN` varchar(10) DEFAULT NULL,
  `SBI_VERSION_UP` varchar(10) DEFAULT NULL,
  `SBI_VERSION_DE` varchar(10) DEFAULT NULL,
  `META_VERSION` varchar(100) DEFAULT NULL,
  `ORGANIZATION` varchar(20) DEFAULT NULL,
  PRIMARY KEY (`LAYER_ID`),
  UNIQUE KEY `LABEL_UNIQUE` (`LABEL`,`ORGANIZATION`)
) ENGINE=InnoDB DEFAULT CHARSET=latin1;
/*!40101 SET character_set_client = @saved_cs_client */;

--
-- Dumping data for table `SBI_GEO_LAYERS`
--

LOCK TABLES `SBI_GEO_LAYERS` WRITE;
/*!40000 ALTER TABLE `SBI_GEO_LAYERS` DISABLE KEYS */;
/*!40000 ALTER TABLE `SBI_GEO_LAYERS` ENABLE KEYS */;
UNLOCK TABLES;

--
-- Table structure for table `SBI_GEO_MAPS`
--

DROP TABLE IF EXISTS `SBI_GEO_MAPS`;
/*!40101 SET @saved_cs_client     = @@character_set_client */;
/*!40101 SET character_set_client = utf8 */;
CREATE TABLE `SBI_GEO_MAPS` (
  `MAP_ID` int(11) NOT NULL,
  `NAME` varchar(40) NOT NULL,
  `DESCR` varchar(160) DEFAULT NULL,
  `URL` varchar(400) DEFAULT NULL,
  `FORMAT` varchar(40) DEFAULT NULL,
  `BIN_ID` int(11) NOT NULL,
  `USER_IN` varchar(100) NOT NULL,
  `USER_UP` varchar(100) DEFAULT NULL,
  `USER_DE` varchar(100) DEFAULT NULL,
  `TIME_IN` timestamp NOT NULL,
  `TIME_UP` timestamp NULL DEFAULT NULL,
  `TIME_DE` timestamp NULL DEFAULT NULL,
  `SBI_VERSION_IN` varchar(10) DEFAULT NULL,
  `SBI_VERSION_UP` varchar(10) DEFAULT NULL,
  `SBI_VERSION_DE` varchar(10) DEFAULT NULL,
  `META_VERSION` varchar(100) DEFAULT NULL,
  `ORGANIZATION` varchar(20) DEFAULT NULL,
  PRIMARY KEY (`MAP_ID`),
  UNIQUE KEY `XAK1SBI_GEO_MAPS` (`NAME`,`ORGANIZATION`),
  KEY `FK_SBI_GEO_MAPS_1` (`BIN_ID`),
  CONSTRAINT `FK_SBI_GEO_MAPS_1` FOREIGN KEY (`BIN_ID`) REFERENCES `SBI_BINARY_CONTENTS` (`BIN_ID`)
) ENGINE=InnoDB DEFAULT CHARSET=latin1;
/*!40101 SET character_set_client = @saved_cs_client */;

--
-- Dumping data for table `SBI_GEO_MAPS`
--

LOCK TABLES `SBI_GEO_MAPS` WRITE;
/*!40000 ALTER TABLE `SBI_GEO_MAPS` DISABLE KEYS */;
/*!40000 ALTER TABLE `SBI_GEO_MAPS` ENABLE KEYS */;
UNLOCK TABLES;

--
-- Table structure for table `SBI_GEO_MAP_FEATURES`
--

DROP TABLE IF EXISTS `SBI_GEO_MAP_FEATURES`;
/*!40101 SET @saved_cs_client     = @@character_set_client */;
/*!40101 SET character_set_client = utf8 */;
CREATE TABLE `SBI_GEO_MAP_FEATURES` (
  `MAP_ID` int(11) NOT NULL,
  `FEATURE_ID` int(11) NOT NULL,
  `SVG_GROUP` varchar(40) DEFAULT NULL,
  `VISIBLE_FLAG` varchar(1) DEFAULT NULL,
  `USER_IN` varchar(100) NOT NULL,
  `USER_UP` varchar(100) DEFAULT NULL,
  `USER_DE` varchar(100) DEFAULT NULL,
  `TIME_IN` timestamp NOT NULL,
  `TIME_UP` timestamp NULL DEFAULT NULL,
  `TIME_DE` timestamp NULL DEFAULT NULL,
  `SBI_VERSION_IN` varchar(10) DEFAULT NULL,
  `SBI_VERSION_UP` varchar(10) DEFAULT NULL,
  `SBI_VERSION_DE` varchar(10) DEFAULT NULL,
  `META_VERSION` varchar(100) DEFAULT NULL,
  `ORGANIZATION` varchar(20) DEFAULT NULL,
  PRIMARY KEY (`MAP_ID`,`FEATURE_ID`),
  KEY `FK_GEO_MAP_FEATURES2` (`FEATURE_ID`),
  CONSTRAINT `FK_GEO_MAP_FEATURES1` FOREIGN KEY (`MAP_ID`) REFERENCES `SBI_GEO_MAPS` (`MAP_ID`),
  CONSTRAINT `FK_GEO_MAP_FEATURES2` FOREIGN KEY (`FEATURE_ID`) REFERENCES `SBI_GEO_FEATURES` (`FEATURE_ID`)
) ENGINE=InnoDB DEFAULT CHARSET=latin1;
/*!40101 SET character_set_client = @saved_cs_client */;

--
-- Dumping data for table `SBI_GEO_MAP_FEATURES`
--

LOCK TABLES `SBI_GEO_MAP_FEATURES` WRITE;
/*!40000 ALTER TABLE `SBI_GEO_MAP_FEATURES` DISABLE KEYS */;
/*!40000 ALTER TABLE `SBI_GEO_MAP_FEATURES` ENABLE KEYS */;
UNLOCK TABLES;

--
-- Table structure for table `SBI_GOAL`
--

DROP TABLE IF EXISTS `SBI_GOAL`;
/*!40101 SET @saved_cs_client     = @@character_set_client */;
/*!40101 SET character_set_client = utf8 */;
CREATE TABLE `SBI_GOAL` (
  `GOAL_ID` int(11) NOT NULL,
  `GRANT_ID` int(11) NOT NULL,
  `START_DATE` date NOT NULL,
  `END_DATE` date NOT NULL,
  `NAME` varchar(20) NOT NULL,
  `LABEL` varchar(20) NOT NULL,
  `DESCRIPTION` varchar(1000) DEFAULT NULL,
  `USER_IN` varchar(100) NOT NULL,
  `USER_UP` varchar(100) DEFAULT NULL,
  `USER_DE` varchar(100) DEFAULT NULL,
  `TIME_IN` timestamp NOT NULL,
  `TIME_UP` timestamp NULL DEFAULT NULL,
  `TIME_DE` timestamp NULL DEFAULT NULL,
  `SBI_VERSION_IN` varchar(10) DEFAULT NULL,
  `SBI_VERSION_UP` varchar(10) DEFAULT NULL,
  `SBI_VERSION_DE` varchar(10) DEFAULT NULL,
  `META_VERSION` varchar(100) DEFAULT NULL,
  `ORGANIZATION` varchar(20) DEFAULT NULL,
  PRIMARY KEY (`GOAL_ID`),
  UNIQUE KEY `XIF1SBI_SBI_GOAL` (`NAME`,`ORGANIZATION`),
  KEY `FK_GRANT_ID_GRANT` (`GRANT_ID`),
  CONSTRAINT `FK_GRANT_ID_GRANT` FOREIGN KEY (`GRANT_ID`) REFERENCES `SBI_ORG_UNIT_GRANT` (`ID`) ON DELETE CASCADE
) ENGINE=InnoDB DEFAULT CHARSET=latin1;
/*!40101 SET character_set_client = @saved_cs_client */;

--
-- Dumping data for table `SBI_GOAL`
--

LOCK TABLES `SBI_GOAL` WRITE;
/*!40000 ALTER TABLE `SBI_GOAL` DISABLE KEYS */;
/*!40000 ALTER TABLE `SBI_GOAL` ENABLE KEYS */;
UNLOCK TABLES;

--
-- Table structure for table `SBI_GOAL_HIERARCHY`
--

DROP TABLE IF EXISTS `SBI_GOAL_HIERARCHY`;
/*!40101 SET @saved_cs_client     = @@character_set_client */;
/*!40101 SET character_set_client = utf8 */;
CREATE TABLE `SBI_GOAL_HIERARCHY` (
  `GOAL_HIERARCHY_ID` int(11) NOT NULL,
  `ORG_UNIT_ID` int(11) NOT NULL,
  `GOAL_ID` int(11) NOT NULL,
  `PARENT_ID` int(11) DEFAULT NULL,
  `NAME` varchar(50) NOT NULL,
  `LABEL` varchar(50) DEFAULT NULL,
  `GOAL` varchar(1000) DEFAULT NULL,
  `USER_IN` varchar(100) NOT NULL,
  `USER_UP` varchar(100) DEFAULT NULL,
  `USER_DE` varchar(100) DEFAULT NULL,
  `TIME_IN` timestamp NOT NULL,
  `TIME_UP` timestamp NULL DEFAULT NULL,
  `TIME_DE` timestamp NULL DEFAULT NULL,
  `SBI_VERSION_IN` varchar(10) DEFAULT NULL,
  `SBI_VERSION_UP` varchar(10) DEFAULT NULL,
  `SBI_VERSION_DE` varchar(10) DEFAULT NULL,
  `META_VERSION` varchar(100) DEFAULT NULL,
  `ORGANIZATION` varchar(20) DEFAULT NULL,
  PRIMARY KEY (`GOAL_HIERARCHY_ID`),
  UNIQUE KEY `XIF1SBI_SBI_GOAL_HIERARCHY` (`LABEL`,`ORGANIZATION`),
  KEY `FK_SBI_GOAL_HIERARCHY_GOAL` (`GOAL_ID`),
  KEY `FK_SBI_GOAL_HIERARCHY_PARENT` (`PARENT_ID`),
  CONSTRAINT `FK_SBI_GOAL_HIERARCHY_GOAL` FOREIGN KEY (`GOAL_ID`) REFERENCES `SBI_GOAL` (`GOAL_ID`) ON DELETE CASCADE,
  CONSTRAINT `FK_SBI_GOAL_HIERARCHY_PARENT` FOREIGN KEY (`PARENT_ID`) REFERENCES `SBI_GOAL_HIERARCHY` (`GOAL_HIERARCHY_ID`) ON DELETE CASCADE
) ENGINE=InnoDB DEFAULT CHARSET=latin1;
/*!40101 SET character_set_client = @saved_cs_client */;

--
-- Dumping data for table `SBI_GOAL_HIERARCHY`
--

LOCK TABLES `SBI_GOAL_HIERARCHY` WRITE;
/*!40000 ALTER TABLE `SBI_GOAL_HIERARCHY` DISABLE KEYS */;
/*!40000 ALTER TABLE `SBI_GOAL_HIERARCHY` ENABLE KEYS */;
UNLOCK TABLES;

--
-- Table structure for table `SBI_GOAL_KPI`
--

DROP TABLE IF EXISTS `SBI_GOAL_KPI`;
/*!40101 SET @saved_cs_client     = @@character_set_client */;
/*!40101 SET character_set_client = utf8 */;
CREATE TABLE `SBI_GOAL_KPI` (
  `GOAL_KPI_ID` int(11) NOT NULL,
  `KPI_INSTANCE_ID` int(11) NOT NULL,
  `GOAL_HIERARCHY_ID` int(11) NOT NULL,
  `WEIGHT1` double DEFAULT NULL,
  `WEIGHT2` double DEFAULT NULL,
  `THRESHOLD1` double DEFAULT NULL,
  `THRESHOLD2` double DEFAULT NULL,
  `THRESHOLD1SIGN` int(11) DEFAULT NULL,
  `THRESHOLD2SIGN` int(11) DEFAULT NULL,
  `USER_IN` varchar(100) NOT NULL,
  `USER_UP` varchar(100) DEFAULT NULL,
  `USER_DE` varchar(100) DEFAULT NULL,
  `TIME_IN` timestamp NOT NULL,
  `TIME_UP` timestamp NULL DEFAULT NULL,
  `TIME_DE` timestamp NULL DEFAULT NULL,
  `SBI_VERSION_IN` varchar(10) DEFAULT NULL,
  `SBI_VERSION_UP` varchar(10) DEFAULT NULL,
  `SBI_VERSION_DE` varchar(10) DEFAULT NULL,
  `META_VERSION` varchar(100) DEFAULT NULL,
  `ORGANIZATION` varchar(20) DEFAULT NULL,
  PRIMARY KEY (`GOAL_KPI_ID`),
  KEY `FK_SBI_GOAL_KPI_GOAL` (`GOAL_HIERARCHY_ID`),
  KEY `FK_SBI_GOAL_KPI_KPI` (`KPI_INSTANCE_ID`),
  CONSTRAINT `FK_SBI_GOAL_KPI_GOAL` FOREIGN KEY (`GOAL_HIERARCHY_ID`) REFERENCES `SBI_GOAL_HIERARCHY` (`GOAL_HIERARCHY_ID`) ON DELETE CASCADE,
  CONSTRAINT `FK_SBI_GOAL_KPI_KPI` FOREIGN KEY (`KPI_INSTANCE_ID`) REFERENCES `SBI_KPI_MODEL_INST` (`KPI_MODEL_INST`) ON DELETE CASCADE
) ENGINE=InnoDB DEFAULT CHARSET=latin1;
/*!40101 SET character_set_client = @saved_cs_client */;

--
-- Dumping data for table `SBI_GOAL_KPI`
--

LOCK TABLES `SBI_GOAL_KPI` WRITE;
/*!40000 ALTER TABLE `SBI_GOAL_KPI` DISABLE KEYS */;
/*!40000 ALTER TABLE `SBI_GOAL_KPI` ENABLE KEYS */;
UNLOCK TABLES;

--
-- Table structure for table `SBI_I18N_MESSAGES`
--

DROP TABLE IF EXISTS `SBI_I18N_MESSAGES`;
/*!40101 SET @saved_cs_client     = @@character_set_client */;
/*!40101 SET character_set_client = utf8 */;
CREATE TABLE `SBI_I18N_MESSAGES` (
  `LANGUAGE_CD` int(11) NOT NULL,
  `LABEL` varchar(200) NOT NULL,
  `MESSAGE` text,
  `USER_IN` varchar(100) NOT NULL,
  `USER_UP` varchar(100) DEFAULT NULL,
  `USER_DE` varchar(100) DEFAULT NULL,
  `TIME_IN` timestamp NOT NULL,
  `TIME_UP` timestamp NULL DEFAULT NULL,
  `TIME_DE` timestamp NULL DEFAULT NULL,
  `SBI_VERSION_IN` varchar(10) DEFAULT NULL,
  `SBI_VERSION_UP` varchar(10) DEFAULT NULL,
  `SBI_VERSION_DE` varchar(10) DEFAULT NULL,
  `META_VERSION` varchar(100) DEFAULT NULL,
  `ORGANIZATION` varchar(20) NOT NULL,
  PRIMARY KEY (`LANGUAGE_CD`,`LABEL`,`ORGANIZATION`),
  CONSTRAINT `FK_SBI_I18N_MESSAGES` FOREIGN KEY (`LANGUAGE_CD`) REFERENCES `SBI_DOMAINS` (`VALUE_ID`)
) ENGINE=InnoDB DEFAULT CHARSET=latin1;
/*!40101 SET character_set_client = @saved_cs_client */;

--
-- Dumping data for table `SBI_I18N_MESSAGES`
--

LOCK TABLES `SBI_I18N_MESSAGES` WRITE;
/*!40000 ALTER TABLE `SBI_I18N_MESSAGES` DISABLE KEYS */;
/*!40000 ALTER TABLE `SBI_I18N_MESSAGES` ENABLE KEYS */;
UNLOCK TABLES;

--
-- Table structure for table `SBI_KPI`
--

DROP TABLE IF EXISTS `SBI_KPI`;
/*!40101 SET @saved_cs_client     = @@character_set_client */;
/*!40101 SET character_set_client = utf8 */;
CREATE TABLE `SBI_KPI` (
  `KPI_ID` int(11) NOT NULL,
  `ID_MEASURE_UNIT` int(11) DEFAULT NULL,
  `DS_ID` int(11) DEFAULT NULL,
  `THRESHOLD_ID` int(11) DEFAULT NULL,
  `ID_KPI_PARENT` int(11) DEFAULT NULL,
  `NAME` varchar(400) NOT NULL,
  `CODE` varchar(40) DEFAULT NULL,
  `METRIC` varchar(1000) DEFAULT NULL,
  `DESCRIPTION` varchar(1000) DEFAULT NULL,
  `WEIGHT` double DEFAULT NULL,
  `IS_ADDITIVE` char(1) DEFAULT NULL,
  `FLG_IS_FATHER` char(1) DEFAULT NULL,
  `KPI_TYPE` int(11) DEFAULT NULL,
  `METRIC_SCALE_TYPE` int(11) DEFAULT NULL,
  `MEASURE_TYPE` int(11) DEFAULT NULL,
  `INTERPRETATION` varchar(1000) DEFAULT NULL,
  `INPUT_ATTRIBUTES` varchar(1000) DEFAULT NULL,
  `MODEL_REFERENCE` varchar(255) DEFAULT NULL,
  `TARGET_AUDIENCE` varchar(1000) DEFAULT NULL,
  `USER_IN` varchar(100) NOT NULL,
  `USER_UP` varchar(100) DEFAULT NULL,
  `USER_DE` varchar(100) DEFAULT NULL,
  `TIME_IN` timestamp NOT NULL,
  `TIME_UP` timestamp NULL DEFAULT NULL,
  `TIME_DE` timestamp NULL DEFAULT NULL,
  `SBI_VERSION_IN` varchar(10) DEFAULT NULL,
  `SBI_VERSION_UP` varchar(10) DEFAULT NULL,
  `SBI_VERSION_DE` varchar(10) DEFAULT NULL,
  `META_VERSION` varchar(100) DEFAULT NULL,
  `ORGANIZATION` varchar(20) DEFAULT NULL,
  PRIMARY KEY (`KPI_ID`),
  UNIQUE KEY `XAK1SBI_KPI` (`CODE`,`ORGANIZATION`),
  KEY `FK_SBI_KPI_1` (`ID_MEASURE_UNIT`),
  KEY `FK_SBI_KPI_2` (`THRESHOLD_ID`),
  KEY `FK_SBI_KPI_3` (`ID_KPI_PARENT`),
  KEY `FK_SBI_KPI_4` (`KPI_TYPE`),
  KEY `FK_SBI_KPI_5` (`METRIC_SCALE_TYPE`),
  KEY `FK_SBI_KPI_6` (`MEASURE_TYPE`),
  CONSTRAINT `FK_SBI_KPI_1` FOREIGN KEY (`ID_MEASURE_UNIT`) REFERENCES `SBI_MEASURE_UNIT` (`ID_MEASURE_UNIT`),
  CONSTRAINT `FK_SBI_KPI_2` FOREIGN KEY (`THRESHOLD_ID`) REFERENCES `SBI_THRESHOLD` (`THRESHOLD_ID`) ON DELETE NO ACTION ON UPDATE NO ACTION,
  CONSTRAINT `FK_SBI_KPI_3` FOREIGN KEY (`ID_KPI_PARENT`) REFERENCES `SBI_KPI` (`KPI_ID`),
  CONSTRAINT `FK_SBI_KPI_4` FOREIGN KEY (`KPI_TYPE`) REFERENCES `SBI_DOMAINS` (`VALUE_ID`),
  CONSTRAINT `FK_SBI_KPI_5` FOREIGN KEY (`METRIC_SCALE_TYPE`) REFERENCES `SBI_DOMAINS` (`VALUE_ID`),
  CONSTRAINT `FK_SBI_KPI_6` FOREIGN KEY (`MEASURE_TYPE`) REFERENCES `SBI_DOMAINS` (`VALUE_ID`)
) ENGINE=InnoDB DEFAULT CHARSET=latin1;
/*!40101 SET character_set_client = @saved_cs_client */;

--
-- Dumping data for table `SBI_KPI`
--

LOCK TABLES `SBI_KPI` WRITE;
/*!40000 ALTER TABLE `SBI_KPI` DISABLE KEYS */;
/*!40000 ALTER TABLE `SBI_KPI` ENABLE KEYS */;
UNLOCK TABLES;

--
-- Table structure for table `SBI_KPI_COMMENTS`
--

DROP TABLE IF EXISTS `SBI_KPI_COMMENTS`;
/*!40101 SET @saved_cs_client     = @@character_set_client */;
/*!40101 SET character_set_client = utf8 */;
CREATE TABLE `SBI_KPI_COMMENTS` (
  `KPI_COMMENT_ID` int(11) NOT NULL AUTO_INCREMENT,
  `KPI_INST_ID` int(11) DEFAULT NULL,
  `BIN_ID` int(11) DEFAULT NULL,
  `EXEC_REQ` varchar(500) DEFAULT NULL,
  `OWNER` varchar(50) DEFAULT NULL,
  `ISPUBLIC` tinyint(1) DEFAULT NULL,
  `CREATION_DATE` timestamp NOT NULL DEFAULT CURRENT_TIMESTAMP ON UPDATE CURRENT_TIMESTAMP,
  `LAST_CHANGE_DATE` timestamp NULL DEFAULT NULL,
  `USER_IN` varchar(100) NOT NULL,
  `USER_UP` varchar(100) DEFAULT NULL,
  `USER_DE` varchar(100) DEFAULT NULL,
  `TIME_IN` timestamp NULL DEFAULT NULL,
  `TIME_UP` timestamp NULL DEFAULT NULL,
  `TIME_DE` timestamp NULL DEFAULT NULL,
  `SBI_VERSION_IN` varchar(10) DEFAULT NULL,
  `SBI_VERSION_UP` varchar(10) DEFAULT NULL,
  `SBI_VERSION_DE` varchar(10) DEFAULT NULL,
  `META_VERSION` varchar(100) DEFAULT NULL,
  `ORGANIZATION` varchar(20) DEFAULT NULL,
  PRIMARY KEY (`KPI_COMMENT_ID`),
  KEY `FK_SBI_KPI_COMMENT_1` (`BIN_ID`),
  KEY `FK_SBI_KPI_COMMENT_2` (`KPI_INST_ID`),
  CONSTRAINT `FK_SBI_KPI_COMMENT_1` FOREIGN KEY (`BIN_ID`) REFERENCES `SBI_BINARY_CONTENTS` (`BIN_ID`),
  CONSTRAINT `FK_SBI_KPI_COMMENT_2` FOREIGN KEY (`KPI_INST_ID`) REFERENCES `SBI_KPI_INSTANCE` (`ID_KPI_INSTANCE`)
) ENGINE=InnoDB DEFAULT CHARSET=latin1;
/*!40101 SET character_set_client = @saved_cs_client */;

--
-- Dumping data for table `SBI_KPI_COMMENTS`
--

LOCK TABLES `SBI_KPI_COMMENTS` WRITE;
/*!40000 ALTER TABLE `SBI_KPI_COMMENTS` DISABLE KEYS */;
/*!40000 ALTER TABLE `SBI_KPI_COMMENTS` ENABLE KEYS */;
UNLOCK TABLES;

--
-- Table structure for table `SBI_KPI_DOCUMENTS`
--

DROP TABLE IF EXISTS `SBI_KPI_DOCUMENTS`;
/*!40101 SET @saved_cs_client     = @@character_set_client */;
/*!40101 SET character_set_client = utf8 */;
CREATE TABLE `SBI_KPI_DOCUMENTS` (
  `ID_KPI_DOC` int(11) NOT NULL,
  `BIOBJ_ID` int(11) NOT NULL,
  `KPI_ID` int(11) NOT NULL,
  `USER_IN` varchar(100) NOT NULL,
  `USER_UP` varchar(100) DEFAULT NULL,
  `USER_DE` varchar(100) DEFAULT NULL,
  `TIME_IN` timestamp NOT NULL,
  `TIME_UP` timestamp NULL DEFAULT NULL,
  `TIME_DE` timestamp NULL DEFAULT NULL,
  `SBI_VERSION_IN` varchar(10) DEFAULT NULL,
  `SBI_VERSION_UP` varchar(10) DEFAULT NULL,
  `SBI_VERSION_DE` varchar(10) DEFAULT NULL,
  `META_VERSION` varchar(100) DEFAULT NULL,
  `ORGANIZATION` varchar(20) DEFAULT NULL,
  PRIMARY KEY (`ID_KPI_DOC`),
  KEY `FK_SBI_KPI_DOCUMENTS_1` (`BIOBJ_ID`),
  KEY `FK_SBI_KPI_DOCUMENTS_2` (`KPI_ID`),
  CONSTRAINT `FK_SBI_KPI_DOCUMENTS_1` FOREIGN KEY (`BIOBJ_ID`) REFERENCES `SBI_OBJECTS` (`BIOBJ_ID`) ON DELETE CASCADE ON UPDATE CASCADE,
  CONSTRAINT `FK_SBI_KPI_DOCUMENTS_2` FOREIGN KEY (`KPI_ID`) REFERENCES `SBI_KPI` (`KPI_ID`)
) ENGINE=InnoDB DEFAULT CHARSET=latin1;
/*!40101 SET character_set_client = @saved_cs_client */;

--
-- Dumping data for table `SBI_KPI_DOCUMENTS`
--

LOCK TABLES `SBI_KPI_DOCUMENTS` WRITE;
/*!40000 ALTER TABLE `SBI_KPI_DOCUMENTS` DISABLE KEYS */;
/*!40000 ALTER TABLE `SBI_KPI_DOCUMENTS` ENABLE KEYS */;
UNLOCK TABLES;

--
-- Table structure for table `SBI_KPI_ERROR`
--

DROP TABLE IF EXISTS `SBI_KPI_ERROR`;
/*!40101 SET @saved_cs_client     = @@character_set_client */;
/*!40101 SET character_set_client = utf8 */;
CREATE TABLE `SBI_KPI_ERROR` (
  `KPI_ERROR_ID` int(11) NOT NULL,
  `KPI_MODEL_INST_ID` int(11) NOT NULL,
  `USER_MSG` varchar(1000) DEFAULT NULL,
  `FULL_MSG` text,
  `TS_DATE` timestamp NULL DEFAULT NULL,
  `LABEL_MOD_INST` varchar(100) DEFAULT NULL,
  `PARAMETERS` varchar(1000) DEFAULT NULL,
  `USER_IN` varchar(100) NOT NULL,
  `USER_UP` varchar(100) DEFAULT NULL,
  `USER_DE` varchar(100) DEFAULT NULL,
  `TIME_IN` timestamp NOT NULL,
  `TIME_UP` timestamp NULL DEFAULT NULL,
  `TIME_DE` timestamp NULL DEFAULT NULL,
  `SBI_VERSION_IN` varchar(10) DEFAULT NULL,
  `SBI_VERSION_UP` varchar(10) DEFAULT NULL,
  `SBI_VERSION_DE` varchar(10) DEFAULT NULL,
  `META_VERSION` varchar(100) DEFAULT NULL,
  `ORGANIZATION` varchar(20) DEFAULT NULL,
  PRIMARY KEY (`KPI_ERROR_ID`),
  KEY `FK_SBI_KPI_ERROR_MODEL_1` (`KPI_MODEL_INST_ID`),
  CONSTRAINT `FK_SBI_KPI_ERROR_MODEL_1` FOREIGN KEY (`KPI_MODEL_INST_ID`) REFERENCES `SBI_KPI_MODEL_INST` (`KPI_MODEL_INST`)
) ENGINE=InnoDB DEFAULT CHARSET=latin1;
/*!40101 SET character_set_client = @saved_cs_client */;

--
-- Dumping data for table `SBI_KPI_ERROR`
--

LOCK TABLES `SBI_KPI_ERROR` WRITE;
/*!40000 ALTER TABLE `SBI_KPI_ERROR` DISABLE KEYS */;
/*!40000 ALTER TABLE `SBI_KPI_ERROR` ENABLE KEYS */;
UNLOCK TABLES;

--
-- Table structure for table `SBI_KPI_INSTANCE`
--

DROP TABLE IF EXISTS `SBI_KPI_INSTANCE`;
/*!40101 SET @saved_cs_client     = @@character_set_client */;
/*!40101 SET character_set_client = utf8 */;
CREATE TABLE `SBI_KPI_INSTANCE` (
  `ID_KPI_INSTANCE` int(11) NOT NULL,
  `KPI_ID` int(11) NOT NULL,
  `THRESHOLD_ID` int(11) DEFAULT NULL,
  `CHART_TYPE_ID` int(11) DEFAULT NULL,
  `ID_MEASURE_UNIT` int(11) DEFAULT NULL,
  `WEIGHT` double DEFAULT NULL,
  `TARGET` double DEFAULT NULL,
  `BEGIN_DT` datetime DEFAULT NULL,
  `USER_IN` varchar(100) NOT NULL,
  `USER_UP` varchar(100) DEFAULT NULL,
  `USER_DE` varchar(100) DEFAULT NULL,
  `TIME_IN` timestamp NOT NULL,
  `TIME_UP` timestamp NULL DEFAULT NULL,
  `TIME_DE` timestamp NULL DEFAULT NULL,
  `SBI_VERSION_IN` varchar(10) DEFAULT NULL,
  `SBI_VERSION_UP` varchar(10) DEFAULT NULL,
  `SBI_VERSION_DE` varchar(10) DEFAULT NULL,
  `META_VERSION` varchar(100) DEFAULT NULL,
  `ORGANIZATION` varchar(20) DEFAULT NULL,
  PRIMARY KEY (`ID_KPI_INSTANCE`),
  KEY `FK_SBI_KPI_INSTANCE_1` (`KPI_ID`),
  KEY `FK_SBI_KPI_INSTANCE_2` (`CHART_TYPE_ID`),
  KEY `FK_SBI_KPI_INSTANCE_3` (`ID_MEASURE_UNIT`),
  KEY `FK_SBI_KPI_INSTANCE_4` (`THRESHOLD_ID`),
  CONSTRAINT `FK_SBI_KPI_INSTANCE_1` FOREIGN KEY (`KPI_ID`) REFERENCES `SBI_KPI` (`KPI_ID`),
  CONSTRAINT `FK_SBI_KPI_INSTANCE_2` FOREIGN KEY (`CHART_TYPE_ID`) REFERENCES `SBI_DOMAINS` (`VALUE_ID`),
  CONSTRAINT `FK_SBI_KPI_INSTANCE_3` FOREIGN KEY (`ID_MEASURE_UNIT`) REFERENCES `SBI_MEASURE_UNIT` (`ID_MEASURE_UNIT`),
  CONSTRAINT `FK_SBI_KPI_INSTANCE_4` FOREIGN KEY (`THRESHOLD_ID`) REFERENCES `SBI_THRESHOLD` (`THRESHOLD_ID`)
) ENGINE=InnoDB DEFAULT CHARSET=latin1;
/*!40101 SET character_set_client = @saved_cs_client */;

--
-- Dumping data for table `SBI_KPI_INSTANCE`
--

LOCK TABLES `SBI_KPI_INSTANCE` WRITE;
/*!40000 ALTER TABLE `SBI_KPI_INSTANCE` DISABLE KEYS */;
/*!40000 ALTER TABLE `SBI_KPI_INSTANCE` ENABLE KEYS */;
UNLOCK TABLES;

--
-- Table structure for table `SBI_KPI_INSTANCE_HISTORY`
--

DROP TABLE IF EXISTS `SBI_KPI_INSTANCE_HISTORY`;
/*!40101 SET @saved_cs_client     = @@character_set_client */;
/*!40101 SET character_set_client = utf8 */;
CREATE TABLE `SBI_KPI_INSTANCE_HISTORY` (
  `ID_KPI_INSTANCE_HISTORY` int(11) NOT NULL,
  `ID_KPI_INSTANCE` int(11) NOT NULL,
  `THRESHOLD_ID` int(11) DEFAULT NULL,
  `CHART_TYPE_ID` int(11) DEFAULT NULL,
  `ID_MEASURE_UNIT` int(11) DEFAULT NULL,
  `WEIGHT` double DEFAULT NULL,
  `TARGET` double DEFAULT NULL,
  `BEGIN_DT` datetime DEFAULT NULL,
  `END_DT` datetime DEFAULT NULL,
  `USER_IN` varchar(100) NOT NULL,
  `USER_UP` varchar(100) DEFAULT NULL,
  `USER_DE` varchar(100) DEFAULT NULL,
  `TIME_IN` timestamp NOT NULL,
  `TIME_UP` timestamp NULL DEFAULT NULL,
  `TIME_DE` timestamp NULL DEFAULT NULL,
  `SBI_VERSION_IN` varchar(10) DEFAULT NULL,
  `SBI_VERSION_UP` varchar(10) DEFAULT NULL,
  `SBI_VERSION_DE` varchar(10) DEFAULT NULL,
  `META_VERSION` varchar(100) DEFAULT NULL,
  `ORGANIZATION` varchar(20) DEFAULT NULL,
  PRIMARY KEY (`ID_KPI_INSTANCE_HISTORY`),
  KEY `FK_SBI_KPI_INSTANCE_HISTORY_1` (`ID_MEASURE_UNIT`),
  KEY `FK_SBI_KPI_INSTANCE_HISTORY_2` (`THRESHOLD_ID`),
  KEY `FK_SBI_KPI_INSTANCE_HISTORY_3` (`CHART_TYPE_ID`),
  KEY `FK_SBI_KPI_INSTANCE_HISTORY_4` (`ID_KPI_INSTANCE`),
  CONSTRAINT `FK_SBI_KPI_INSTANCE_HISTORY_1` FOREIGN KEY (`ID_MEASURE_UNIT`) REFERENCES `SBI_MEASURE_UNIT` (`ID_MEASURE_UNIT`),
  CONSTRAINT `FK_SBI_KPI_INSTANCE_HISTORY_2` FOREIGN KEY (`THRESHOLD_ID`) REFERENCES `SBI_THRESHOLD` (`THRESHOLD_ID`),
  CONSTRAINT `FK_SBI_KPI_INSTANCE_HISTORY_3` FOREIGN KEY (`CHART_TYPE_ID`) REFERENCES `SBI_DOMAINS` (`VALUE_ID`),
  CONSTRAINT `FK_SBI_KPI_INSTANCE_HISTORY_4` FOREIGN KEY (`ID_KPI_INSTANCE`) REFERENCES `SBI_KPI_INSTANCE` (`ID_KPI_INSTANCE`)
) ENGINE=InnoDB DEFAULT CHARSET=latin1;
/*!40101 SET character_set_client = @saved_cs_client */;

--
-- Dumping data for table `SBI_KPI_INSTANCE_HISTORY`
--

LOCK TABLES `SBI_KPI_INSTANCE_HISTORY` WRITE;
/*!40000 ALTER TABLE `SBI_KPI_INSTANCE_HISTORY` DISABLE KEYS */;
/*!40000 ALTER TABLE `SBI_KPI_INSTANCE_HISTORY` ENABLE KEYS */;
UNLOCK TABLES;

--
-- Table structure for table `SBI_KPI_INST_PERIOD`
--

DROP TABLE IF EXISTS `SBI_KPI_INST_PERIOD`;
/*!40101 SET @saved_cs_client     = @@character_set_client */;
/*!40101 SET character_set_client = utf8 */;
CREATE TABLE `SBI_KPI_INST_PERIOD` (
  `KPI_INST_PERIOD_ID` int(11) NOT NULL,
  `KPI_INSTANCE_ID` int(11) NOT NULL,
  `PERIODICITY_ID` int(11) NOT NULL,
  `DEFAULT_VALUE` tinyint(1) DEFAULT NULL,
  `USER_IN` varchar(100) NOT NULL,
  `USER_UP` varchar(100) DEFAULT NULL,
  `USER_DE` varchar(100) DEFAULT NULL,
  `TIME_IN` timestamp NOT NULL,
  `TIME_UP` timestamp NULL DEFAULT NULL,
  `TIME_DE` timestamp NULL DEFAULT NULL,
  `SBI_VERSION_IN` varchar(10) DEFAULT NULL,
  `SBI_VERSION_UP` varchar(10) DEFAULT NULL,
  `SBI_VERSION_DE` varchar(10) DEFAULT NULL,
  `META_VERSION` varchar(100) DEFAULT NULL,
  `ORGANIZATION` varchar(20) DEFAULT NULL,
  PRIMARY KEY (`KPI_INST_PERIOD_ID`),
  KEY `FK_SBI_KPI_INST_PERIOD_1` (`PERIODICITY_ID`),
  KEY `FK_SBI_KPI_INST_PERIOD_2` (`KPI_INSTANCE_ID`),
  CONSTRAINT `FK_SBI_KPI_INST_PERIOD_1` FOREIGN KEY (`PERIODICITY_ID`) REFERENCES `SBI_KPI_PERIODICITY` (`ID_KPI_PERIODICITY`),
  CONSTRAINT `FK_SBI_KPI_INST_PERIOD_2` FOREIGN KEY (`KPI_INSTANCE_ID`) REFERENCES `SBI_KPI_INSTANCE` (`ID_KPI_INSTANCE`)
) ENGINE=InnoDB DEFAULT CHARSET=latin1;
/*!40101 SET character_set_client = @saved_cs_client */;

--
-- Dumping data for table `SBI_KPI_INST_PERIOD`
--

LOCK TABLES `SBI_KPI_INST_PERIOD` WRITE;
/*!40000 ALTER TABLE `SBI_KPI_INST_PERIOD` DISABLE KEYS */;
/*!40000 ALTER TABLE `SBI_KPI_INST_PERIOD` ENABLE KEYS */;
UNLOCK TABLES;

--
-- Table structure for table `SBI_KPI_MODEL`
--

DROP TABLE IF EXISTS `SBI_KPI_MODEL`;
/*!40101 SET @saved_cs_client     = @@character_set_client */;
/*!40101 SET character_set_client = utf8 */;
CREATE TABLE `SBI_KPI_MODEL` (
  `KPI_MODEL_ID` int(11) NOT NULL,
  `KPI_ID` int(11) DEFAULT NULL,
  `KPI_MODEL_TYPE_ID` int(11) NOT NULL,
  `KPI_PARENT_MODEL_ID` int(11) DEFAULT NULL,
  `KPI_MODEL_CD` varchar(40) NOT NULL,
  `KPI_MODEL_NM` varchar(400) DEFAULT NULL,
  `KPI_MODEL_DESC` varchar(1000) DEFAULT NULL,
  `KPI_MODEL_LBL` varchar(100) NOT NULL,
  `USER_IN` varchar(100) NOT NULL,
  `USER_UP` varchar(100) DEFAULT NULL,
  `USER_DE` varchar(100) DEFAULT NULL,
  `TIME_IN` timestamp NOT NULL,
  `TIME_UP` timestamp NULL DEFAULT NULL,
  `TIME_DE` timestamp NULL DEFAULT NULL,
  `SBI_VERSION_IN` varchar(10) DEFAULT NULL,
  `SBI_VERSION_UP` varchar(10) DEFAULT NULL,
  `SBI_VERSION_DE` varchar(10) DEFAULT NULL,
  `META_VERSION` varchar(100) DEFAULT NULL,
  `ORGANIZATION` varchar(20) DEFAULT NULL,
  PRIMARY KEY (`KPI_MODEL_ID`),
  UNIQUE KEY `XIF1SBI_KPI_MODEL` (`KPI_MODEL_LBL`,`ORGANIZATION`),
  UNIQUE KEY `UNIQUE_PAR_ID_CD` (`KPI_PARENT_MODEL_ID`,`KPI_MODEL_CD`),
  KEY `FK_SBI_KPI_MODEL_2` (`KPI_MODEL_TYPE_ID`),
  KEY `FK_SBI_KPI_MODEL_3` (`KPI_ID`),
  CONSTRAINT `FK_SBI_KPI_MODEL_1` FOREIGN KEY (`KPI_PARENT_MODEL_ID`) REFERENCES `SBI_KPI_MODEL` (`KPI_MODEL_ID`),
  CONSTRAINT `FK_SBI_KPI_MODEL_2` FOREIGN KEY (`KPI_MODEL_TYPE_ID`) REFERENCES `SBI_DOMAINS` (`VALUE_ID`),
  CONSTRAINT `FK_SBI_KPI_MODEL_3` FOREIGN KEY (`KPI_ID`) REFERENCES `SBI_KPI` (`KPI_ID`)
) ENGINE=InnoDB DEFAULT CHARSET=latin1;
/*!40101 SET character_set_client = @saved_cs_client */;

--
-- Dumping data for table `SBI_KPI_MODEL`
--

LOCK TABLES `SBI_KPI_MODEL` WRITE;
/*!40000 ALTER TABLE `SBI_KPI_MODEL` DISABLE KEYS */;
/*!40000 ALTER TABLE `SBI_KPI_MODEL` ENABLE KEYS */;
UNLOCK TABLES;

--
-- Table structure for table `SBI_KPI_MODEL_INST`
--

DROP TABLE IF EXISTS `SBI_KPI_MODEL_INST`;
/*!40101 SET @saved_cs_client     = @@character_set_client */;
/*!40101 SET character_set_client = utf8 */;
CREATE TABLE `SBI_KPI_MODEL_INST` (
  `KPI_MODEL_INST` int(11) NOT NULL,
  `KPI_MODEL_INST_PARENT` int(11) DEFAULT NULL,
  `KPI_MODEL_ID` int(11) DEFAULT NULL,
  `ID_KPI_INSTANCE` int(11) DEFAULT NULL,
  `NAME` varchar(400) DEFAULT NULL,
  `LABEL` varchar(100) NOT NULL,
  `DESCRIPTION` varchar(1000) DEFAULT NULL,
  `START_DATE` datetime DEFAULT NULL,
  `END_DATE` datetime DEFAULT NULL,
  `MODELUUID` varchar(400) DEFAULT NULL,
  `USER_IN` varchar(100) NOT NULL,
  `USER_UP` varchar(100) DEFAULT NULL,
  `USER_DE` varchar(100) DEFAULT NULL,
  `TIME_IN` timestamp NOT NULL,
  `TIME_UP` timestamp NULL DEFAULT NULL,
  `TIME_DE` timestamp NULL DEFAULT NULL,
  `SBI_VERSION_IN` varchar(10) DEFAULT NULL,
  `SBI_VERSION_UP` varchar(10) DEFAULT NULL,
  `SBI_VERSION_DE` varchar(10) DEFAULT NULL,
  `META_VERSION` varchar(100) DEFAULT NULL,
  `ORGANIZATION` varchar(20) DEFAULT NULL,
  PRIMARY KEY (`KPI_MODEL_INST`),
  UNIQUE KEY `XAK2SBI_KPI_MODEL_INST` (`LABEL`,`ORGANIZATION`),
  KEY `FK_SBI_KPI_MODEL_INST_1` (`KPI_MODEL_INST_PARENT`),
  KEY `FK_SBI_KPI_MODEL_INST_2` (`KPI_MODEL_ID`),
  KEY `FK_SBI_KPI_MODEL_INST_3` (`ID_KPI_INSTANCE`),
  CONSTRAINT `FK_SBI_KPI_MODEL_INST_1` FOREIGN KEY (`KPI_MODEL_INST_PARENT`) REFERENCES `SBI_KPI_MODEL_INST` (`KPI_MODEL_INST`),
  CONSTRAINT `FK_SBI_KPI_MODEL_INST_2` FOREIGN KEY (`KPI_MODEL_ID`) REFERENCES `SBI_KPI_MODEL` (`KPI_MODEL_ID`),
  CONSTRAINT `FK_SBI_KPI_MODEL_INST_3` FOREIGN KEY (`ID_KPI_INSTANCE`) REFERENCES `SBI_KPI_INSTANCE` (`ID_KPI_INSTANCE`)
) ENGINE=InnoDB DEFAULT CHARSET=latin1;
/*!40101 SET character_set_client = @saved_cs_client */;

--
-- Dumping data for table `SBI_KPI_MODEL_INST`
--

LOCK TABLES `SBI_KPI_MODEL_INST` WRITE;
/*!40000 ALTER TABLE `SBI_KPI_MODEL_INST` DISABLE KEYS */;
/*!40000 ALTER TABLE `SBI_KPI_MODEL_INST` ENABLE KEYS */;
UNLOCK TABLES;

--
-- Table structure for table `SBI_KPI_MODEL_RESOURCES`
--

DROP TABLE IF EXISTS `SBI_KPI_MODEL_RESOURCES`;
/*!40101 SET @saved_cs_client     = @@character_set_client */;
/*!40101 SET character_set_client = utf8 */;
CREATE TABLE `SBI_KPI_MODEL_RESOURCES` (
  `KPI_MODEL_RESOURCES_ID` int(11) NOT NULL,
  `RESOURCE_ID` int(11) NOT NULL,
  `KPI_MODEL_INST` int(11) NOT NULL,
  `USER_IN` varchar(100) NOT NULL,
  `USER_UP` varchar(100) DEFAULT NULL,
  `USER_DE` varchar(100) DEFAULT NULL,
  `TIME_IN` timestamp NOT NULL,
  `TIME_UP` timestamp NULL DEFAULT NULL,
  `TIME_DE` timestamp NULL DEFAULT NULL,
  `SBI_VERSION_IN` varchar(10) DEFAULT NULL,
  `SBI_VERSION_UP` varchar(10) DEFAULT NULL,
  `SBI_VERSION_DE` varchar(10) DEFAULT NULL,
  `META_VERSION` varchar(100) DEFAULT NULL,
  `ORGANIZATION` varchar(20) DEFAULT NULL,
  PRIMARY KEY (`KPI_MODEL_RESOURCES_ID`),
  KEY `FK_SBI_KPI_MODEL_RESOURCES_1` (`KPI_MODEL_INST`),
  KEY `FK_SBI_KPI_MODEL_RESOURCES_2` (`RESOURCE_ID`),
  CONSTRAINT `FK_SBI_KPI_MODEL_RESOURCES_1` FOREIGN KEY (`KPI_MODEL_INST`) REFERENCES `SBI_KPI_MODEL_INST` (`KPI_MODEL_INST`),
  CONSTRAINT `FK_SBI_KPI_MODEL_RESOURCES_2` FOREIGN KEY (`RESOURCE_ID`) REFERENCES `SBI_RESOURCES` (`RESOURCE_ID`)
) ENGINE=InnoDB DEFAULT CHARSET=latin1;
/*!40101 SET character_set_client = @saved_cs_client */;

--
-- Dumping data for table `SBI_KPI_MODEL_RESOURCES`
--

LOCK TABLES `SBI_KPI_MODEL_RESOURCES` WRITE;
/*!40000 ALTER TABLE `SBI_KPI_MODEL_RESOURCES` DISABLE KEYS */;
/*!40000 ALTER TABLE `SBI_KPI_MODEL_RESOURCES` ENABLE KEYS */;
UNLOCK TABLES;

--
-- Table structure for table `SBI_KPI_PERIODICITY`
--

DROP TABLE IF EXISTS `SBI_KPI_PERIODICITY`;
/*!40101 SET @saved_cs_client     = @@character_set_client */;
/*!40101 SET character_set_client = utf8 */;
CREATE TABLE `SBI_KPI_PERIODICITY` (
  `ID_KPI_PERIODICITY` int(11) NOT NULL,
  `NAME` varchar(255) NOT NULL,
  `MONTHS` int(11) DEFAULT NULL,
  `DAYS` int(11) DEFAULT NULL,
  `HOURS` int(11) DEFAULT NULL,
  `MINUTES` int(11) DEFAULT NULL,
  `CHRON_STRING` varchar(20) DEFAULT NULL,
  `START_DATE` timestamp NULL DEFAULT NULL,
  `USER_IN` varchar(100) NOT NULL,
  `USER_UP` varchar(100) DEFAULT NULL,
  `USER_DE` varchar(100) DEFAULT NULL,
  `TIME_IN` timestamp NOT NULL,
  `TIME_UP` timestamp NULL DEFAULT NULL,
  `TIME_DE` timestamp NULL DEFAULT NULL,
  `SBI_VERSION_IN` varchar(10) DEFAULT NULL,
  `SBI_VERSION_UP` varchar(10) DEFAULT NULL,
  `SBI_VERSION_DE` varchar(10) DEFAULT NULL,
  `META_VERSION` varchar(100) DEFAULT NULL,
  `ORGANIZATION` varchar(20) DEFAULT NULL,
  PRIMARY KEY (`ID_KPI_PERIODICITY`),
  UNIQUE KEY `XIF1SBI_KPI_PERIODICITY` (`NAME`,`ORGANIZATION`)
) ENGINE=InnoDB DEFAULT CHARSET=latin1;
/*!40101 SET character_set_client = @saved_cs_client */;

--
-- Dumping data for table `SBI_KPI_PERIODICITY`
--

LOCK TABLES `SBI_KPI_PERIODICITY` WRITE;
/*!40000 ALTER TABLE `SBI_KPI_PERIODICITY` DISABLE KEYS */;
INSERT INTO `SBI_KPI_PERIODICITY` VALUES (1,'month',1,0,0,0,NULL,NULL,'server',NULL,NULL,'2015-11-27 08:17:41',NULL,NULL,'4.0',NULL,NULL,NULL,'SPAGOBI'),(2,'day',0,1,0,0,NULL,NULL,'server',NULL,NULL,'2015-11-27 08:17:42',NULL,NULL,'4.0',NULL,NULL,NULL,'SPAGOBI'),(3,'week',0,7,0,0,NULL,NULL,'server',NULL,NULL,'2015-11-27 08:17:42',NULL,NULL,'4.0',NULL,NULL,NULL,'SPAGOBI'),(4,'hour',0,0,1,0,NULL,NULL,'server',NULL,NULL,'2015-11-27 08:17:42',NULL,NULL,'4.0',NULL,NULL,NULL,'SPAGOBI'),(5,'1minute',0,0,0,1,NULL,NULL,'server',NULL,NULL,'2015-11-27 08:17:42',NULL,NULL,'4.0',NULL,NULL,NULL,'SPAGOBI'),(6,'5minutes',0,0,0,5,NULL,NULL,'server',NULL,NULL,'2015-11-27 08:17:42',NULL,NULL,'4.0',NULL,NULL,NULL,'SPAGOBI'),(7,'10minutes',0,0,0,10,NULL,NULL,'server',NULL,NULL,'2015-11-27 08:17:42',NULL,NULL,'4.0',NULL,NULL,NULL,'SPAGOBI'),(8,'15minutes',0,0,0,15,NULL,NULL,'server',NULL,NULL,'2015-11-27 08:17:42',NULL,NULL,'4.0',NULL,NULL,NULL,'SPAGOBI');
/*!40000 ALTER TABLE `SBI_KPI_PERIODICITY` ENABLE KEYS */;
UNLOCK TABLES;

--
-- Table structure for table `SBI_KPI_REL`
--

DROP TABLE IF EXISTS `SBI_KPI_REL`;
/*!40101 SET @saved_cs_client     = @@character_set_client */;
/*!40101 SET character_set_client = utf8 */;
CREATE TABLE `SBI_KPI_REL` (
  `KPI_REL_ID` int(11) NOT NULL,
  `KPI_FATHER_ID` int(11) NOT NULL,
  `KPI_CHILD_ID` int(11) NOT NULL,
  `PARAMETER` varchar(100) DEFAULT NULL,
  `USER_IN` varchar(100) NOT NULL,
  `USER_UP` varchar(100) DEFAULT NULL,
  `USER_DE` varchar(100) DEFAULT NULL,
  `TIME_IN` timestamp NOT NULL,
  `TIME_UP` timestamp NULL DEFAULT NULL,
  `TIME_DE` timestamp NULL DEFAULT NULL,
  `SBI_VERSION_IN` varchar(10) DEFAULT NULL,
  `SBI_VERSION_UP` varchar(10) DEFAULT NULL,
  `SBI_VERSION_DE` varchar(10) DEFAULT NULL,
  `META_VERSION` varchar(100) DEFAULT NULL,
  `ORGANIZATION` varchar(20) DEFAULT NULL,
  PRIMARY KEY (`KPI_REL_ID`),
  KEY `FK_SBI_KPI_REL_3` (`KPI_FATHER_ID`),
  KEY `FK_SBI_KPI_REL_4` (`KPI_CHILD_ID`),
  CONSTRAINT `FK_SBI_KPI_REL_3` FOREIGN KEY (`KPI_FATHER_ID`) REFERENCES `SBI_KPI` (`KPI_ID`),
  CONSTRAINT `FK_SBI_KPI_REL_4` FOREIGN KEY (`KPI_CHILD_ID`) REFERENCES `SBI_KPI` (`KPI_ID`)
) ENGINE=InnoDB DEFAULT CHARSET=latin1;
/*!40101 SET character_set_client = @saved_cs_client */;

--
-- Dumping data for table `SBI_KPI_REL`
--

LOCK TABLES `SBI_KPI_REL` WRITE;
/*!40000 ALTER TABLE `SBI_KPI_REL` DISABLE KEYS */;
/*!40000 ALTER TABLE `SBI_KPI_REL` ENABLE KEYS */;
UNLOCK TABLES;

--
-- Table structure for table `SBI_KPI_ROLE`
--

DROP TABLE IF EXISTS `SBI_KPI_ROLE`;
/*!40101 SET @saved_cs_client     = @@character_set_client */;
/*!40101 SET character_set_client = utf8 */;
CREATE TABLE `SBI_KPI_ROLE` (
  `ID_KPI_ROLE` int(11) NOT NULL,
  `KPI_ID` int(11) NOT NULL,
  `EXT_ROLE_ID` int(11) NOT NULL,
  `USER_IN` varchar(100) NOT NULL,
  `USER_UP` varchar(100) DEFAULT NULL,
  `USER_DE` varchar(100) DEFAULT NULL,
  `TIME_IN` timestamp NOT NULL,
  `TIME_UP` timestamp NULL DEFAULT NULL,
  `TIME_DE` timestamp NULL DEFAULT NULL,
  `SBI_VERSION_IN` varchar(10) DEFAULT NULL,
  `SBI_VERSION_UP` varchar(10) DEFAULT NULL,
  `SBI_VERSION_DE` varchar(10) DEFAULT NULL,
  `META_VERSION` varchar(100) DEFAULT NULL,
  `ORGANIZATION` varchar(20) DEFAULT NULL,
  PRIMARY KEY (`ID_KPI_ROLE`),
  KEY `FK_SBI_KPI_ROLE_1` (`EXT_ROLE_ID`),
  KEY `FK_SBI_KPI_ROLE_2` (`KPI_ID`),
  CONSTRAINT `FK_SBI_KPI_ROLE_1` FOREIGN KEY (`EXT_ROLE_ID`) REFERENCES `SBI_EXT_ROLES` (`EXT_ROLE_ID`),
  CONSTRAINT `FK_SBI_KPI_ROLE_2` FOREIGN KEY (`KPI_ID`) REFERENCES `SBI_KPI` (`KPI_ID`)
) ENGINE=InnoDB DEFAULT CHARSET=latin1;
/*!40101 SET character_set_client = @saved_cs_client */;

--
-- Dumping data for table `SBI_KPI_ROLE`
--

LOCK TABLES `SBI_KPI_ROLE` WRITE;
/*!40000 ALTER TABLE `SBI_KPI_ROLE` DISABLE KEYS */;
/*!40000 ALTER TABLE `SBI_KPI_ROLE` ENABLE KEYS */;
UNLOCK TABLES;

--
-- Table structure for table `SBI_KPI_VALUE`
--

DROP TABLE IF EXISTS `SBI_KPI_VALUE`;
/*!40101 SET @saved_cs_client     = @@character_set_client */;
/*!40101 SET character_set_client = utf8 */;
CREATE TABLE `SBI_KPI_VALUE` (
  `ID_KPI_INSTANCE_VALUE` int(11) NOT NULL,
  `ID_KPI_INSTANCE` int(11) NOT NULL,
  `RESOURCE_ID` int(11) DEFAULT NULL,
  `VALUE` varchar(40) DEFAULT NULL,
  `BEGIN_DT` datetime DEFAULT NULL,
  `END_DT` datetime DEFAULT NULL,
  `DESCRIPTION` varchar(100) DEFAULT NULL,
  `XML_DATA` text,
  `ORG_UNIT_ID` int(11) DEFAULT NULL,
  `HIERARCHY_ID` int(11) DEFAULT NULL,
  `COMPANY` varchar(200) DEFAULT NULL,
  `USER_IN` varchar(100) NOT NULL,
  `USER_UP` varchar(100) DEFAULT NULL,
  `USER_DE` varchar(100) DEFAULT NULL,
  `TIME_IN` timestamp NOT NULL,
  `TIME_UP` timestamp NULL DEFAULT NULL,
  `TIME_DE` timestamp NULL DEFAULT NULL,
  `SBI_VERSION_IN` varchar(10) DEFAULT NULL,
  `SBI_VERSION_UP` varchar(10) DEFAULT NULL,
  `SBI_VERSION_DE` varchar(10) DEFAULT NULL,
  `META_VERSION` varchar(100) DEFAULT NULL,
  `ORGANIZATION` varchar(20) DEFAULT NULL,
  PRIMARY KEY (`ID_KPI_INSTANCE_VALUE`),
  KEY `FK_SBI_KPI_VALUE_1` (`RESOURCE_ID`),
  KEY `FK_SBI_KPI_VALUE_2` (`ID_KPI_INSTANCE`),
  KEY `FK_SBI_KPI_VALUE_4` (`HIERARCHY_ID`),
  CONSTRAINT `FK_SBI_KPI_VALUE_1` FOREIGN KEY (`RESOURCE_ID`) REFERENCES `SBI_RESOURCES` (`RESOURCE_ID`),
  CONSTRAINT `FK_SBI_KPI_VALUE_2` FOREIGN KEY (`ID_KPI_INSTANCE`) REFERENCES `SBI_KPI_INSTANCE` (`ID_KPI_INSTANCE`),
  CONSTRAINT `FK_SBI_KPI_VALUE_4` FOREIGN KEY (`HIERARCHY_ID`) REFERENCES `SBI_ORG_UNIT_HIERARCHIES` (`ID`)
) ENGINE=InnoDB DEFAULT CHARSET=latin1;
/*!40101 SET character_set_client = @saved_cs_client */;

--
-- Dumping data for table `SBI_KPI_VALUE`
--

LOCK TABLES `SBI_KPI_VALUE` WRITE;
/*!40000 ALTER TABLE `SBI_KPI_VALUE` DISABLE KEYS */;
/*!40000 ALTER TABLE `SBI_KPI_VALUE` ENABLE KEYS */;
UNLOCK TABLES;

--
-- Table structure for table `SBI_LOV`
--

DROP TABLE IF EXISTS `SBI_LOV`;
/*!40101 SET @saved_cs_client     = @@character_set_client */;
/*!40101 SET character_set_client = utf8 */;
CREATE TABLE `SBI_LOV` (
  `LOV_ID` int(11) NOT NULL,
  `DESCR` varchar(160) DEFAULT NULL,
  `LABEL` varchar(20) NOT NULL,
  `INPUT_TYPE_CD` varchar(20) NOT NULL,
  `DEFAULT_VAL` varchar(40) DEFAULT NULL,
  `LOV_PROVIDER` text,
  `INPUT_TYPE_ID` int(11) NOT NULL,
  `PROFILE_ATTR` varchar(20) DEFAULT NULL,
  `NAME` varchar(40) NOT NULL,
  `USER_IN` varchar(100) NOT NULL,
  `USER_UP` varchar(100) DEFAULT NULL,
  `USER_DE` varchar(100) DEFAULT NULL,
  `TIME_IN` timestamp NOT NULL,
  `TIME_UP` timestamp NULL DEFAULT NULL,
  `TIME_DE` timestamp NULL DEFAULT NULL,
  `SBI_VERSION_IN` varchar(10) DEFAULT NULL,
  `SBI_VERSION_UP` varchar(10) DEFAULT NULL,
  `SBI_VERSION_DE` varchar(10) DEFAULT NULL,
  `META_VERSION` varchar(100) DEFAULT NULL,
  `ORGANIZATION` varchar(20) DEFAULT NULL,
  `DATASET_ID` int(11) DEFAULT NULL,
  PRIMARY KEY (`LOV_ID`),
  UNIQUE KEY `XAK1SBI_LOV` (`LABEL`,`ORGANIZATION`),
  KEY `FK_SBI_LOV_1` (`INPUT_TYPE_ID`),
  CONSTRAINT `FK_SBI_LOV_1` FOREIGN KEY (`INPUT_TYPE_ID`) REFERENCES `SBI_DOMAINS` (`VALUE_ID`)
) ENGINE=InnoDB DEFAULT CHARSET=latin1;
/*!40101 SET character_set_client = @saved_cs_client */;

--
-- Dumping data for table `SBI_LOV`
--

LOCK TABLES `SBI_LOV` WRITE;
/*!40000 ALTER TABLE `SBI_LOV` DISABLE KEYS */;
INSERT INTO `SBI_LOV` VALUES (1,'Current month of the year format mm','CURRENT_MONTH_YEAR','SCRIPT','','<SCRIPTLOV><SCRIPT>\nDate now = new Date();\nint month = now.getMonth() + 1;\nString monthStr = month.toString();\nif (month < 10) monthStr = \'0\' + monthStr;\nreturnValue(monthStr);\n</SCRIPT><VALUE-COLUMN>VALUE</VALUE-COLUMN><DESCRIPTION-COLUMN>VALUE</DESCRIPTION-COLUMN><VISIBLE-COLUMNS>VALUE</VISIBLE-COLUMNS><INVISIBLE-COLUMNS></INVISIBLE-COLUMNS></SCRIPTLOV>',2,'','Current month of the year','server',NULL,NULL,'2015-11-27 08:17:39',NULL,NULL,'4.0',NULL,NULL,NULL,'SPAGOBI',NULL),(2,'Current year format yyyy','CURRENT_YEAR','SCRIPT','','<SCRIPTLOV><SCRIPT>\nDate now = new Date();\nint year = now.getYear() + 1900;\nString yearStr = year.toString();\nreturnValue(yearStr);\n</SCRIPT><VALUE-COLUMN>VALUE</VALUE-COLUMN><DESCRIPTION-COLUMN>VALUE</DESCRIPTION-COLUMN><VISIBLE-COLUMNS>VALUE</VISIBLE-COLUMNS><INVISIBLE-COLUMNS></INVISIBLE-COLUMNS></SCRIPTLOV>',2,'','Current year','server',NULL,NULL,'2015-11-27 08:17:39',NULL,NULL,'4.0',NULL,NULL,NULL,'SPAGOBI',NULL),(3,'Current month format mm/yyyy','CURRENT_MONTH','SCRIPT','','<SCRIPTLOV><SCRIPT>\nDate now = new Date();\nint month = now.getMonth() + 1;\nString monthStr = month.toString();\nif (month < 10) monthStr = \'0\' + monthStr;\nint year = now.getYear() + 1900;\nString toReturn = monthStr + \'/\' + year.toString();\nreturnValue(toReturn);\n</SCRIPT><VALUE-COLUMN>VALUE</VALUE-COLUMN><DESCRIPTION-COLUMN>VALUE</DESCRIPTION-COLUMN><VISIBLE-COLUMNS>VALUE</VISIBLE-COLUMNS><INVISIBLE-COLUMNS></INVISIBLE-COLUMNS></SCRIPTLOV>',2,'','Current month','server',NULL,NULL,'2015-11-27 08:17:39',NULL,NULL,'4.0',NULL,NULL,NULL,'SPAGOBI',NULL),(4,'Current date format dd/mm/yyyy','CURRENT_DATE','SCRIPT','','<SCRIPTLOV><SCRIPT>\nDate now = new Date();\nint day = now.getDate();\nString dayStr = day.toString();\nif (day < 10) dayStr = \'0\' + dayStr;\nint month = now.getMonth() + 1;\nString monthStr = month.toString();\nif (month < 10) monthStr = \'0\' + monthStr;\nint year = now.getYear() + 1900;\nString toReturn = dayStr + \'/\' + monthStr + \'/\' + year.toString();\nreturnValue(toReturn);\n</SCRIPT><VALUE-COLUMN>VALUE</VALUE-COLUMN><DESCRIPTION-COLUMN>VALUE</DESCRIPTION-COLUMN><VISIBLE-COLUMNS>VALUE</VISIBLE-COLUMNS><INVISIBLE-COLUMNS></INVISIBLE-COLUMNS></SCRIPTLOV>',2,'','Current date','server',NULL,NULL,'2015-11-27 08:17:39',NULL,NULL,'4.0',NULL,NULL,NULL,'SPAGOBI',NULL);
/*!40000 ALTER TABLE `SBI_LOV` ENABLE KEYS */;
UNLOCK TABLES;

--
-- Table structure for table `SBI_MEASURE_UNIT`
--

DROP TABLE IF EXISTS `SBI_MEASURE_UNIT`;
/*!40101 SET @saved_cs_client     = @@character_set_client */;
/*!40101 SET character_set_client = utf8 */;
CREATE TABLE `SBI_MEASURE_UNIT` (
  `ID_MEASURE_UNIT` int(11) NOT NULL,
  `NAME` varchar(400) DEFAULT NULL,
  `SCALE_TYPE_ID` int(11) NOT NULL,
  `SCALE_CD` varchar(40) DEFAULT NULL,
  `SCALE_NM` varchar(400) DEFAULT NULL,
  `USER_IN` varchar(100) NOT NULL,
  `USER_UP` varchar(100) DEFAULT NULL,
  `USER_DE` varchar(100) DEFAULT NULL,
  `TIME_IN` timestamp NOT NULL,
  `TIME_UP` timestamp NULL DEFAULT NULL,
  `TIME_DE` timestamp NULL DEFAULT NULL,
  `SBI_VERSION_IN` varchar(10) DEFAULT NULL,
  `SBI_VERSION_UP` varchar(10) DEFAULT NULL,
  `SBI_VERSION_DE` varchar(10) DEFAULT NULL,
  `META_VERSION` varchar(100) DEFAULT NULL,
  `ORGANIZATION` varchar(20) DEFAULT NULL,
  PRIMARY KEY (`ID_MEASURE_UNIT`),
  KEY `FK_SBI_MEASURE_UNIT_1` (`SCALE_TYPE_ID`),
  CONSTRAINT `FK_SBI_MEASURE_UNIT_1` FOREIGN KEY (`SCALE_TYPE_ID`) REFERENCES `SBI_DOMAINS` (`VALUE_ID`)
) ENGINE=InnoDB DEFAULT CHARSET=latin1;
/*!40101 SET character_set_client = @saved_cs_client */;

--
-- Dumping data for table `SBI_MEASURE_UNIT`
--

LOCK TABLES `SBI_MEASURE_UNIT` WRITE;
/*!40000 ALTER TABLE `SBI_MEASURE_UNIT` DISABLE KEYS */;
/*!40000 ALTER TABLE `SBI_MEASURE_UNIT` ENABLE KEYS */;
UNLOCK TABLES;

--
-- Table structure for table `SBI_MENU`
--

DROP TABLE IF EXISTS `SBI_MENU`;
/*!40101 SET @saved_cs_client     = @@character_set_client */;
/*!40101 SET character_set_client = utf8 */;
CREATE TABLE `SBI_MENU` (
  `MENU_ID` int(11) NOT NULL,
  `NAME` varchar(50) DEFAULT NULL,
  `DESCR` varchar(2000) DEFAULT NULL,
  `PARENT_ID` int(11) DEFAULT '0',
  `BIOBJ_ID` int(11) DEFAULT NULL,
  `VIEW_ICONS` tinyint(1) DEFAULT NULL,
  `HIDE_TOOLBAR` tinyint(1) DEFAULT NULL,
  `HIDE_SLIDERS` tinyint(1) DEFAULT NULL,
  `STATIC_PAGE` varchar(45) DEFAULT NULL,
  `BIOBJ_PARAMETERS` text,
  `SUBOBJ_NAME` varchar(50) DEFAULT NULL,
  `SNAPSHOT_NAME` varchar(100) DEFAULT NULL,
  `SNAPSHOT_HISTORY` int(11) DEFAULT NULL,
  `FUNCTIONALITY` varchar(50) DEFAULT NULL,
  `INITIAL_PATH` varchar(400) DEFAULT NULL,
  `EXT_APP_URL` varchar(1000) DEFAULT NULL,
  `PROG` int(11) NOT NULL DEFAULT '1',
  `USER_IN` varchar(100) NOT NULL,
  `USER_UP` varchar(100) DEFAULT NULL,
  `USER_DE` varchar(100) DEFAULT NULL,
  `TIME_IN` timestamp NOT NULL,
  `TIME_UP` timestamp NULL DEFAULT NULL,
  `TIME_DE` timestamp NULL DEFAULT NULL,
  `SBI_VERSION_IN` varchar(10) DEFAULT NULL,
  `SBI_VERSION_UP` varchar(10) DEFAULT NULL,
  `SBI_VERSION_DE` varchar(10) DEFAULT NULL,
  `META_VERSION` varchar(100) DEFAULT NULL,
  `ORGANIZATION` varchar(20) DEFAULT NULL,
  PRIMARY KEY (`MENU_ID`)
) ENGINE=InnoDB DEFAULT CHARSET=latin1;
/*!40101 SET character_set_client = @saved_cs_client */;

--
-- Dumping data for table `SBI_MENU`
--

LOCK TABLES `SBI_MENU` WRITE;
/*!40000 ALTER TABLE `SBI_MENU` DISABLE KEYS */;
/*!40000 ALTER TABLE `SBI_MENU` ENABLE KEYS */;
UNLOCK TABLES;

--
-- Table structure for table `SBI_MENU_ROLE`
--

DROP TABLE IF EXISTS `SBI_MENU_ROLE`;
/*!40101 SET @saved_cs_client     = @@character_set_client */;
/*!40101 SET character_set_client = utf8 */;
CREATE TABLE `SBI_MENU_ROLE` (
  `MENU_ID` int(11) NOT NULL,
  `EXT_ROLE_ID` int(11) NOT NULL,
  `USER_IN` varchar(100) NOT NULL,
  `USER_UP` varchar(100) DEFAULT NULL,
  `USER_DE` varchar(100) DEFAULT NULL,
  `TIME_IN` timestamp NOT NULL,
  `TIME_UP` timestamp NULL DEFAULT NULL,
  `TIME_DE` timestamp NULL DEFAULT NULL,
  `SBI_VERSION_IN` varchar(10) DEFAULT NULL,
  `SBI_VERSION_UP` varchar(10) DEFAULT NULL,
  `SBI_VERSION_DE` varchar(10) DEFAULT NULL,
  `META_VERSION` varchar(100) DEFAULT NULL,
  `ORGANIZATION` varchar(20) DEFAULT NULL,
  PRIMARY KEY (`MENU_ID`,`EXT_ROLE_ID`),
  KEY `FK_SBI_MENU_ROLE2` (`EXT_ROLE_ID`),
  CONSTRAINT `FK_SBI_MENU_ROLE1` FOREIGN KEY (`MENU_ID`) REFERENCES `SBI_MENU` (`MENU_ID`) ON DELETE CASCADE,
  CONSTRAINT `FK_SBI_MENU_ROLE2` FOREIGN KEY (`EXT_ROLE_ID`) REFERENCES `SBI_EXT_ROLES` (`EXT_ROLE_ID`) ON DELETE CASCADE
) ENGINE=InnoDB DEFAULT CHARSET=latin1;
/*!40101 SET character_set_client = @saved_cs_client */;

--
-- Dumping data for table `SBI_MENU_ROLE`
--

LOCK TABLES `SBI_MENU_ROLE` WRITE;
/*!40000 ALTER TABLE `SBI_MENU_ROLE` DISABLE KEYS */;
/*!40000 ALTER TABLE `SBI_MENU_ROLE` ENABLE KEYS */;
UNLOCK TABLES;

--
-- Table structure for table `SBI_META_MODELS`
--

DROP TABLE IF EXISTS `SBI_META_MODELS`;
/*!40101 SET @saved_cs_client     = @@character_set_client */;
/*!40101 SET character_set_client = utf8 */;
CREATE TABLE `SBI_META_MODELS` (
  `ID` int(11) NOT NULL,
  `NAME` varchar(100) NOT NULL,
  `DESCR` varchar(500) DEFAULT NULL,
  `MODEL_LOCKED` tinyint(1) DEFAULT NULL,
  `MODEL_LOCKER` varchar(100) DEFAULT NULL,
  `USER_IN` varchar(100) NOT NULL,
  `USER_UP` varchar(100) DEFAULT NULL,
  `USER_DE` varchar(100) DEFAULT NULL,
  `TIME_IN` timestamp NOT NULL,
  `TIME_UP` timestamp NULL DEFAULT NULL,
  `TIME_DE` timestamp NULL DEFAULT NULL,
  `SBI_VERSION_IN` varchar(10) DEFAULT NULL,
  `SBI_VERSION_UP` varchar(10) DEFAULT NULL,
  `SBI_VERSION_DE` varchar(10) DEFAULT NULL,
  `META_VERSION` varchar(100) DEFAULT NULL,
  `ORGANIZATION` varchar(20) DEFAULT NULL,
  `CATEGORY_ID` int(11) DEFAULT NULL,
  `DATA_SOURCE_ID` int(11) DEFAULT NULL,
  PRIMARY KEY (`ID`),
  UNIQUE KEY `XAK1SBI_META_MODELS` (`NAME`,`ORGANIZATION`),
  KEY `FK_META_MODELS_CATEGORY` (`CATEGORY_ID`),
  CONSTRAINT `FK_META_MODELS_CATEGORY` FOREIGN KEY (`CATEGORY_ID`) REFERENCES `SBI_DOMAINS` (`VALUE_ID`)
) ENGINE=InnoDB DEFAULT CHARSET=latin1;
/*!40101 SET character_set_client = @saved_cs_client */;

--
-- Dumping data for table `SBI_META_MODELS`
--

LOCK TABLES `SBI_META_MODELS` WRITE;
/*!40000 ALTER TABLE `SBI_META_MODELS` DISABLE KEYS */;
/*!40000 ALTER TABLE `SBI_META_MODELS` ENABLE KEYS */;
UNLOCK TABLES;

--
-- Table structure for table `SBI_META_MODELS_VERSIONS`
--

DROP TABLE IF EXISTS `SBI_META_MODELS_VERSIONS`;
/*!40101 SET @saved_cs_client     = @@character_set_client */;
/*!40101 SET character_set_client = utf8 */;
CREATE TABLE `SBI_META_MODELS_VERSIONS` (
  `ID` int(11) NOT NULL,
  `MODEL_ID` int(11) NOT NULL,
  `CONTENT` mediumblob NOT NULL,
  `NAME` varchar(100) DEFAULT NULL,
  `PROG` int(11) DEFAULT NULL,
  `CREATION_DATE` timestamp NULL DEFAULT NULL,
  `CREATION_USER` varchar(50) NOT NULL,
  `ACTIVE` tinyint(1) DEFAULT NULL,
  `USER_IN` varchar(100) NOT NULL,
  `USER_UP` varchar(100) DEFAULT NULL,
  `USER_DE` varchar(100) DEFAULT NULL,
  `TIME_IN` timestamp NOT NULL,
  `TIME_UP` timestamp NULL DEFAULT NULL,
  `TIME_DE` timestamp NULL DEFAULT NULL,
  `SBI_VERSION_IN` varchar(10) DEFAULT NULL,
  `SBI_VERSION_UP` varchar(10) DEFAULT NULL,
  `SBI_VERSION_DE` varchar(10) DEFAULT NULL,
  `META_VERSION` varchar(100) DEFAULT NULL,
  `ORGANIZATION` varchar(20) DEFAULT NULL,
  PRIMARY KEY (`ID`),
  KEY `FK_SBI_META_MODELS_VERSIONS_1` (`MODEL_ID`),
  CONSTRAINT `FK_SBI_META_MODELS_VERSIONS_1` FOREIGN KEY (`MODEL_ID`) REFERENCES `SBI_META_MODELS` (`ID`) ON DELETE CASCADE
) ENGINE=InnoDB DEFAULT CHARSET=latin1;
/*!40101 SET character_set_client = @saved_cs_client */;

--
-- Dumping data for table `SBI_META_MODELS_VERSIONS`
--

LOCK TABLES `SBI_META_MODELS_VERSIONS` WRITE;
/*!40000 ALTER TABLE `SBI_META_MODELS_VERSIONS` DISABLE KEYS */;
/*!40000 ALTER TABLE `SBI_META_MODELS_VERSIONS` ENABLE KEYS */;
UNLOCK TABLES;

--
-- Table structure for table `SBI_OBJECTS`
--

DROP TABLE IF EXISTS `SBI_OBJECTS`;
/*!40101 SET @saved_cs_client     = @@character_set_client */;
/*!40101 SET character_set_client = utf8 */;
CREATE TABLE `SBI_OBJECTS` (
  `BIOBJ_ID` int(11) NOT NULL,
  `ENGINE_ID` int(11) NOT NULL,
  `DESCR` varchar(400) DEFAULT NULL,
  `LABEL` varchar(100) NOT NULL,
  `ENCRYPT` smallint(6) DEFAULT NULL,
  `PATH` varchar(400) DEFAULT NULL,
  `REL_NAME` varchar(400) DEFAULT NULL,
  `STATE_ID` int(11) NOT NULL,
  `STATE_CD` varchar(20) NOT NULL,
  `BIOBJ_TYPE_CD` varchar(20) NOT NULL,
  `BIOBJ_TYPE_ID` int(11) NOT NULL,
  `SCHED_FL` smallint(6) DEFAULT NULL,
  `EXEC_MODE_ID` int(11) DEFAULT NULL,
  `STATE_CONS_ID` int(11) DEFAULT NULL,
  `EXEC_MODE_CD` varchar(20) DEFAULT NULL,
  `STATE_CONS_CD` varchar(20) DEFAULT NULL,
  `NAME` varchar(200) NOT NULL,
  `VISIBLE` smallint(6) NOT NULL,
  `UUID` varchar(40) NOT NULL,
  `DATA_SOURCE_ID` int(11) DEFAULT NULL,
  `DATA_SET_ID` int(11) DEFAULT NULL,
  `CREATION_DATE` timestamp NOT NULL,
  `CREATION_USER` varchar(45) NOT NULL,
  `REFRESH_SECONDS` int(11) DEFAULT NULL,
  `PROF_VISIBILITY` varchar(400) DEFAULT NULL,
  `PREVIEW_FILE` varchar(100) DEFAULT NULL,
  `PARAMETERS_REGION` varchar(20) DEFAULT NULL,
  `USER_IN` varchar(100) NOT NULL,
  `USER_UP` varchar(100) DEFAULT NULL,
  `USER_DE` varchar(100) DEFAULT NULL,
  `TIME_IN` timestamp NOT NULL,
  `TIME_UP` timestamp NULL DEFAULT NULL,
  `TIME_DE` timestamp NULL DEFAULT NULL,
  `SBI_VERSION_IN` varchar(10) DEFAULT NULL,
  `SBI_VERSION_UP` varchar(10) DEFAULT NULL,
  `SBI_VERSION_DE` varchar(10) DEFAULT NULL,
  `META_VERSION` varchar(100) DEFAULT NULL,
  `ORGANIZATION` varchar(20) DEFAULT NULL,
  PRIMARY KEY (`BIOBJ_ID`),
  UNIQUE KEY `XAK1SBI_OBJECTS` (`LABEL`,`ORGANIZATION`),
  KEY `FK_SBI_OBJECTS_2` (`STATE_ID`),
  KEY `FK_SBI_OBJECTS_3` (`BIOBJ_TYPE_ID`),
  KEY `FK_SBI_OBJECTS_4` (`EXEC_MODE_ID`),
  KEY `FK_SBI_OBJECTS_1` (`STATE_CONS_ID`),
  CONSTRAINT `FK_SBI_OBJECTS_1` FOREIGN KEY (`STATE_CONS_ID`) REFERENCES `SBI_DOMAINS` (`VALUE_ID`),
  CONSTRAINT `FK_SBI_OBJECTS_2` FOREIGN KEY (`STATE_ID`) REFERENCES `SBI_DOMAINS` (`VALUE_ID`),
  CONSTRAINT `FK_SBI_OBJECTS_3` FOREIGN KEY (`BIOBJ_TYPE_ID`) REFERENCES `SBI_DOMAINS` (`VALUE_ID`),
  CONSTRAINT `FK_SBI_OBJECTS_4` FOREIGN KEY (`EXEC_MODE_ID`) REFERENCES `SBI_DOMAINS` (`VALUE_ID`)
) ENGINE=InnoDB DEFAULT CHARSET=latin1;
/*!40101 SET character_set_client = @saved_cs_client */;

--
-- Dumping data for table `SBI_OBJECTS`
--

LOCK TABLES `SBI_OBJECTS` WRITE;
/*!40000 ALTER TABLE `SBI_OBJECTS` DISABLE KEYS */;
INSERT INTO `SBI_OBJECTS` VALUES (1,25,'Users per Month','cockpit__830606331',NULL,NULL,NULL,42,'REL','DOCUMENT_COMPOSITE',15,NULL,NULL,NULL,NULL,NULL,'Users per Month',1,'eb23c313-94e1-11e5-8a85-fbb60c43a8f2',NULL,NULL,'2015-11-27 08:36:14','biadmin',0,NULL,NULL,NULL,'biadmin',NULL,NULL,'2015-11-27 08:36:14',NULL,NULL,'4.0',NULL,NULL,NULL,'SPAGOBI'),(2,25,'Users per Day','cockpit__980683844',NULL,NULL,NULL,42,'REL','DOCUMENT_COMPOSITE',15,NULL,NULL,NULL,NULL,NULL,'Users per Day',1,'2558d0a5-94e4-11e5-8a85-fbb60c43a8f2',NULL,NULL,'2015-11-27 08:52:10','biadmin',0,NULL,NULL,NULL,'biadmin',NULL,NULL,'2015-11-27 08:52:10',NULL,NULL,'4.0',NULL,NULL,NULL,'SPAGOBI');
/*!40000 ALTER TABLE `SBI_OBJECTS` ENABLE KEYS */;
UNLOCK TABLES;

--
-- Table structure for table `SBI_OBJECTS_RATING`
--

DROP TABLE IF EXISTS `SBI_OBJECTS_RATING`;
/*!40101 SET @saved_cs_client     = @@character_set_client */;
/*!40101 SET character_set_client = utf8 */;
CREATE TABLE `SBI_OBJECTS_RATING` (
  `USER_ID` varchar(127) NOT NULL,
  `OBJ_ID` int(11) NOT NULL,
  `RATING` int(11) NOT NULL,
  `USER_IN` varchar(100) NOT NULL,
  `USER_UP` varchar(100) DEFAULT NULL,
  `USER_DE` varchar(100) DEFAULT NULL,
  `TIME_IN` timestamp NOT NULL,
  `TIME_UP` timestamp NULL DEFAULT NULL,
  `TIME_DE` timestamp NULL DEFAULT NULL,
  `SBI_VERSION_IN` varchar(10) DEFAULT NULL,
  `SBI_VERSION_UP` varchar(10) DEFAULT NULL,
  `SBI_VERSION_DE` varchar(10) DEFAULT NULL,
  `META_VERSION` varchar(100) DEFAULT NULL,
  `ORGANIZATION` varchar(20) DEFAULT NULL,
  PRIMARY KEY (`USER_ID`,`OBJ_ID`),
  KEY `FK_SBI_OBJECTS_RATING_1` (`OBJ_ID`),
  CONSTRAINT `FK_SBI_OBJECTS_RATING_1` FOREIGN KEY (`OBJ_ID`) REFERENCES `SBI_OBJECTS` (`BIOBJ_ID`) ON DELETE CASCADE ON UPDATE CASCADE
) ENGINE=InnoDB DEFAULT CHARSET=latin1;
/*!40101 SET character_set_client = @saved_cs_client */;

--
-- Dumping data for table `SBI_OBJECTS_RATING`
--

LOCK TABLES `SBI_OBJECTS_RATING` WRITE;
/*!40000 ALTER TABLE `SBI_OBJECTS_RATING` DISABLE KEYS */;
/*!40000 ALTER TABLE `SBI_OBJECTS_RATING` ENABLE KEYS */;
UNLOCK TABLES;

--
-- Table structure for table `SBI_OBJECT_NOTES`
--

DROP TABLE IF EXISTS `SBI_OBJECT_NOTES`;
/*!40101 SET @saved_cs_client     = @@character_set_client */;
/*!40101 SET character_set_client = utf8 */;
CREATE TABLE `SBI_OBJECT_NOTES` (
  `OBJ_NOTE_ID` int(11) NOT NULL,
  `BIOBJ_ID` int(11) DEFAULT NULL,
  `BIN_ID` int(11) DEFAULT NULL,
  `EXEC_REQ` varchar(500) DEFAULT NULL,
  `OWNER` varchar(50) DEFAULT NULL,
  `ISPUBLIC` tinyint(1) DEFAULT NULL,
  `CREATION_DATE` timestamp NOT NULL,
  `LAST_CHANGE_DATE` timestamp NOT NULL,
  `USER_IN` varchar(100) NOT NULL,
  `USER_UP` varchar(100) DEFAULT NULL,
  `USER_DE` varchar(100) DEFAULT NULL,
  `TIME_IN` timestamp NOT NULL,
  `TIME_UP` timestamp NULL DEFAULT NULL,
  `TIME_DE` timestamp NULL DEFAULT NULL,
  `SBI_VERSION_IN` varchar(10) DEFAULT NULL,
  `SBI_VERSION_UP` varchar(10) DEFAULT NULL,
  `SBI_VERSION_DE` varchar(10) DEFAULT NULL,
  `META_VERSION` varchar(100) DEFAULT NULL,
  `ORGANIZATION` varchar(20) DEFAULT NULL,
  PRIMARY KEY (`OBJ_NOTE_ID`),
  KEY `FK_SBI_OBJECT_NOTES_1` (`BIN_ID`),
  KEY `FK_SBI_OBJECT_NOTES_2` (`BIOBJ_ID`),
  CONSTRAINT `FK_SBI_OBJECT_NOTES_1` FOREIGN KEY (`BIN_ID`) REFERENCES `SBI_BINARY_CONTENTS` (`BIN_ID`),
  CONSTRAINT `FK_SBI_OBJECT_NOTES_2` FOREIGN KEY (`BIOBJ_ID`) REFERENCES `SBI_OBJECTS` (`BIOBJ_ID`)
) ENGINE=InnoDB DEFAULT CHARSET=latin1;
/*!40101 SET character_set_client = @saved_cs_client */;

--
-- Dumping data for table `SBI_OBJECT_NOTES`
--

LOCK TABLES `SBI_OBJECT_NOTES` WRITE;
/*!40000 ALTER TABLE `SBI_OBJECT_NOTES` DISABLE KEYS */;
/*!40000 ALTER TABLE `SBI_OBJECT_NOTES` ENABLE KEYS */;
UNLOCK TABLES;

--
-- Table structure for table `SBI_OBJECT_TEMPLATES`
--

DROP TABLE IF EXISTS `SBI_OBJECT_TEMPLATES`;
/*!40101 SET @saved_cs_client     = @@character_set_client */;
/*!40101 SET character_set_client = utf8 */;
CREATE TABLE `SBI_OBJECT_TEMPLATES` (
  `OBJ_TEMP_ID` int(11) NOT NULL,
  `BIOBJ_ID` int(11) DEFAULT NULL,
  `BIN_ID` int(11) DEFAULT NULL,
  `NAME` varchar(50) DEFAULT NULL,
  `PROG` int(11) DEFAULT NULL,
  `DIMENSION` varchar(20) DEFAULT NULL,
  `CREATION_DATE` datetime DEFAULT NULL,
  `CREATION_USER` varchar(45) NOT NULL,
  `ACTIVE` tinyint(1) DEFAULT NULL,
  `USER_IN` varchar(100) NOT NULL,
  `USER_UP` varchar(100) DEFAULT NULL,
  `USER_DE` varchar(100) DEFAULT NULL,
  `TIME_IN` timestamp NOT NULL,
  `TIME_UP` timestamp NULL DEFAULT NULL,
  `TIME_DE` timestamp NULL DEFAULT NULL,
  `SBI_VERSION_IN` varchar(10) DEFAULT NULL,
  `SBI_VERSION_UP` varchar(10) DEFAULT NULL,
  `SBI_VERSION_DE` varchar(10) DEFAULT NULL,
  `META_VERSION` varchar(100) DEFAULT NULL,
  `ORGANIZATION` varchar(20) DEFAULT NULL,
  PRIMARY KEY (`OBJ_TEMP_ID`),
  KEY `FK_SBI_OBJECT_TEMPLATES_1` (`BIN_ID`),
  KEY `FK_SBI_OBJECT_TEMPLATES_2` (`BIOBJ_ID`),
  CONSTRAINT `FK_SBI_OBJECT_TEMPLATES_1` FOREIGN KEY (`BIN_ID`) REFERENCES `SBI_BINARY_CONTENTS` (`BIN_ID`),
  CONSTRAINT `FK_SBI_OBJECT_TEMPLATES_2` FOREIGN KEY (`BIOBJ_ID`) REFERENCES `SBI_OBJECTS` (`BIOBJ_ID`)
) ENGINE=InnoDB DEFAULT CHARSET=latin1;
/*!40101 SET character_set_client = @saved_cs_client */;

--
-- Dumping data for table `SBI_OBJECT_TEMPLATES`
--

LOCK TABLES `SBI_OBJECT_TEMPLATES` WRITE;
/*!40000 ALTER TABLE `SBI_OBJECT_TEMPLATES` DISABLE KEYS */;
INSERT INTO `SBI_OBJECT_TEMPLATES` VALUES (1,1,1,'template.sbicockpit',1,'2 KByte','2015-11-27 08:36:14','biadmin',1,'biadmin',NULL,NULL,'2015-11-27 08:36:14',NULL,NULL,'4.0',NULL,NULL,NULL,'SPAGOBI'),(2,2,2,'template.sbicockpit',1,'3 KByte','2015-11-27 08:52:10','biadmin',1,'biadmin',NULL,NULL,'2015-11-27 08:52:10',NULL,NULL,'4.0',NULL,NULL,NULL,'SPAGOBI');
/*!40000 ALTER TABLE `SBI_OBJECT_TEMPLATES` ENABLE KEYS */;
UNLOCK TABLES;

--
-- Table structure for table `SBI_OBJ_FUNC`
--

DROP TABLE IF EXISTS `SBI_OBJ_FUNC`;
/*!40101 SET @saved_cs_client     = @@character_set_client */;
/*!40101 SET character_set_client = utf8 */;
CREATE TABLE `SBI_OBJ_FUNC` (
  `BIOBJ_ID` int(11) NOT NULL,
  `FUNCT_ID` int(11) NOT NULL,
  `PROG` int(11) DEFAULT NULL,
  `USER_IN` varchar(100) NOT NULL,
  `USER_UP` varchar(100) DEFAULT NULL,
  `USER_DE` varchar(100) DEFAULT NULL,
  `TIME_IN` timestamp NOT NULL,
  `TIME_UP` timestamp NULL DEFAULT NULL,
  `TIME_DE` timestamp NULL DEFAULT NULL,
  `SBI_VERSION_IN` varchar(10) DEFAULT NULL,
  `SBI_VERSION_UP` varchar(10) DEFAULT NULL,
  `SBI_VERSION_DE` varchar(10) DEFAULT NULL,
  `META_VERSION` varchar(100) DEFAULT NULL,
  `ORGANIZATION` varchar(20) DEFAULT NULL,
  PRIMARY KEY (`BIOBJ_ID`,`FUNCT_ID`),
  KEY `FK_SBI_OBJ_FUNC_1` (`FUNCT_ID`),
  CONSTRAINT `FK_SBI_OBJ_FUNC_1` FOREIGN KEY (`FUNCT_ID`) REFERENCES `SBI_FUNCTIONS` (`FUNCT_ID`),
  CONSTRAINT `FK_SBI_OBJ_FUNC_2` FOREIGN KEY (`BIOBJ_ID`) REFERENCES `SBI_OBJECTS` (`BIOBJ_ID`)
) ENGINE=InnoDB DEFAULT CHARSET=latin1;
/*!40101 SET character_set_client = @saved_cs_client */;

--
-- Dumping data for table `SBI_OBJ_FUNC`
--

LOCK TABLES `SBI_OBJ_FUNC` WRITE;
/*!40000 ALTER TABLE `SBI_OBJ_FUNC` DISABLE KEYS */;
INSERT INTO `SBI_OBJ_FUNC` VALUES (1,2,NULL,'biadmin',NULL,NULL,'2015-11-27 08:36:14',NULL,NULL,'4.0',NULL,NULL,NULL,'SPAGOBI'),(2,2,NULL,'biadmin',NULL,NULL,'2015-11-27 08:52:10',NULL,NULL,'4.0',NULL,NULL,NULL,'SPAGOBI');
/*!40000 ALTER TABLE `SBI_OBJ_FUNC` ENABLE KEYS */;
UNLOCK TABLES;

--
-- Table structure for table `SBI_OBJ_METACONTENTS`
--

DROP TABLE IF EXISTS `SBI_OBJ_METACONTENTS`;
/*!40101 SET @saved_cs_client     = @@character_set_client */;
/*!40101 SET character_set_client = utf8 */;
CREATE TABLE `SBI_OBJ_METACONTENTS` (
  `OBJ_METACONTENT_ID` int(11) NOT NULL,
  `OBJMETA_ID` int(11) NOT NULL,
  `BIOBJ_ID` int(11) NOT NULL,
  `SUBOBJ_ID` int(11) DEFAULT NULL,
  `BIN_ID` int(11) DEFAULT NULL,
  `CREATION_DATE` timestamp NOT NULL,
  `LAST_CHANGE_DATE` timestamp NOT NULL,
  `USER_IN` varchar(100) NOT NULL,
  `USER_UP` varchar(100) DEFAULT NULL,
  `USER_DE` varchar(100) DEFAULT NULL,
  `TIME_IN` timestamp NOT NULL,
  `TIME_UP` timestamp NULL DEFAULT NULL,
  `TIME_DE` timestamp NULL DEFAULT NULL,
  `SBI_VERSION_IN` varchar(10) DEFAULT NULL,
  `SBI_VERSION_UP` varchar(10) DEFAULT NULL,
  `SBI_VERSION_DE` varchar(10) DEFAULT NULL,
  `META_VERSION` varchar(100) DEFAULT NULL,
  `ORGANIZATION` varchar(20) DEFAULT NULL,
  PRIMARY KEY (`OBJ_METACONTENT_ID`),
  UNIQUE KEY `XAK1SBI_OBJ_METACONTENTS` (`OBJMETA_ID`,`BIOBJ_ID`,`SUBOBJ_ID`),
  KEY `FK_SBI_OBJ_METACONTENTS_2` (`BIOBJ_ID`),
  KEY `FK_SBI_OBJ_METACONTENTS_3` (`SUBOBJ_ID`),
  KEY `FK_SBI_OBJ_METACONTENTS_4` (`BIN_ID`),
  CONSTRAINT `FK_SBI_OBJ_METACONTENTS_1` FOREIGN KEY (`OBJMETA_ID`) REFERENCES `SBI_OBJ_METADATA` (`OBJ_META_ID`),
  CONSTRAINT `FK_SBI_OBJ_METACONTENTS_2` FOREIGN KEY (`BIOBJ_ID`) REFERENCES `SBI_OBJECTS` (`BIOBJ_ID`),
  CONSTRAINT `FK_SBI_OBJ_METACONTENTS_3` FOREIGN KEY (`SUBOBJ_ID`) REFERENCES `SBI_SUBOBJECTS` (`SUBOBJ_ID`),
  CONSTRAINT `FK_SBI_OBJ_METACONTENTS_4` FOREIGN KEY (`BIN_ID`) REFERENCES `SBI_BINARY_CONTENTS` (`BIN_ID`)
) ENGINE=InnoDB DEFAULT CHARSET=latin1;
/*!40101 SET character_set_client = @saved_cs_client */;

--
-- Dumping data for table `SBI_OBJ_METACONTENTS`
--

LOCK TABLES `SBI_OBJ_METACONTENTS` WRITE;
/*!40000 ALTER TABLE `SBI_OBJ_METACONTENTS` DISABLE KEYS */;
/*!40000 ALTER TABLE `SBI_OBJ_METACONTENTS` ENABLE KEYS */;
UNLOCK TABLES;

--
-- Table structure for table `SBI_OBJ_METADATA`
--

DROP TABLE IF EXISTS `SBI_OBJ_METADATA`;
/*!40101 SET @saved_cs_client     = @@character_set_client */;
/*!40101 SET character_set_client = utf8 */;
CREATE TABLE `SBI_OBJ_METADATA` (
  `OBJ_META_ID` int(11) NOT NULL,
  `LABEL` varchar(20) NOT NULL,
  `NAME` varchar(40) NOT NULL,
  `DESCR` varchar(100) DEFAULT NULL,
  `DATA_TYPE_ID` int(11) NOT NULL,
  `CREATION_DATE` timestamp NOT NULL,
  `USER_IN` varchar(100) NOT NULL,
  `USER_UP` varchar(100) DEFAULT NULL,
  `USER_DE` varchar(100) DEFAULT NULL,
  `TIME_IN` timestamp NOT NULL,
  `TIME_UP` timestamp NULL DEFAULT NULL,
  `TIME_DE` timestamp NULL DEFAULT NULL,
  `SBI_VERSION_IN` varchar(10) DEFAULT NULL,
  `SBI_VERSION_UP` varchar(10) DEFAULT NULL,
  `SBI_VERSION_DE` varchar(10) DEFAULT NULL,
  `META_VERSION` varchar(100) DEFAULT NULL,
  `ORGANIZATION` varchar(20) DEFAULT NULL,
  PRIMARY KEY (`OBJ_META_ID`),
  UNIQUE KEY `XAK1SBI_OBJ_METADATA` (`LABEL`,`ORGANIZATION`),
  KEY `FK_SBI_OBJ_METADATA_1` (`DATA_TYPE_ID`),
  CONSTRAINT `FK_SBI_OBJ_METADATA_1` FOREIGN KEY (`DATA_TYPE_ID`) REFERENCES `SBI_DOMAINS` (`VALUE_ID`)
) ENGINE=InnoDB DEFAULT CHARSET=latin1;
/*!40101 SET character_set_client = @saved_cs_client */;

--
-- Dumping data for table `SBI_OBJ_METADATA`
--

LOCK TABLES `SBI_OBJ_METADATA` WRITE;
/*!40000 ALTER TABLE `SBI_OBJ_METADATA` DISABLE KEYS */;
/*!40000 ALTER TABLE `SBI_OBJ_METADATA` ENABLE KEYS */;
UNLOCK TABLES;

--
-- Table structure for table `SBI_OBJ_PAR`
--

DROP TABLE IF EXISTS `SBI_OBJ_PAR`;
/*!40101 SET @saved_cs_client     = @@character_set_client */;
/*!40101 SET character_set_client = utf8 */;
CREATE TABLE `SBI_OBJ_PAR` (
  `OBJ_PAR_ID` int(11) NOT NULL,
  `PAR_ID` int(11) NOT NULL,
  `BIOBJ_ID` int(11) NOT NULL,
  `LABEL` varchar(40) NOT NULL,
  `REQ_FL` smallint(6) DEFAULT NULL,
  `MOD_FL` smallint(6) DEFAULT NULL,
  `VIEW_FL` smallint(6) DEFAULT NULL,
  `MULT_FL` smallint(6) DEFAULT NULL,
  `PROG` int(11) NOT NULL,
  `PARURL_NM` varchar(20) DEFAULT NULL,
  `PRIORITY` int(11) DEFAULT NULL,
  `COL_SPAN` int(11) DEFAULT '1',
  `THICK_PERC` int(11) DEFAULT '0',
  `USER_IN` varchar(100) NOT NULL,
  `USER_UP` varchar(100) DEFAULT NULL,
  `USER_DE` varchar(100) DEFAULT NULL,
  `TIME_IN` timestamp NOT NULL,
  `TIME_UP` timestamp NULL DEFAULT NULL,
  `TIME_DE` timestamp NULL DEFAULT NULL,
  `SBI_VERSION_IN` varchar(10) DEFAULT NULL,
  `SBI_VERSION_UP` varchar(10) DEFAULT NULL,
  `SBI_VERSION_DE` varchar(10) DEFAULT NULL,
  `META_VERSION` varchar(100) DEFAULT NULL,
  `ORGANIZATION` varchar(20) DEFAULT NULL,
  PRIMARY KEY (`OBJ_PAR_ID`),
  KEY `FK_SBI_OBJ_PAR_1` (`BIOBJ_ID`),
  KEY `FK_SBI_OBJ_PAR_2` (`PAR_ID`),
  CONSTRAINT `FK_SBI_OBJ_PAR_1` FOREIGN KEY (`BIOBJ_ID`) REFERENCES `SBI_OBJECTS` (`BIOBJ_ID`),
  CONSTRAINT `FK_SBI_OBJ_PAR_2` FOREIGN KEY (`PAR_ID`) REFERENCES `SBI_PARAMETERS` (`PAR_ID`)
) ENGINE=InnoDB DEFAULT CHARSET=latin1;
/*!40101 SET character_set_client = @saved_cs_client */;

--
-- Dumping data for table `SBI_OBJ_PAR`
--

LOCK TABLES `SBI_OBJ_PAR` WRITE;
/*!40000 ALTER TABLE `SBI_OBJ_PAR` DISABLE KEYS */;
/*!40000 ALTER TABLE `SBI_OBJ_PAR` ENABLE KEYS */;
UNLOCK TABLES;

--
-- Table structure for table `SBI_OBJ_PARUSE`
--

DROP TABLE IF EXISTS `SBI_OBJ_PARUSE`;
/*!40101 SET @saved_cs_client     = @@character_set_client */;
/*!40101 SET character_set_client = utf8 */;
CREATE TABLE `SBI_OBJ_PARUSE` (
  `OBJ_PAR_ID` int(11) NOT NULL,
  `USE_ID` int(11) NOT NULL,
  `OBJ_PAR_FATHER_ID` int(11) NOT NULL,
  `FILTER_OPERATION` varchar(20) NOT NULL,
  `PROG` int(11) NOT NULL,
  `FILTER_COLUMN` varchar(30) NOT NULL,
  `PRE_CONDITION` varchar(10) DEFAULT NULL,
  `POST_CONDITION` varchar(10) DEFAULT NULL,
  `LOGIC_OPERATOR` varchar(10) DEFAULT NULL,
  `USER_IN` varchar(100) NOT NULL,
  `USER_UP` varchar(100) DEFAULT NULL,
  `USER_DE` varchar(100) DEFAULT NULL,
  `TIME_IN` timestamp NOT NULL,
  `TIME_UP` timestamp NULL DEFAULT NULL,
  `TIME_DE` timestamp NULL DEFAULT NULL,
  `SBI_VERSION_IN` varchar(10) DEFAULT NULL,
  `SBI_VERSION_UP` varchar(10) DEFAULT NULL,
  `SBI_VERSION_DE` varchar(10) DEFAULT NULL,
  `META_VERSION` varchar(100) DEFAULT NULL,
  `ORGANIZATION` varchar(20) DEFAULT NULL,
  PRIMARY KEY (`OBJ_PAR_ID`,`USE_ID`,`OBJ_PAR_FATHER_ID`,`FILTER_OPERATION`),
  KEY `FK_SBI_OBJ_PARUSE_2` (`USE_ID`),
  KEY `FK_SBI_OBJ_PARUSE_3` (`OBJ_PAR_FATHER_ID`),
  CONSTRAINT `FK_SBI_OBJ_PARUSE_1` FOREIGN KEY (`OBJ_PAR_ID`) REFERENCES `SBI_OBJ_PAR` (`OBJ_PAR_ID`),
  CONSTRAINT `FK_SBI_OBJ_PARUSE_2` FOREIGN KEY (`USE_ID`) REFERENCES `SBI_PARUSE` (`USE_ID`),
  CONSTRAINT `FK_SBI_OBJ_PARUSE_3` FOREIGN KEY (`OBJ_PAR_FATHER_ID`) REFERENCES `SBI_OBJ_PAR` (`OBJ_PAR_ID`)
) ENGINE=InnoDB DEFAULT CHARSET=latin1;
/*!40101 SET character_set_client = @saved_cs_client */;

--
-- Dumping data for table `SBI_OBJ_PARUSE`
--

LOCK TABLES `SBI_OBJ_PARUSE` WRITE;
/*!40000 ALTER TABLE `SBI_OBJ_PARUSE` DISABLE KEYS */;
/*!40000 ALTER TABLE `SBI_OBJ_PARUSE` ENABLE KEYS */;
UNLOCK TABLES;

--
-- Table structure for table `SBI_OBJ_PARVIEW`
--

DROP TABLE IF EXISTS `SBI_OBJ_PARVIEW`;
/*!40101 SET @saved_cs_client     = @@character_set_client */;
/*!40101 SET character_set_client = utf8 */;
CREATE TABLE `SBI_OBJ_PARVIEW` (
  `OBJ_PAR_ID` int(11) NOT NULL,
  `OBJ_PAR_FATHER_ID` int(11) NOT NULL,
  `OPERATION` varchar(20) NOT NULL,
  `COMPARE_VALUE` varchar(200) NOT NULL,
  `VIEW_LABEL` varchar(50) DEFAULT NULL,
  `PROG` int(11) DEFAULT NULL,
  `USER_IN` varchar(100) NOT NULL,
  `USER_UP` varchar(100) DEFAULT NULL,
  `USER_DE` varchar(100) DEFAULT NULL,
  `TIME_IN` timestamp NOT NULL,
  `TIME_UP` timestamp NULL DEFAULT NULL,
  `TIME_DE` timestamp NULL DEFAULT NULL,
  `SBI_VERSION_IN` varchar(10) DEFAULT NULL,
  `SBI_VERSION_UP` varchar(10) DEFAULT NULL,
  `SBI_VERSION_DE` varchar(10) DEFAULT NULL,
  `META_VERSION` varchar(100) DEFAULT NULL,
  `ORGANIZATION` varchar(20) DEFAULT NULL,
  PRIMARY KEY (`OBJ_PAR_ID`,`OBJ_PAR_FATHER_ID`,`OPERATION`,`COMPARE_VALUE`),
  KEY `FK_SBI_OBJ_PARVIEW_2` (`OBJ_PAR_FATHER_ID`),
  CONSTRAINT `FK_SBI_OBJ_PARVIEW_1` FOREIGN KEY (`OBJ_PAR_ID`) REFERENCES `SBI_OBJ_PAR` (`OBJ_PAR_ID`),
  CONSTRAINT `FK_SBI_OBJ_PARVIEW_2` FOREIGN KEY (`OBJ_PAR_FATHER_ID`) REFERENCES `SBI_OBJ_PAR` (`OBJ_PAR_ID`)
) ENGINE=InnoDB DEFAULT CHARSET=latin1;
/*!40101 SET character_set_client = @saved_cs_client */;

--
-- Dumping data for table `SBI_OBJ_PARVIEW`
--

LOCK TABLES `SBI_OBJ_PARVIEW` WRITE;
/*!40000 ALTER TABLE `SBI_OBJ_PARVIEW` DISABLE KEYS */;
/*!40000 ALTER TABLE `SBI_OBJ_PARVIEW` ENABLE KEYS */;
UNLOCK TABLES;

--
-- Table structure for table `SBI_OBJ_STATE`
--

DROP TABLE IF EXISTS `SBI_OBJ_STATE`;
/*!40101 SET @saved_cs_client     = @@character_set_client */;
/*!40101 SET character_set_client = utf8 */;
CREATE TABLE `SBI_OBJ_STATE` (
  `BIOBJ_ID` int(11) NOT NULL,
  `STATE_ID` int(11) NOT NULL,
  `END_DT` date DEFAULT NULL,
  `START_DT` date NOT NULL,
  `NOTE` varchar(300) DEFAULT NULL,
  `USER_IN` varchar(100) NOT NULL,
  `USER_UP` varchar(100) DEFAULT NULL,
  `USER_DE` varchar(100) DEFAULT NULL,
  `TIME_IN` timestamp NOT NULL,
  `TIME_UP` timestamp NULL DEFAULT NULL,
  `TIME_DE` timestamp NULL DEFAULT NULL,
  `SBI_VERSION_IN` varchar(10) DEFAULT NULL,
  `SBI_VERSION_UP` varchar(10) DEFAULT NULL,
  `SBI_VERSION_DE` varchar(10) DEFAULT NULL,
  `META_VERSION` varchar(100) DEFAULT NULL,
  `ORGANIZATION` varchar(20) DEFAULT NULL,
  PRIMARY KEY (`BIOBJ_ID`,`STATE_ID`,`START_DT`),
  KEY `FK_SBI_OBJ_STATE_2` (`STATE_ID`),
  CONSTRAINT `FK_SBI_OBJ_STATE_1` FOREIGN KEY (`BIOBJ_ID`) REFERENCES `SBI_OBJECTS` (`BIOBJ_ID`),
  CONSTRAINT `FK_SBI_OBJ_STATE_2` FOREIGN KEY (`STATE_ID`) REFERENCES `SBI_DOMAINS` (`VALUE_ID`)
) ENGINE=InnoDB DEFAULT CHARSET=latin1;
/*!40101 SET character_set_client = @saved_cs_client */;

--
-- Dumping data for table `SBI_OBJ_STATE`
--

LOCK TABLES `SBI_OBJ_STATE` WRITE;
/*!40000 ALTER TABLE `SBI_OBJ_STATE` DISABLE KEYS */;
/*!40000 ALTER TABLE `SBI_OBJ_STATE` ENABLE KEYS */;
UNLOCK TABLES;

--
-- Table structure for table `SBI_ORGANIZATIONS`
--

DROP TABLE IF EXISTS `SBI_ORGANIZATIONS`;
/*!40101 SET @saved_cs_client     = @@character_set_client */;
/*!40101 SET character_set_client = utf8 */;
CREATE TABLE `SBI_ORGANIZATIONS` (
  `ID` int(11) NOT NULL,
  `NAME` varchar(200) DEFAULT NULL,
  `THEME` varchar(100) DEFAULT 'SPAGOBI.THEMES.THEME.default',
  PRIMARY KEY (`ID`),
  UNIQUE KEY `XAK1SBI_ORGANIZATIONS` (`NAME`)
) ENGINE=InnoDB DEFAULT CHARSET=latin1;
/*!40101 SET character_set_client = @saved_cs_client */;

--
-- Dumping data for table `SBI_ORGANIZATIONS`
--

LOCK TABLES `SBI_ORGANIZATIONS` WRITE;
/*!40000 ALTER TABLE `SBI_ORGANIZATIONS` DISABLE KEYS */;
INSERT INTO `SBI_ORGANIZATIONS` VALUES (1,'SPAGOBI',NULL);
/*!40000 ALTER TABLE `SBI_ORGANIZATIONS` ENABLE KEYS */;
UNLOCK TABLES;

--
-- Table structure for table `SBI_ORGANIZATION_DATASOURCE`
--

DROP TABLE IF EXISTS `SBI_ORGANIZATION_DATASOURCE`;
/*!40101 SET @saved_cs_client     = @@character_set_client */;
/*!40101 SET character_set_client = utf8 */;
CREATE TABLE `SBI_ORGANIZATION_DATASOURCE` (
  `DATASOURCE_ID` int(11) NOT NULL,
  `ORGANIZATION_ID` int(11) NOT NULL,
  `USER_IN` varchar(100) NOT NULL,
  `USER_UP` varchar(100) DEFAULT NULL,
  `USER_DE` varchar(100) DEFAULT NULL,
  `TIME_IN` timestamp NULL DEFAULT NULL,
  `TIME_UP` timestamp NULL DEFAULT NULL,
  `TIME_DE` timestamp NULL DEFAULT NULL,
  `SBI_VERSION_IN` varchar(10) DEFAULT NULL,
  `SBI_VERSION_UP` varchar(10) DEFAULT NULL,
  `SBI_VERSION_DE` varchar(10) DEFAULT NULL,
  `META_VERSION` varchar(100) DEFAULT NULL,
  `ORGANIZATION` varchar(20) DEFAULT NULL,
  PRIMARY KEY (`DATASOURCE_ID`,`ORGANIZATION_ID`),
  KEY `FK_ORGANIZATION_2` (`ORGANIZATION_ID`),
  CONSTRAINT `FK_DATASOURCE_2` FOREIGN KEY (`DATASOURCE_ID`) REFERENCES `SBI_DATA_SOURCE` (`DS_ID`) ON DELETE CASCADE ON UPDATE NO ACTION,
  CONSTRAINT `FK_ORGANIZATION_2` FOREIGN KEY (`ORGANIZATION_ID`) REFERENCES `SBI_ORGANIZATIONS` (`ID`) ON DELETE NO ACTION ON UPDATE NO ACTION
) ENGINE=InnoDB DEFAULT CHARSET=latin1;
/*!40101 SET character_set_client = @saved_cs_client */;

--
-- Dumping data for table `SBI_ORGANIZATION_DATASOURCE`
--

LOCK TABLES `SBI_ORGANIZATION_DATASOURCE` WRITE;
/*!40000 ALTER TABLE `SBI_ORGANIZATION_DATASOURCE` DISABLE KEYS */;
INSERT INTO `SBI_ORGANIZATION_DATASOURCE` VALUES (1,1,'biadmin',NULL,NULL,'2015-11-27 08:25:06',NULL,NULL,'4.0',NULL,NULL,NULL,'SPAGOBI');
/*!40000 ALTER TABLE `SBI_ORGANIZATION_DATASOURCE` ENABLE KEYS */;
UNLOCK TABLES;

--
-- Table structure for table `SBI_ORGANIZATION_ENGINE`
--

DROP TABLE IF EXISTS `SBI_ORGANIZATION_ENGINE`;
/*!40101 SET @saved_cs_client     = @@character_set_client */;
/*!40101 SET character_set_client = utf8 */;
CREATE TABLE `SBI_ORGANIZATION_ENGINE` (
  `ENGINE_ID` int(11) NOT NULL,
  `ORGANIZATION_ID` int(11) NOT NULL,
  `USER_IN` varchar(100) NOT NULL,
  `USER_UP` varchar(100) DEFAULT NULL,
  `USER_DE` varchar(100) DEFAULT NULL,
  `TIME_IN` timestamp NULL DEFAULT NULL,
  `TIME_UP` timestamp NULL DEFAULT NULL,
  `TIME_DE` timestamp NULL DEFAULT NULL,
  `SBI_VERSION_IN` varchar(10) DEFAULT NULL,
  `SBI_VERSION_UP` varchar(10) DEFAULT NULL,
  `SBI_VERSION_DE` varchar(10) DEFAULT NULL,
  `META_VERSION` varchar(100) DEFAULT NULL,
  `ORGANIZATION` varchar(20) DEFAULT NULL,
  PRIMARY KEY (`ENGINE_ID`,`ORGANIZATION_ID`),
  KEY `FK_ORGANIZATION_1` (`ORGANIZATION_ID`),
  CONSTRAINT `FK_ENGINE_1` FOREIGN KEY (`ENGINE_ID`) REFERENCES `SBI_ENGINES` (`ENGINE_ID`) ON DELETE NO ACTION ON UPDATE NO ACTION,
  CONSTRAINT `FK_ORGANIZATION_1` FOREIGN KEY (`ORGANIZATION_ID`) REFERENCES `SBI_ORGANIZATIONS` (`ID`) ON DELETE NO ACTION ON UPDATE NO ACTION
) ENGINE=InnoDB DEFAULT CHARSET=latin1;
/*!40101 SET character_set_client = @saved_cs_client */;

--
-- Dumping data for table `SBI_ORGANIZATION_ENGINE`
--

LOCK TABLES `SBI_ORGANIZATION_ENGINE` WRITE;
/*!40000 ALTER TABLE `SBI_ORGANIZATION_ENGINE` DISABLE KEYS */;
INSERT INTO `SBI_ORGANIZATION_ENGINE` VALUES (1,1,'server',NULL,NULL,'2015-11-27 08:17:38',NULL,NULL,'4.0',NULL,NULL,NULL,NULL),(2,1,'server',NULL,NULL,'2015-11-27 08:17:38',NULL,NULL,'4.0',NULL,NULL,NULL,NULL),(3,1,'server',NULL,NULL,'2015-11-27 08:17:38',NULL,NULL,'4.0',NULL,NULL,NULL,NULL),(4,1,'server',NULL,NULL,'2015-11-27 08:17:38',NULL,NULL,'4.0',NULL,NULL,NULL,NULL),(5,1,'server',NULL,NULL,'2015-11-27 08:17:38',NULL,NULL,'4.0',NULL,NULL,NULL,NULL),(6,1,'server',NULL,NULL,'2015-11-27 08:17:38',NULL,NULL,'4.0',NULL,NULL,NULL,NULL),(7,1,'server',NULL,NULL,'2015-11-27 08:17:38',NULL,NULL,'4.0',NULL,NULL,NULL,NULL),(8,1,'server',NULL,NULL,'2015-11-27 08:17:38',NULL,NULL,'4.0',NULL,NULL,NULL,NULL),(9,1,'server',NULL,NULL,'2015-11-27 08:17:38',NULL,NULL,'4.0',NULL,NULL,NULL,NULL),(10,1,'server',NULL,NULL,'2015-11-27 08:17:39',NULL,NULL,'4.0',NULL,NULL,NULL,NULL),(11,1,'server',NULL,NULL,'2015-11-27 08:17:39',NULL,NULL,'4.0',NULL,NULL,NULL,NULL),(12,1,'server',NULL,NULL,'2015-11-27 08:17:39',NULL,NULL,'4.0',NULL,NULL,NULL,NULL),(13,1,'server',NULL,NULL,'2015-11-27 08:17:39',NULL,NULL,'4.0',NULL,NULL,NULL,NULL),(14,1,'server',NULL,NULL,'2015-11-27 08:17:39',NULL,NULL,'4.0',NULL,NULL,NULL,NULL),(15,1,'server',NULL,NULL,'2015-11-27 08:17:39',NULL,NULL,'4.0',NULL,NULL,NULL,NULL),(16,1,'server',NULL,NULL,'2015-11-27 08:17:39',NULL,NULL,'4.0',NULL,NULL,NULL,NULL),(17,1,'server',NULL,NULL,'2015-11-27 08:17:39',NULL,NULL,'4.0',NULL,NULL,NULL,NULL),(18,1,'server',NULL,NULL,'2015-11-27 08:17:39',NULL,NULL,'4.0',NULL,NULL,NULL,NULL),(19,1,'server',NULL,NULL,'2015-11-27 08:17:39',NULL,NULL,'4.0',NULL,NULL,NULL,NULL),(20,1,'server',NULL,NULL,'2015-11-27 08:17:39',NULL,NULL,'4.0',NULL,NULL,NULL,NULL),(21,1,'server',NULL,NULL,'2015-11-27 08:17:39',NULL,NULL,'4.0',NULL,NULL,NULL,NULL),(22,1,'server',NULL,NULL,'2015-11-27 08:17:39',NULL,NULL,'4.0',NULL,NULL,NULL,NULL),(23,1,'server',NULL,NULL,'2015-11-27 08:17:39',NULL,NULL,'4.0',NULL,NULL,NULL,NULL),(24,1,'server',NULL,NULL,'2015-11-27 08:17:39',NULL,NULL,'4.0',NULL,NULL,NULL,NULL),(25,1,'server',NULL,NULL,'2015-11-27 08:17:39',NULL,NULL,'4.0',NULL,NULL,NULL,NULL),(26,1,'server',NULL,NULL,'2015-11-27 08:17:39',NULL,NULL,'4.0',NULL,NULL,NULL,NULL);
/*!40000 ALTER TABLE `SBI_ORGANIZATION_ENGINE` ENABLE KEYS */;
UNLOCK TABLES;

--
-- Table structure for table `SBI_ORG_UNIT`
--

DROP TABLE IF EXISTS `SBI_ORG_UNIT`;
/*!40101 SET @saved_cs_client     = @@character_set_client */;
/*!40101 SET character_set_client = utf8 */;
CREATE TABLE `SBI_ORG_UNIT` (
  `ID` int(11) NOT NULL,
  `LABEL` varchar(100) NOT NULL,
  `NAME` varchar(200) NOT NULL,
  `DESCRIPTION` varchar(1000) DEFAULT NULL,
  `USER_IN` varchar(100) NOT NULL,
  `USER_UP` varchar(100) DEFAULT NULL,
  `USER_DE` varchar(100) DEFAULT NULL,
  `TIME_IN` timestamp NOT NULL,
  `TIME_UP` timestamp NULL DEFAULT NULL,
  `TIME_DE` timestamp NULL DEFAULT NULL,
  `SBI_VERSION_IN` varchar(10) DEFAULT NULL,
  `SBI_VERSION_UP` varchar(10) DEFAULT NULL,
  `SBI_VERSION_DE` varchar(10) DEFAULT NULL,
  `META_VERSION` varchar(100) DEFAULT NULL,
  `ORGANIZATION` varchar(20) DEFAULT NULL,
  PRIMARY KEY (`ID`),
  UNIQUE KEY `XIF1SBI_ORG_UNIT` (`LABEL`,`NAME`,`ORGANIZATION`)
) ENGINE=InnoDB DEFAULT CHARSET=latin1;
/*!40101 SET character_set_client = @saved_cs_client */;

--
-- Dumping data for table `SBI_ORG_UNIT`
--

LOCK TABLES `SBI_ORG_UNIT` WRITE;
/*!40000 ALTER TABLE `SBI_ORG_UNIT` DISABLE KEYS */;
/*!40000 ALTER TABLE `SBI_ORG_UNIT` ENABLE KEYS */;
UNLOCK TABLES;

--
-- Table structure for table `SBI_ORG_UNIT_GRANT`
--

DROP TABLE IF EXISTS `SBI_ORG_UNIT_GRANT`;
/*!40101 SET @saved_cs_client     = @@character_set_client */;
/*!40101 SET character_set_client = utf8 */;
CREATE TABLE `SBI_ORG_UNIT_GRANT` (
  `ID` int(11) NOT NULL,
  `HIERARCHY_ID` int(11) NOT NULL,
  `KPI_MODEL_INST_NODE_ID` int(11) NOT NULL,
  `START_DATE` date DEFAULT NULL,
  `END_DATE` date DEFAULT NULL,
  `LABEL` varchar(200) NOT NULL,
  `NAME` varchar(400) NOT NULL,
  `DESCRIPTION` varchar(1000) DEFAULT NULL,
  `USER_IN` varchar(100) NOT NULL,
  `USER_UP` varchar(100) DEFAULT NULL,
  `USER_DE` varchar(100) DEFAULT NULL,
  `TIME_IN` timestamp NOT NULL,
  `TIME_UP` timestamp NULL DEFAULT NULL,
  `TIME_DE` timestamp NULL DEFAULT NULL,
  `SBI_VERSION_IN` varchar(10) DEFAULT NULL,
  `SBI_VERSION_UP` varchar(10) DEFAULT NULL,
  `SBI_VERSION_DE` varchar(10) DEFAULT NULL,
  `META_VERSION` varchar(100) DEFAULT NULL,
  `ORGANIZATION` varchar(20) DEFAULT NULL,
  `IS_AVAILABLE` int(11) DEFAULT '1',
  PRIMARY KEY (`ID`),
  UNIQUE KEY `XIF1SBI_ORG_UNIT_GRANT` (`LABEL`,`ORGANIZATION`),
  KEY `FK_SBI_ORG_UNIT_GRANT_2` (`HIERARCHY_ID`),
  KEY `FK_SBI_ORG_UNIT_GRANT_3` (`KPI_MODEL_INST_NODE_ID`),
  CONSTRAINT `FK_SBI_ORG_UNIT_GRANT_2` FOREIGN KEY (`HIERARCHY_ID`) REFERENCES `SBI_ORG_UNIT_HIERARCHIES` (`ID`) ON DELETE CASCADE,
  CONSTRAINT `FK_SBI_ORG_UNIT_GRANT_3` FOREIGN KEY (`KPI_MODEL_INST_NODE_ID`) REFERENCES `SBI_KPI_MODEL_INST` (`KPI_MODEL_INST`) ON DELETE CASCADE
) ENGINE=InnoDB DEFAULT CHARSET=latin1;
/*!40101 SET character_set_client = @saved_cs_client */;

--
-- Dumping data for table `SBI_ORG_UNIT_GRANT`
--

LOCK TABLES `SBI_ORG_UNIT_GRANT` WRITE;
/*!40000 ALTER TABLE `SBI_ORG_UNIT_GRANT` DISABLE KEYS */;
/*!40000 ALTER TABLE `SBI_ORG_UNIT_GRANT` ENABLE KEYS */;
UNLOCK TABLES;

--
-- Table structure for table `SBI_ORG_UNIT_GRANT_NODES`
--

DROP TABLE IF EXISTS `SBI_ORG_UNIT_GRANT_NODES`;
/*!40101 SET @saved_cs_client     = @@character_set_client */;
/*!40101 SET character_set_client = utf8 */;
CREATE TABLE `SBI_ORG_UNIT_GRANT_NODES` (
  `NODE_ID` int(11) NOT NULL,
  `KPI_MODEL_INST_NODE_ID` int(11) NOT NULL,
  `GRANT_ID` int(11) NOT NULL,
  `USER_IN` varchar(100) NOT NULL,
  `USER_UP` varchar(100) DEFAULT NULL,
  `USER_DE` varchar(100) DEFAULT NULL,
  `TIME_IN` timestamp NOT NULL,
  `TIME_UP` timestamp NULL DEFAULT NULL,
  `TIME_DE` timestamp NULL DEFAULT NULL,
  `SBI_VERSION_IN` varchar(10) DEFAULT NULL,
  `SBI_VERSION_UP` varchar(10) DEFAULT NULL,
  `SBI_VERSION_DE` varchar(10) DEFAULT NULL,
  `META_VERSION` varchar(100) DEFAULT NULL,
  `ORGANIZATION` varchar(20) DEFAULT NULL,
  PRIMARY KEY (`NODE_ID`,`KPI_MODEL_INST_NODE_ID`,`GRANT_ID`),
  KEY `FK_SBI_ORG_UNIT_GRANT_NODES_2` (`KPI_MODEL_INST_NODE_ID`),
  KEY `FK_SBI_ORG_UNIT_GRANT_NODES_3` (`GRANT_ID`),
  CONSTRAINT `FK_SBI_ORG_UNIT_GRANT_NODES_1` FOREIGN KEY (`NODE_ID`) REFERENCES `SBI_ORG_UNIT_NODES` (`NODE_ID`) ON DELETE CASCADE,
  CONSTRAINT `FK_SBI_ORG_UNIT_GRANT_NODES_2` FOREIGN KEY (`KPI_MODEL_INST_NODE_ID`) REFERENCES `SBI_KPI_MODEL_INST` (`KPI_MODEL_INST`) ON DELETE CASCADE,
  CONSTRAINT `FK_SBI_ORG_UNIT_GRANT_NODES_3` FOREIGN KEY (`GRANT_ID`) REFERENCES `SBI_ORG_UNIT_GRANT` (`ID`) ON DELETE CASCADE
) ENGINE=InnoDB DEFAULT CHARSET=latin1;
/*!40101 SET character_set_client = @saved_cs_client */;

--
-- Dumping data for table `SBI_ORG_UNIT_GRANT_NODES`
--

LOCK TABLES `SBI_ORG_UNIT_GRANT_NODES` WRITE;
/*!40000 ALTER TABLE `SBI_ORG_UNIT_GRANT_NODES` DISABLE KEYS */;
/*!40000 ALTER TABLE `SBI_ORG_UNIT_GRANT_NODES` ENABLE KEYS */;
UNLOCK TABLES;

--
-- Table structure for table `SBI_ORG_UNIT_HIERARCHIES`
--

DROP TABLE IF EXISTS `SBI_ORG_UNIT_HIERARCHIES`;
/*!40101 SET @saved_cs_client     = @@character_set_client */;
/*!40101 SET character_set_client = utf8 */;
CREATE TABLE `SBI_ORG_UNIT_HIERARCHIES` (
  `ID` int(11) NOT NULL,
  `LABEL` varchar(100) NOT NULL,
  `NAME` varchar(200) NOT NULL,
  `DESCRIPTION` varchar(1000) DEFAULT NULL,
  `TARGET` varchar(1000) DEFAULT NULL,
  `COMPANY` varchar(100) NOT NULL,
  `USER_IN` varchar(100) NOT NULL,
  `USER_UP` varchar(100) DEFAULT NULL,
  `USER_DE` varchar(100) DEFAULT NULL,
  `TIME_IN` timestamp NOT NULL,
  `TIME_UP` timestamp NULL DEFAULT NULL,
  `TIME_DE` timestamp NULL DEFAULT NULL,
  `SBI_VERSION_IN` varchar(10) DEFAULT NULL,
  `SBI_VERSION_UP` varchar(10) DEFAULT NULL,
  `SBI_VERSION_DE` varchar(10) DEFAULT NULL,
  `META_VERSION` varchar(100) DEFAULT NULL,
  `ORGANIZATION` varchar(20) DEFAULT NULL,
  PRIMARY KEY (`ID`),
  UNIQUE KEY `XIF1SBI_ORG_UNIT_HIERARCHIES` (`LABEL`,`COMPANY`,`ORGANIZATION`)
) ENGINE=InnoDB DEFAULT CHARSET=latin1;
/*!40101 SET character_set_client = @saved_cs_client */;

--
-- Dumping data for table `SBI_ORG_UNIT_HIERARCHIES`
--

LOCK TABLES `SBI_ORG_UNIT_HIERARCHIES` WRITE;
/*!40000 ALTER TABLE `SBI_ORG_UNIT_HIERARCHIES` DISABLE KEYS */;
/*!40000 ALTER TABLE `SBI_ORG_UNIT_HIERARCHIES` ENABLE KEYS */;
UNLOCK TABLES;

--
-- Table structure for table `SBI_ORG_UNIT_NODES`
--

DROP TABLE IF EXISTS `SBI_ORG_UNIT_NODES`;
/*!40101 SET @saved_cs_client     = @@character_set_client */;
/*!40101 SET character_set_client = utf8 */;
CREATE TABLE `SBI_ORG_UNIT_NODES` (
  `NODE_ID` int(11) NOT NULL,
  `OU_ID` int(11) NOT NULL,
  `HIERARCHY_ID` int(11) NOT NULL,
  `PARENT_NODE_ID` int(11) DEFAULT NULL,
  `PATH` varchar(4000) NOT NULL,
  `USER_IN` varchar(100) NOT NULL,
  `USER_UP` varchar(100) DEFAULT NULL,
  `USER_DE` varchar(100) DEFAULT NULL,
  `TIME_IN` timestamp NOT NULL,
  `TIME_UP` timestamp NULL DEFAULT NULL,
  `TIME_DE` timestamp NULL DEFAULT NULL,
  `SBI_VERSION_IN` varchar(10) DEFAULT NULL,
  `SBI_VERSION_UP` varchar(10) DEFAULT NULL,
  `SBI_VERSION_DE` varchar(10) DEFAULT NULL,
  `META_VERSION` varchar(100) DEFAULT NULL,
  `ORGANIZATION` varchar(20) DEFAULT NULL,
  PRIMARY KEY (`NODE_ID`),
  KEY `FK_SBI_ORG_UNIT_NODES_1` (`OU_ID`),
  KEY `FK_SBI_ORG_UNIT_NODES_2` (`HIERARCHY_ID`),
  KEY `FK_SBI_ORG_UNIT_NODES_3` (`PARENT_NODE_ID`),
  CONSTRAINT `FK_SBI_ORG_UNIT_NODES_1` FOREIGN KEY (`OU_ID`) REFERENCES `SBI_ORG_UNIT` (`ID`) ON DELETE CASCADE,
  CONSTRAINT `FK_SBI_ORG_UNIT_NODES_2` FOREIGN KEY (`HIERARCHY_ID`) REFERENCES `SBI_ORG_UNIT_HIERARCHIES` (`ID`) ON DELETE CASCADE,
  CONSTRAINT `FK_SBI_ORG_UNIT_NODES_3` FOREIGN KEY (`PARENT_NODE_ID`) REFERENCES `SBI_ORG_UNIT_NODES` (`NODE_ID`) ON DELETE CASCADE
) ENGINE=InnoDB DEFAULT CHARSET=latin1;
/*!40101 SET character_set_client = @saved_cs_client */;

--
-- Dumping data for table `SBI_ORG_UNIT_NODES`
--

LOCK TABLES `SBI_ORG_UNIT_NODES` WRITE;
/*!40000 ALTER TABLE `SBI_ORG_UNIT_NODES` DISABLE KEYS */;
/*!40000 ALTER TABLE `SBI_ORG_UNIT_NODES` ENABLE KEYS */;
UNLOCK TABLES;

--
-- Table structure for table `SBI_PARAMETERS`
--

DROP TABLE IF EXISTS `SBI_PARAMETERS`;
/*!40101 SET @saved_cs_client     = @@character_set_client */;
/*!40101 SET character_set_client = utf8 */;
CREATE TABLE `SBI_PARAMETERS` (
  `PAR_ID` int(11) NOT NULL,
  `DESCR` varchar(160) DEFAULT NULL,
  `LENGTH` smallint(6) NOT NULL,
  `LABEL` varchar(20) NOT NULL,
  `PAR_TYPE_CD` varchar(20) NOT NULL,
  `MASK` varchar(20) DEFAULT NULL,
  `PAR_TYPE_ID` int(11) NOT NULL,
  `NAME` varchar(40) NOT NULL,
  `FUNCTIONAL_FLAG` smallint(6) NOT NULL DEFAULT '1',
  `TEMPORAL_FLAG` smallint(6) NOT NULL DEFAULT '0',
  `USER_IN` varchar(100) NOT NULL,
  `USER_UP` varchar(100) DEFAULT NULL,
  `USER_DE` varchar(100) DEFAULT NULL,
  `TIME_IN` timestamp NOT NULL,
  `TIME_UP` timestamp NULL DEFAULT NULL,
  `TIME_DE` timestamp NULL DEFAULT NULL,
  `SBI_VERSION_IN` varchar(10) DEFAULT NULL,
  `SBI_VERSION_UP` varchar(10) DEFAULT NULL,
  `SBI_VERSION_DE` varchar(10) DEFAULT NULL,
  `META_VERSION` varchar(100) DEFAULT NULL,
  `ORGANIZATION` varchar(20) DEFAULT NULL,
  PRIMARY KEY (`PAR_ID`),
  UNIQUE KEY `XAK1SBI_PARAMETERS` (`LABEL`,`ORGANIZATION`),
  KEY `FK_SBI_PARAMETERS_1` (`PAR_TYPE_ID`),
  CONSTRAINT `FK_SBI_PARAMETERS_1` FOREIGN KEY (`PAR_TYPE_ID`) REFERENCES `SBI_DOMAINS` (`VALUE_ID`)
) ENGINE=InnoDB DEFAULT CHARSET=latin1;
/*!40101 SET character_set_client = @saved_cs_client */;

--
-- Dumping data for table `SBI_PARAMETERS`
--

LOCK TABLES `SBI_PARAMETERS` WRITE;
/*!40000 ALTER TABLE `SBI_PARAMETERS` DISABLE KEYS */;
/*!40000 ALTER TABLE `SBI_PARAMETERS` ENABLE KEYS */;
UNLOCK TABLES;

--
-- Table structure for table `SBI_PARUSE`
--

DROP TABLE IF EXISTS `SBI_PARUSE`;
/*!40101 SET @saved_cs_client     = @@character_set_client */;
/*!40101 SET character_set_client = utf8 */;
CREATE TABLE `SBI_PARUSE` (
  `USE_ID` int(11) NOT NULL,
  `LOV_ID` int(11) DEFAULT NULL,
  `DEFAULT_LOV_ID` int(11) DEFAULT NULL,
  `DEFAULT_FORMULA` varchar(4000) DEFAULT NULL,
  `LABEL` varchar(20) NOT NULL,
  `DESCR` varchar(160) DEFAULT NULL,
  `PAR_ID` int(11) NOT NULL,
  `NAME` varchar(40) NOT NULL,
  `MAN_IN` int(11) NOT NULL,
  `MAXIMIZER_ENABLED` tinyint(1) DEFAULT '0',
  `SELECTION_TYPE` varchar(20) DEFAULT 'LIST',
  `MULTIVALUE_FLAG` int(11) DEFAULT '0',
  `USER_IN` varchar(100) NOT NULL,
  `USER_UP` varchar(100) DEFAULT NULL,
  `USER_DE` varchar(100) DEFAULT NULL,
  `TIME_IN` timestamp NOT NULL,
  `TIME_UP` timestamp NULL DEFAULT NULL,
  `TIME_DE` timestamp NULL DEFAULT NULL,
  `SBI_VERSION_IN` varchar(10) DEFAULT NULL,
  `SBI_VERSION_UP` varchar(10) DEFAULT NULL,
  `SBI_VERSION_DE` varchar(10) DEFAULT NULL,
  `META_VERSION` varchar(100) DEFAULT NULL,
  `ORGANIZATION` varchar(20) DEFAULT NULL,
  PRIMARY KEY (`USE_ID`),
  UNIQUE KEY `XAK1SBI_PARUSE` (`PAR_ID`,`LABEL`),
  KEY `FK_SBI_PARUSE_2` (`LOV_ID`),
  KEY `FK_SBI_PARUSE_3` (`DEFAULT_LOV_ID`),
  CONSTRAINT `FK_SBI_PARUSE_1` FOREIGN KEY (`PAR_ID`) REFERENCES `SBI_PARAMETERS` (`PAR_ID`),
  CONSTRAINT `FK_SBI_PARUSE_2` FOREIGN KEY (`LOV_ID`) REFERENCES `SBI_LOV` (`LOV_ID`),
  CONSTRAINT `FK_SBI_PARUSE_3` FOREIGN KEY (`DEFAULT_LOV_ID`) REFERENCES `SBI_LOV` (`LOV_ID`)
) ENGINE=InnoDB DEFAULT CHARSET=latin1;
/*!40101 SET character_set_client = @saved_cs_client */;

--
-- Dumping data for table `SBI_PARUSE`
--

LOCK TABLES `SBI_PARUSE` WRITE;
/*!40000 ALTER TABLE `SBI_PARUSE` DISABLE KEYS */;
/*!40000 ALTER TABLE `SBI_PARUSE` ENABLE KEYS */;
UNLOCK TABLES;

--
-- Table structure for table `SBI_PARUSE_CK`
--

DROP TABLE IF EXISTS `SBI_PARUSE_CK`;
/*!40101 SET @saved_cs_client     = @@character_set_client */;
/*!40101 SET character_set_client = utf8 */;
CREATE TABLE `SBI_PARUSE_CK` (
  `CHECK_ID` int(11) NOT NULL,
  `USE_ID` int(11) NOT NULL,
  `PROG` int(11) DEFAULT NULL,
  `USER_IN` varchar(100) NOT NULL,
  `USER_UP` varchar(100) DEFAULT NULL,
  `USER_DE` varchar(100) DEFAULT NULL,
  `TIME_IN` timestamp NOT NULL,
  `TIME_UP` timestamp NULL DEFAULT NULL,
  `TIME_DE` timestamp NULL DEFAULT NULL,
  `SBI_VERSION_IN` varchar(10) DEFAULT NULL,
  `SBI_VERSION_UP` varchar(10) DEFAULT NULL,
  `SBI_VERSION_DE` varchar(10) DEFAULT NULL,
  `META_VERSION` varchar(100) DEFAULT NULL,
  `ORGANIZATION` varchar(20) DEFAULT NULL,
  PRIMARY KEY (`USE_ID`,`CHECK_ID`),
  KEY `FK_SBI_PARUSE_CK_2` (`CHECK_ID`),
  CONSTRAINT `FK_SBI_PARUSE_CK_1` FOREIGN KEY (`USE_ID`) REFERENCES `SBI_PARUSE` (`USE_ID`),
  CONSTRAINT `FK_SBI_PARUSE_CK_2` FOREIGN KEY (`CHECK_ID`) REFERENCES `SBI_CHECKS` (`CHECK_ID`)
) ENGINE=InnoDB DEFAULT CHARSET=latin1;
/*!40101 SET character_set_client = @saved_cs_client */;

--
-- Dumping data for table `SBI_PARUSE_CK`
--

LOCK TABLES `SBI_PARUSE_CK` WRITE;
/*!40000 ALTER TABLE `SBI_PARUSE_CK` DISABLE KEYS */;
/*!40000 ALTER TABLE `SBI_PARUSE_CK` ENABLE KEYS */;
UNLOCK TABLES;

--
-- Table structure for table `SBI_PARUSE_DET`
--

DROP TABLE IF EXISTS `SBI_PARUSE_DET`;
/*!40101 SET @saved_cs_client     = @@character_set_client */;
/*!40101 SET character_set_client = utf8 */;
CREATE TABLE `SBI_PARUSE_DET` (
  `EXT_ROLE_ID` int(11) NOT NULL,
  `PROG` int(11) DEFAULT NULL,
  `USE_ID` int(11) NOT NULL,
  `HIDDEN_FL` smallint(6) DEFAULT NULL,
  `DEFAULT_VAL` varchar(40) DEFAULT NULL,
  `USER_IN` varchar(100) NOT NULL,
  `USER_UP` varchar(100) DEFAULT NULL,
  `USER_DE` varchar(100) DEFAULT NULL,
  `TIME_IN` timestamp NOT NULL,
  `TIME_UP` timestamp NULL DEFAULT NULL,
  `TIME_DE` timestamp NULL DEFAULT NULL,
  `SBI_VERSION_IN` varchar(10) DEFAULT NULL,
  `SBI_VERSION_UP` varchar(10) DEFAULT NULL,
  `SBI_VERSION_DE` varchar(10) DEFAULT NULL,
  `META_VERSION` varchar(100) DEFAULT NULL,
  `ORGANIZATION` varchar(20) DEFAULT NULL,
  PRIMARY KEY (`USE_ID`,`EXT_ROLE_ID`),
  KEY `FK_SBI_PARUSE_DET_2` (`EXT_ROLE_ID`),
  CONSTRAINT `FK_SBI_PARUSE_DET_1` FOREIGN KEY (`USE_ID`) REFERENCES `SBI_PARUSE` (`USE_ID`),
  CONSTRAINT `FK_SBI_PARUSE_DET_2` FOREIGN KEY (`EXT_ROLE_ID`) REFERENCES `SBI_EXT_ROLES` (`EXT_ROLE_ID`)
) ENGINE=InnoDB DEFAULT CHARSET=latin1;
/*!40101 SET character_set_client = @saved_cs_client */;

--
-- Dumping data for table `SBI_PARUSE_DET`
--

LOCK TABLES `SBI_PARUSE_DET` WRITE;
/*!40000 ALTER TABLE `SBI_PARUSE_DET` DISABLE KEYS */;
/*!40000 ALTER TABLE `SBI_PARUSE_DET` ENABLE KEYS */;
UNLOCK TABLES;

--
-- Table structure for table `SBI_PROGRESS_THREAD`
--

DROP TABLE IF EXISTS `SBI_PROGRESS_THREAD`;
/*!40101 SET @saved_cs_client     = @@character_set_client */;
/*!40101 SET character_set_client = utf8 */;
CREATE TABLE `SBI_PROGRESS_THREAD` (
  `PROGRESS_THREAD_ID` int(11) NOT NULL,
  `USER_ID` varchar(100) NOT NULL,
  `PARTIAL` int(11) DEFAULT NULL,
  `TOTAL` int(11) DEFAULT NULL,
  `FUNCTION_CD` varchar(200) DEFAULT NULL,
  `STATUS` varchar(4000) DEFAULT NULL,
  `RANDOM_KEY` varchar(4000) DEFAULT NULL,
  `TYPE` varchar(200) DEFAULT NULL,
  PRIMARY KEY (`PROGRESS_THREAD_ID`)
) ENGINE=InnoDB DEFAULT CHARSET=latin1;
/*!40101 SET character_set_client = @saved_cs_client */;

--
-- Dumping data for table `SBI_PROGRESS_THREAD`
--

LOCK TABLES `SBI_PROGRESS_THREAD` WRITE;
/*!40000 ALTER TABLE `SBI_PROGRESS_THREAD` DISABLE KEYS */;
/*!40000 ALTER TABLE `SBI_PROGRESS_THREAD` ENABLE KEYS */;
UNLOCK TABLES;

--
-- Table structure for table `SBI_REMEMBER_ME`
--

DROP TABLE IF EXISTS `SBI_REMEMBER_ME`;
/*!40101 SET @saved_cs_client     = @@character_set_client */;
/*!40101 SET character_set_client = utf8 */;
CREATE TABLE `SBI_REMEMBER_ME` (
  `ID` int(11) NOT NULL,
  `NAME` varchar(50) NOT NULL,
  `DESCRIPTION` text,
  `USERNAME` varchar(40) NOT NULL,
  `BIOBJ_ID` int(11) NOT NULL,
  `SUBOBJ_ID` int(11) DEFAULT NULL,
  `PARAMETERS` text,
  `USER_IN` varchar(100) NOT NULL,
  `USER_UP` varchar(100) DEFAULT NULL,
  `USER_DE` varchar(100) DEFAULT NULL,
  `TIME_IN` timestamp NOT NULL,
  `TIME_UP` timestamp NULL DEFAULT NULL,
  `TIME_DE` timestamp NULL DEFAULT NULL,
  `SBI_VERSION_IN` varchar(10) DEFAULT NULL,
  `SBI_VERSION_UP` varchar(10) DEFAULT NULL,
  `SBI_VERSION_DE` varchar(10) DEFAULT NULL,
  `META_VERSION` varchar(100) DEFAULT NULL,
  `ORGANIZATION` varchar(20) DEFAULT NULL,
  PRIMARY KEY (`ID`),
  KEY `FK_SBI_REMEMBER_ME_1` (`BIOBJ_ID`),
  KEY `FK_SBI_REMEMBER_ME_2` (`SUBOBJ_ID`),
  CONSTRAINT `FK_SBI_REMEMBER_ME_1` FOREIGN KEY (`BIOBJ_ID`) REFERENCES `SBI_OBJECTS` (`BIOBJ_ID`) ON DELETE CASCADE,
  CONSTRAINT `FK_SBI_REMEMBER_ME_2` FOREIGN KEY (`SUBOBJ_ID`) REFERENCES `SBI_SUBOBJECTS` (`SUBOBJ_ID`) ON DELETE CASCADE
) ENGINE=InnoDB DEFAULT CHARSET=latin1;
/*!40101 SET character_set_client = @saved_cs_client */;

--
-- Dumping data for table `SBI_REMEMBER_ME`
--

LOCK TABLES `SBI_REMEMBER_ME` WRITE;
/*!40000 ALTER TABLE `SBI_REMEMBER_ME` DISABLE KEYS */;
/*!40000 ALTER TABLE `SBI_REMEMBER_ME` ENABLE KEYS */;
UNLOCK TABLES;

--
-- Table structure for table `SBI_RESOURCES`
--

DROP TABLE IF EXISTS `SBI_RESOURCES`;
/*!40101 SET @saved_cs_client     = @@character_set_client */;
/*!40101 SET character_set_client = utf8 */;
CREATE TABLE `SBI_RESOURCES` (
  `RESOURCE_ID` int(11) NOT NULL,
  `RESOURCE_TYPE_ID` int(11) NOT NULL,
  `TABLE_NAME` varchar(40) DEFAULT NULL,
  `COLUMN_NAME` varchar(40) DEFAULT NULL,
  `RESOURCE_NAME` varchar(200) NOT NULL,
  `RESOURCE_DESCR` varchar(400) DEFAULT NULL,
  `RESOURCE_CODE` varchar(45) NOT NULL,
  `USER_IN` varchar(100) NOT NULL,
  `USER_UP` varchar(100) DEFAULT NULL,
  `USER_DE` varchar(100) DEFAULT NULL,
  `TIME_IN` timestamp NOT NULL,
  `TIME_UP` timestamp NULL DEFAULT NULL,
  `TIME_DE` timestamp NULL DEFAULT NULL,
  `SBI_VERSION_IN` varchar(10) DEFAULT NULL,
  `SBI_VERSION_UP` varchar(10) DEFAULT NULL,
  `SBI_VERSION_DE` varchar(10) DEFAULT NULL,
  `META_VERSION` varchar(100) DEFAULT NULL,
  `ORGANIZATION` varchar(20) DEFAULT NULL,
  PRIMARY KEY (`RESOURCE_ID`),
  UNIQUE KEY `XIF1SBI_RESOURCES` (`RESOURCE_CODE`,`ORGANIZATION`),
  KEY `FK_SBI_RESOURCES_1` (`RESOURCE_TYPE_ID`),
  CONSTRAINT `FK_SBI_RESOURCES_1` FOREIGN KEY (`RESOURCE_TYPE_ID`) REFERENCES `SBI_DOMAINS` (`VALUE_ID`)
) ENGINE=InnoDB DEFAULT CHARSET=latin1;
/*!40101 SET character_set_client = @saved_cs_client */;

--
-- Dumping data for table `SBI_RESOURCES`
--

LOCK TABLES `SBI_RESOURCES` WRITE;
/*!40000 ALTER TABLE `SBI_RESOURCES` DISABLE KEYS */;
/*!40000 ALTER TABLE `SBI_RESOURCES` ENABLE KEYS */;
UNLOCK TABLES;

--
-- Table structure for table `SBI_ROLE_TYPE_USER_FUNC`
--

DROP TABLE IF EXISTS `SBI_ROLE_TYPE_USER_FUNC`;
/*!40101 SET @saved_cs_client     = @@character_set_client */;
/*!40101 SET character_set_client = utf8 */;
CREATE TABLE `SBI_ROLE_TYPE_USER_FUNC` (
  `ROLE_TYPE_ID` int(11) NOT NULL,
  `USER_FUNCT_ID` int(11) NOT NULL,
  PRIMARY KEY (`ROLE_TYPE_ID`,`USER_FUNCT_ID`),
  KEY `FK_SBI_ROLE_TYPE_USER_FUNC_2` (`USER_FUNCT_ID`),
  CONSTRAINT `FK_SBI_ROLE_TYPE_USER_FUNC_1` FOREIGN KEY (`ROLE_TYPE_ID`) REFERENCES `SBI_DOMAINS` (`VALUE_ID`),
  CONSTRAINT `FK_SBI_ROLE_TYPE_USER_FUNC_2` FOREIGN KEY (`USER_FUNCT_ID`) REFERENCES `SBI_USER_FUNC` (`USER_FUNCT_ID`)
) ENGINE=InnoDB DEFAULT CHARSET=latin1;
/*!40101 SET character_set_client = @saved_cs_client */;

--
-- Dumping data for table `SBI_ROLE_TYPE_USER_FUNC`
--

LOCK TABLES `SBI_ROLE_TYPE_USER_FUNC` WRITE;
/*!40000 ALTER TABLE `SBI_ROLE_TYPE_USER_FUNC` DISABLE KEYS */;
INSERT INTO `SBI_ROLE_TYPE_USER_FUNC` VALUES (32,1),(32,2),(32,3),(32,4),(35,4),(32,5),(35,5),(32,6),(35,6),(32,7),(32,8),(33,8),(32,9),(34,9),(32,10),(32,11),(32,12),(31,13),(32,13),(33,13),(34,13),(32,14),(33,14),(31,15),(32,15),(33,15),(34,15),(32,16),(33,16),(32,17),(33,17),(32,18),(33,18),(32,19),(32,20),(33,20),(32,21),(31,22),(32,22),(33,22),(34,22),(32,23),(33,23),(32,24),(32,25),(33,25),(32,26),(31,27),(32,27),(33,27),(34,27),(32,28),(33,28),(31,29),(32,29),(33,29),(34,29),(32,30),(33,30),(35,30),(32,31),(33,31),(35,31),(32,32),(33,32),(35,32),(32,33),(33,33),(32,34),(34,34),(32,35),(33,35),(34,35),(32,36),(32,37),(31,38),(32,38),(33,38),(34,38),(35,38),(32,39),(35,39),(32,40),(32,41),(32,42),(32,43),(32,44),(31,45),(32,45),(33,45),(34,45),(32,46),(32,47),(31,48),(32,48),(33,48),(34,48),(35,48),(31,49),(32,49),(33,49),(34,49),(35,49),(31,50),(32,50),(33,50),(34,50),(35,50),(31,51),(32,51),(33,51),(34,51),(35,51),(32,52),(31,53),(32,53),(33,53),(34,53),(35,53),(32,54),(32,55);
/*!40000 ALTER TABLE `SBI_ROLE_TYPE_USER_FUNC` ENABLE KEYS */;
UNLOCK TABLES;

--
-- Table structure for table `SBI_SNAPSHOTS`
--

DROP TABLE IF EXISTS `SBI_SNAPSHOTS`;
/*!40101 SET @saved_cs_client     = @@character_set_client */;
/*!40101 SET character_set_client = utf8 */;
CREATE TABLE `SBI_SNAPSHOTS` (
  `SNAP_ID` int(11) NOT NULL,
  `BIOBJ_ID` int(11) DEFAULT NULL,
  `BIN_ID` int(11) DEFAULT NULL,
  `NAME` varchar(100) DEFAULT NULL,
  `DESCRIPTION` varchar(1000) DEFAULT NULL,
  `CREATION_DATE` timestamp NOT NULL,
  `USER_IN` varchar(100) NOT NULL,
  `USER_UP` varchar(100) DEFAULT NULL,
  `USER_DE` varchar(100) DEFAULT NULL,
  `TIME_IN` timestamp NOT NULL,
  `TIME_UP` timestamp NULL DEFAULT NULL,
  `TIME_DE` timestamp NULL DEFAULT NULL,
  `SBI_VERSION_IN` varchar(10) DEFAULT NULL,
  `SBI_VERSION_UP` varchar(10) DEFAULT NULL,
  `SBI_VERSION_DE` varchar(10) DEFAULT NULL,
  `META_VERSION` varchar(100) DEFAULT NULL,
  `ORGANIZATION` varchar(20) DEFAULT NULL,
  `CONTENT_TYPE` varchar(300) DEFAULT NULL,
  PRIMARY KEY (`SNAP_ID`),
  KEY `FK_SBI_SNAPSHOTS_1` (`BIN_ID`),
  KEY `FK_SBI_SNAPSHOTS_2` (`BIOBJ_ID`),
  CONSTRAINT `FK_SBI_SNAPSHOTS_1` FOREIGN KEY (`BIN_ID`) REFERENCES `SBI_BINARY_CONTENTS` (`BIN_ID`),
  CONSTRAINT `FK_SBI_SNAPSHOTS_2` FOREIGN KEY (`BIOBJ_ID`) REFERENCES `SBI_OBJECTS` (`BIOBJ_ID`)
) ENGINE=InnoDB DEFAULT CHARSET=latin1;
/*!40101 SET character_set_client = @saved_cs_client */;

--
-- Dumping data for table `SBI_SNAPSHOTS`
--

LOCK TABLES `SBI_SNAPSHOTS` WRITE;
/*!40000 ALTER TABLE `SBI_SNAPSHOTS` DISABLE KEYS */;
/*!40000 ALTER TABLE `SBI_SNAPSHOTS` ENABLE KEYS */;
UNLOCK TABLES;

--
-- Table structure for table `SBI_SUBOBJECTS`
--

DROP TABLE IF EXISTS `SBI_SUBOBJECTS`;
/*!40101 SET @saved_cs_client     = @@character_set_client */;
/*!40101 SET character_set_client = utf8 */;
CREATE TABLE `SBI_SUBOBJECTS` (
  `SUBOBJ_ID` int(11) NOT NULL,
  `BIOBJ_ID` int(11) DEFAULT NULL,
  `BIN_ID` int(11) DEFAULT NULL,
  `NAME` varchar(50) NOT NULL,
  `DESCRIPTION` varchar(100) DEFAULT NULL,
  `OWNER` varchar(50) DEFAULT NULL,
  `ISPUBLIC` tinyint(1) DEFAULT NULL,
  `CREATION_DATE` timestamp NOT NULL,
  `LAST_CHANGE_DATE` timestamp NOT NULL,
  `USER_IN` varchar(100) NOT NULL,
  `USER_UP` varchar(100) DEFAULT NULL,
  `USER_DE` varchar(100) DEFAULT NULL,
  `TIME_IN` timestamp NOT NULL,
  `TIME_UP` timestamp NULL DEFAULT NULL,
  `TIME_DE` timestamp NULL DEFAULT NULL,
  `SBI_VERSION_IN` varchar(10) DEFAULT NULL,
  `SBI_VERSION_UP` varchar(10) DEFAULT NULL,
  `SBI_VERSION_DE` varchar(10) DEFAULT NULL,
  `META_VERSION` varchar(100) DEFAULT NULL,
  `ORGANIZATION` varchar(20) DEFAULT NULL,
  PRIMARY KEY (`SUBOBJ_ID`),
  KEY `FK_SBI_SUBOBJECTS_1` (`BIN_ID`),
  KEY `FK_SBI_SUBOBJECTS_2` (`BIOBJ_ID`),
  CONSTRAINT `FK_SBI_SUBOBJECTS_1` FOREIGN KEY (`BIN_ID`) REFERENCES `SBI_BINARY_CONTENTS` (`BIN_ID`),
  CONSTRAINT `FK_SBI_SUBOBJECTS_2` FOREIGN KEY (`BIOBJ_ID`) REFERENCES `SBI_OBJECTS` (`BIOBJ_ID`)
) ENGINE=InnoDB DEFAULT CHARSET=latin1;
/*!40101 SET character_set_client = @saved_cs_client */;

--
-- Dumping data for table `SBI_SUBOBJECTS`
--

LOCK TABLES `SBI_SUBOBJECTS` WRITE;
/*!40000 ALTER TABLE `SBI_SUBOBJECTS` DISABLE KEYS */;
/*!40000 ALTER TABLE `SBI_SUBOBJECTS` ENABLE KEYS */;
UNLOCK TABLES;

--
-- Table structure for table `SBI_SUBREPORTS`
--

DROP TABLE IF EXISTS `SBI_SUBREPORTS`;
/*!40101 SET @saved_cs_client     = @@character_set_client */;
/*!40101 SET character_set_client = utf8 */;
CREATE TABLE `SBI_SUBREPORTS` (
  `MASTER_RPT_ID` int(11) NOT NULL,
  `SUB_RPT_ID` int(11) NOT NULL,
  `USER_IN` varchar(100) NOT NULL,
  `USER_UP` varchar(100) DEFAULT NULL,
  `USER_DE` varchar(100) DEFAULT NULL,
  `TIME_IN` timestamp NOT NULL,
  `TIME_UP` timestamp NULL DEFAULT NULL,
  `TIME_DE` timestamp NULL DEFAULT NULL,
  `SBI_VERSION_IN` varchar(10) DEFAULT NULL,
  `SBI_VERSION_UP` varchar(10) DEFAULT NULL,
  `SBI_VERSION_DE` varchar(10) DEFAULT NULL,
  `META_VERSION` varchar(100) DEFAULT NULL,
  `ORGANIZATION` varchar(20) DEFAULT NULL,
  PRIMARY KEY (`MASTER_RPT_ID`,`SUB_RPT_ID`),
  KEY `FK_SBI_SUBREPORTS_2` (`SUB_RPT_ID`),
  CONSTRAINT `FK_SBI_SUBREPORTS_1` FOREIGN KEY (`MASTER_RPT_ID`) REFERENCES `SBI_OBJECTS` (`BIOBJ_ID`),
  CONSTRAINT `FK_SBI_SUBREPORTS_2` FOREIGN KEY (`SUB_RPT_ID`) REFERENCES `SBI_OBJECTS` (`BIOBJ_ID`)
) ENGINE=InnoDB DEFAULT CHARSET=latin1;
/*!40101 SET character_set_client = @saved_cs_client */;

--
-- Dumping data for table `SBI_SUBREPORTS`
--

LOCK TABLES `SBI_SUBREPORTS` WRITE;
/*!40000 ALTER TABLE `SBI_SUBREPORTS` DISABLE KEYS */;
/*!40000 ALTER TABLE `SBI_SUBREPORTS` ENABLE KEYS */;
UNLOCK TABLES;

--
-- Table structure for table `SBI_THRESHOLD`
--

DROP TABLE IF EXISTS `SBI_THRESHOLD`;
/*!40101 SET @saved_cs_client     = @@character_set_client */;
/*!40101 SET character_set_client = utf8 */;
CREATE TABLE `SBI_THRESHOLD` (
  `THRESHOLD_ID` int(11) NOT NULL,
  `THRESHOLD_TYPE_ID` int(11) NOT NULL,
  `NAME` varchar(400) DEFAULT NULL,
  `DESCRIPTION` varchar(1000) DEFAULT NULL,
  `CODE` varchar(45) NOT NULL,
  `USER_IN` varchar(100) NOT NULL,
  `USER_UP` varchar(100) DEFAULT NULL,
  `USER_DE` varchar(100) DEFAULT NULL,
  `TIME_IN` timestamp NOT NULL,
  `TIME_UP` timestamp NULL DEFAULT NULL,
  `TIME_DE` timestamp NULL DEFAULT NULL,
  `SBI_VERSION_IN` varchar(10) DEFAULT NULL,
  `SBI_VERSION_UP` varchar(10) DEFAULT NULL,
  `SBI_VERSION_DE` varchar(10) DEFAULT NULL,
  `META_VERSION` varchar(100) DEFAULT NULL,
  `ORGANIZATION` varchar(20) DEFAULT NULL,
  PRIMARY KEY (`THRESHOLD_ID`),
  UNIQUE KEY `XIF1SBI_THRESHOLD` (`CODE`,`ORGANIZATION`),
  KEY `FK_SBI_THRESHOLD_1` (`THRESHOLD_TYPE_ID`),
  CONSTRAINT `FK_SBI_THRESHOLD_1` FOREIGN KEY (`THRESHOLD_TYPE_ID`) REFERENCES `SBI_DOMAINS` (`VALUE_ID`)
) ENGINE=InnoDB DEFAULT CHARSET=latin1;
/*!40101 SET character_set_client = @saved_cs_client */;

--
-- Dumping data for table `SBI_THRESHOLD`
--

LOCK TABLES `SBI_THRESHOLD` WRITE;
/*!40000 ALTER TABLE `SBI_THRESHOLD` DISABLE KEYS */;
/*!40000 ALTER TABLE `SBI_THRESHOLD` ENABLE KEYS */;
UNLOCK TABLES;

--
-- Table structure for table `SBI_THRESHOLD_VALUE`
--

DROP TABLE IF EXISTS `SBI_THRESHOLD_VALUE`;
/*!40101 SET @saved_cs_client     = @@character_set_client */;
/*!40101 SET character_set_client = utf8 */;
CREATE TABLE `SBI_THRESHOLD_VALUE` (
  `ID_THRESHOLD_VALUE` int(11) NOT NULL,
  `THRESHOLD_ID` int(11) NOT NULL,
  `SEVERITY_ID` int(11) DEFAULT NULL,
  `POSITION` int(11) DEFAULT NULL,
  `MIN_VALUE` double DEFAULT NULL,
  `MAX_VALUE` double DEFAULT NULL,
  `LABEL` varchar(20) NOT NULL,
  `COLOUR` varchar(20) DEFAULT NULL,
  `MIN_CLOSED` tinyint(1) DEFAULT NULL,
  `MAX_CLOSED` tinyint(1) DEFAULT NULL,
  `TH_VALUE` double DEFAULT NULL,
  `USER_IN` varchar(100) NOT NULL,
  `USER_UP` varchar(100) DEFAULT NULL,
  `USER_DE` varchar(100) DEFAULT NULL,
  `TIME_IN` timestamp NOT NULL,
  `TIME_UP` timestamp NULL DEFAULT NULL,
  `TIME_DE` timestamp NULL DEFAULT NULL,
  `SBI_VERSION_IN` varchar(10) DEFAULT NULL,
  `SBI_VERSION_UP` varchar(10) DEFAULT NULL,
  `SBI_VERSION_DE` varchar(10) DEFAULT NULL,
  `META_VERSION` varchar(100) DEFAULT NULL,
  `ORGANIZATION` varchar(20) DEFAULT NULL,
  PRIMARY KEY (`ID_THRESHOLD_VALUE`),
  UNIQUE KEY `XIF1SBI_THRESHOLD_VALUE` (`LABEL`,`THRESHOLD_ID`),
  KEY `SEVERITY_ID` (`SEVERITY_ID`),
  KEY `FK_SBI_THRESHOLD_VALUE_1` (`THRESHOLD_ID`),
  CONSTRAINT `FK_SBI_THRESHOLD_VALUE_1` FOREIGN KEY (`THRESHOLD_ID`) REFERENCES `SBI_THRESHOLD` (`THRESHOLD_ID`) ON DELETE CASCADE ON UPDATE NO ACTION,
  CONSTRAINT `SBI_THRESHOLD_VALUE_ibfk_1` FOREIGN KEY (`SEVERITY_ID`) REFERENCES `SBI_DOMAINS` (`VALUE_ID`)
) ENGINE=InnoDB DEFAULT CHARSET=latin1;
/*!40101 SET character_set_client = @saved_cs_client */;

--
-- Dumping data for table `SBI_THRESHOLD_VALUE`
--

LOCK TABLES `SBI_THRESHOLD_VALUE` WRITE;
/*!40000 ALTER TABLE `SBI_THRESHOLD_VALUE` DISABLE KEYS */;
/*!40000 ALTER TABLE `SBI_THRESHOLD_VALUE` ENABLE KEYS */;
UNLOCK TABLES;

--
-- Table structure for table `SBI_TRIGGER_PAUSED`
--

DROP TABLE IF EXISTS `SBI_TRIGGER_PAUSED`;
/*!40101 SET @saved_cs_client     = @@character_set_client */;
/*!40101 SET character_set_client = utf8 */;
CREATE TABLE `SBI_TRIGGER_PAUSED` (
  `ID` int(11) NOT NULL,
  `TRIGGER_NAME` varchar(80) NOT NULL,
  `TRIGGER_GROUP` varchar(80) NOT NULL,
  `JOB_NAME` varchar(80) NOT NULL,
  `JOB_GROUP` varchar(80) NOT NULL,
  `USER_IN` varchar(100) NOT NULL,
  `USER_UP` varchar(100) DEFAULT NULL,
  `USER_DE` varchar(100) DEFAULT NULL,
  `TIME_IN` timestamp NOT NULL,
  `TIME_UP` timestamp NULL DEFAULT NULL,
  `TIME_DE` timestamp NULL DEFAULT NULL,
  `SBI_VERSION_IN` varchar(10) DEFAULT NULL,
  `SBI_VERSION_UP` varchar(10) DEFAULT NULL,
  `SBI_VERSION_DE` varchar(10) DEFAULT NULL,
  `META_VERSION` varchar(100) DEFAULT NULL,
  `ORGANIZATION` varchar(20) DEFAULT NULL,
  PRIMARY KEY (`ID`),
  UNIQUE KEY `XAK1SBI_TRIGGER_PAUSED` (`TRIGGER_NAME`,`TRIGGER_GROUP`,`JOB_NAME`,`JOB_GROUP`)
) ENGINE=InnoDB DEFAULT CHARSET=latin1;
/*!40101 SET character_set_client = @saved_cs_client */;

--
-- Dumping data for table `SBI_TRIGGER_PAUSED`
--

LOCK TABLES `SBI_TRIGGER_PAUSED` WRITE;
/*!40000 ALTER TABLE `SBI_TRIGGER_PAUSED` DISABLE KEYS */;
/*!40000 ALTER TABLE `SBI_TRIGGER_PAUSED` ENABLE KEYS */;
UNLOCK TABLES;

--
-- Table structure for table `SBI_UDP`
--

DROP TABLE IF EXISTS `SBI_UDP`;
/*!40101 SET @saved_cs_client     = @@character_set_client */;
/*!40101 SET character_set_client = utf8 */;
CREATE TABLE `SBI_UDP` (
  `UDP_ID` int(11) NOT NULL,
  `TYPE_ID` int(11) NOT NULL,
  `FAMILY_ID` int(11) NOT NULL,
  `LABEL` varchar(20) NOT NULL,
  `NAME` varchar(40) NOT NULL,
  `DESCRIPTION` varchar(1000) DEFAULT NULL,
  `IS_MULTIVALUE` tinyint(1) DEFAULT '0',
  `USER_IN` varchar(100) NOT NULL,
  `USER_UP` varchar(100) DEFAULT NULL,
  `USER_DE` varchar(100) DEFAULT NULL,
  `TIME_IN` timestamp NOT NULL,
  `TIME_UP` timestamp NULL DEFAULT NULL,
  `TIME_DE` timestamp NULL DEFAULT NULL,
  `SBI_VERSION_IN` varchar(10) DEFAULT NULL,
  `SBI_VERSION_UP` varchar(10) DEFAULT NULL,
  `SBI_VERSION_DE` varchar(10) DEFAULT NULL,
  `META_VERSION` varchar(100) DEFAULT NULL,
  `ORGANIZATION` varchar(20) DEFAULT NULL,
  PRIMARY KEY (`UDP_ID`),
  UNIQUE KEY `XAK1SBI_UDP` (`LABEL`,`ORGANIZATION`),
  KEY `FK_SBI_SBI_UDP_1` (`TYPE_ID`),
  KEY `FK_SBI_SBI_UDP_2` (`FAMILY_ID`),
  CONSTRAINT `FK_SBI_SBI_UDP_1` FOREIGN KEY (`TYPE_ID`) REFERENCES `SBI_DOMAINS` (`VALUE_ID`),
  CONSTRAINT `FK_SBI_SBI_UDP_2` FOREIGN KEY (`FAMILY_ID`) REFERENCES `SBI_DOMAINS` (`VALUE_ID`)
) ENGINE=InnoDB DEFAULT CHARSET=latin1;
/*!40101 SET character_set_client = @saved_cs_client */;

--
-- Dumping data for table `SBI_UDP`
--

LOCK TABLES `SBI_UDP` WRITE;
/*!40000 ALTER TABLE `SBI_UDP` DISABLE KEYS */;
/*!40000 ALTER TABLE `SBI_UDP` ENABLE KEYS */;
UNLOCK TABLES;

--
-- Table structure for table `SBI_UDP_VALUE`
--

DROP TABLE IF EXISTS `SBI_UDP_VALUE`;
/*!40101 SET @saved_cs_client     = @@character_set_client */;
/*!40101 SET character_set_client = utf8 */;
CREATE TABLE `SBI_UDP_VALUE` (
  `UDP_VALUE_ID` int(11) NOT NULL,
  `UDP_ID` int(11) NOT NULL,
  `VALUE` varchar(1000) DEFAULT NULL,
  `PROG` int(11) DEFAULT NULL,
  `LABEL` varchar(20) DEFAULT NULL,
  `NAME` varchar(40) DEFAULT NULL,
  `FAMILY` varchar(40) DEFAULT NULL,
  `BEGIN_TS` timestamp NOT NULL,
  `END_TS` timestamp NULL DEFAULT NULL,
  `REFERENCE_ID` int(11) DEFAULT NULL,
  `USER_IN` varchar(100) NOT NULL,
  `USER_UP` varchar(100) DEFAULT NULL,
  `USER_DE` varchar(100) DEFAULT NULL,
  `TIME_IN` timestamp NOT NULL,
  `TIME_UP` timestamp NULL DEFAULT NULL,
  `TIME_DE` timestamp NULL DEFAULT NULL,
  `SBI_VERSION_IN` varchar(10) DEFAULT NULL,
  `SBI_VERSION_UP` varchar(10) DEFAULT NULL,
  `SBI_VERSION_DE` varchar(10) DEFAULT NULL,
  `META_VERSION` varchar(100) DEFAULT NULL,
  `ORGANIZATION` varchar(20) DEFAULT NULL,
  PRIMARY KEY (`UDP_VALUE_ID`),
  KEY `FK_SBI_UDP_VALUE_2` (`UDP_ID`),
  CONSTRAINT `FK_SBI_UDP_VALUE_2` FOREIGN KEY (`UDP_ID`) REFERENCES `SBI_UDP` (`UDP_ID`)
) ENGINE=InnoDB DEFAULT CHARSET=latin1;
/*!40101 SET character_set_client = @saved_cs_client */;

--
-- Dumping data for table `SBI_UDP_VALUE`
--

LOCK TABLES `SBI_UDP_VALUE` WRITE;
/*!40000 ALTER TABLE `SBI_UDP_VALUE` DISABLE KEYS */;
/*!40000 ALTER TABLE `SBI_UDP_VALUE` ENABLE KEYS */;
UNLOCK TABLES;

--
-- Table structure for table `SBI_USER`
--

DROP TABLE IF EXISTS `SBI_USER`;
/*!40101 SET @saved_cs_client     = @@character_set_client */;
/*!40101 SET character_set_client = utf8 */;
CREATE TABLE `SBI_USER` (
  `USER_ID` char(100) NOT NULL,
  `PASSWORD` varchar(150) DEFAULT NULL,
  `FULL_NAME` varchar(255) DEFAULT NULL,
  `ID` int(11) NOT NULL,
  `DT_PWD_BEGIN` datetime DEFAULT NULL,
  `DT_PWD_END` datetime DEFAULT NULL,
  `FLG_PWD_BLOCKED` tinyint(1) DEFAULT NULL,
  `DT_LAST_ACCESS` datetime DEFAULT NULL,
  `IS_SUPERADMIN` tinyint(1) DEFAULT '0',
  `USER_IN` varchar(100) NOT NULL,
  `USER_UP` varchar(100) DEFAULT NULL,
  `USER_DE` varchar(100) DEFAULT NULL,
  `TIME_IN` timestamp NOT NULL,
  `TIME_UP` timestamp NULL DEFAULT NULL,
  `TIME_DE` timestamp NULL DEFAULT NULL,
  `SBI_VERSION_IN` varchar(10) DEFAULT NULL,
  `SBI_VERSION_UP` varchar(10) DEFAULT NULL,
  `SBI_VERSION_DE` varchar(10) DEFAULT NULL,
  `META_VERSION` varchar(100) DEFAULT NULL,
  `ORGANIZATION` varchar(20) DEFAULT NULL,
  PRIMARY KEY (`ID`),
  UNIQUE KEY `XAK1SBI_USER` (`USER_ID`)
) ENGINE=InnoDB DEFAULT CHARSET=latin1;
/*!40101 SET character_set_client = @saved_cs_client */;

--
-- Dumping data for table `SBI_USER`
--

LOCK TABLES `SBI_USER` WRITE;
/*!40000 ALTER TABLE `SBI_USER` DISABLE KEYS */;
INSERT INTO `SBI_USER` VALUES ('biadmin','#SHA#nHPmUA7oguQ9LN2lkku6Q0U+0Qg=','SpagoBI Administrator',1,NULL,NULL,NULL,NULL,1,'server',NULL,NULL,'2015-11-27 08:17:43',NULL,NULL,'4.0',NULL,NULL,NULL,'SPAGOBI'),('biuser','#SHA#/rsNSUksRt1BHKBiX+weiI9zJHA=','SpagoBI User',2,NULL,NULL,NULL,NULL,0,'server',NULL,NULL,'2015-11-27 08:17:43',NULL,NULL,'4.0',NULL,NULL,NULL,'SPAGOBI'),('bidemo','#SHA#fopnXBEkTx/VJ6kWZgnFsUALE/E=','SpagoBI Demo User',3,NULL,NULL,NULL,NULL,0,'server',NULL,NULL,'2015-11-27 08:17:43',NULL,NULL,'4.0',NULL,NULL,NULL,'SPAGOBI'),('bitest','#SHA#W71FxoesBeLFG/wcKMIPGTtjmac=','SpagoBI Test User',4,NULL,NULL,NULL,NULL,0,'server',NULL,NULL,'2015-11-27 08:17:43',NULL,NULL,'4.0',NULL,NULL,NULL,'SPAGOBI'),('bidev','#SHA#SxqRhZU9B2tcldDajuQhgdyohHM=','SpagoBI Developer',5,NULL,NULL,NULL,NULL,0,'server',NULL,NULL,'2015-11-27 08:17:43',NULL,NULL,'4.0',NULL,NULL,NULL,'SPAGOBI'),('bam','#SHA#Q95YLu19fRaqMNQgwVizRTDfXzM=','Bam User',6,NULL,NULL,NULL,NULL,0,'server',NULL,NULL,'2015-11-27 08:17:43',NULL,NULL,'4.0',NULL,NULL,NULL,'SPAGOBI');
/*!40000 ALTER TABLE `SBI_USER` ENABLE KEYS */;
UNLOCK TABLES;

--
-- Table structure for table `SBI_USER_ATTRIBUTES`
--

DROP TABLE IF EXISTS `SBI_USER_ATTRIBUTES`;
/*!40101 SET @saved_cs_client     = @@character_set_client */;
/*!40101 SET character_set_client = utf8 */;
CREATE TABLE `SBI_USER_ATTRIBUTES` (
  `ID` int(11) NOT NULL,
  `ATTRIBUTE_ID` int(11) NOT NULL,
  `ATTRIBUTE_VALUE` varchar(500) DEFAULT NULL,
  `USER_IN` varchar(100) NOT NULL,
  `USER_UP` varchar(100) DEFAULT NULL,
  `USER_DE` varchar(100) DEFAULT NULL,
  `TIME_IN` timestamp NOT NULL,
  `TIME_UP` timestamp NULL DEFAULT NULL,
  `TIME_DE` timestamp NULL DEFAULT NULL,
  `SBI_VERSION_IN` varchar(10) DEFAULT NULL,
  `SBI_VERSION_UP` varchar(10) DEFAULT NULL,
  `SBI_VERSION_DE` varchar(10) DEFAULT NULL,
  `META_VERSION` varchar(100) DEFAULT NULL,
  `ORGANIZATION` varchar(20) DEFAULT NULL,
  PRIMARY KEY (`ID`,`ATTRIBUTE_ID`),
  KEY `FK_SBI_USER_ATTRIBUTES_2` (`ATTRIBUTE_ID`),
  CONSTRAINT `FK_SBI_USER_ATTRIBUTES_1` FOREIGN KEY (`ID`) REFERENCES `SBI_USER` (`ID`) ON DELETE CASCADE,
  CONSTRAINT `FK_SBI_USER_ATTRIBUTES_2` FOREIGN KEY (`ATTRIBUTE_ID`) REFERENCES `SBI_ATTRIBUTE` (`ATTRIBUTE_ID`)
) ENGINE=InnoDB DEFAULT CHARSET=latin1;
/*!40101 SET character_set_client = @saved_cs_client */;

--
-- Dumping data for table `SBI_USER_ATTRIBUTES`
--

LOCK TABLES `SBI_USER_ATTRIBUTES` WRITE;
/*!40000 ALTER TABLE `SBI_USER_ATTRIBUTES` DISABLE KEYS */;
INSERT INTO `SBI_USER_ATTRIBUTES` VALUES (1,1,'SpagoBI Administrator','server',NULL,NULL,'2015-11-27 08:17:43',NULL,NULL,'4.0',NULL,NULL,NULL,NULL),(1,5,'admin@eng.it','server',NULL,NULL,'2015-11-27 08:17:43',NULL,NULL,'4.0',NULL,NULL,NULL,NULL),(2,1,'SpagoBI User','server',NULL,NULL,'2015-11-27 08:17:43',NULL,NULL,'4.0',NULL,NULL,NULL,NULL),(3,1,'SpagoBI Demo User','server',NULL,NULL,'2015-11-27 08:17:43',NULL,NULL,'4.0',NULL,NULL,NULL,NULL),(4,1,'SpagoBI TestUser','server',NULL,NULL,'2015-11-27 08:17:43',NULL,NULL,'4.0',NULL,NULL,NULL,NULL),(5,1,'SpagoBI Developer','server',NULL,NULL,'2015-11-27 08:17:43',NULL,NULL,'4.0',NULL,NULL,NULL,NULL),(6,1,'Bam User','server',NULL,NULL,'2015-11-27 08:17:43',NULL,NULL,'4.0',NULL,NULL,NULL,NULL);
/*!40000 ALTER TABLE `SBI_USER_ATTRIBUTES` ENABLE KEYS */;
UNLOCK TABLES;

--
-- Table structure for table `SBI_USER_FUNC`
--

DROP TABLE IF EXISTS `SBI_USER_FUNC`;
/*!40101 SET @saved_cs_client     = @@character_set_client */;
/*!40101 SET character_set_client = utf8 */;
CREATE TABLE `SBI_USER_FUNC` (
  `USER_FUNCT_ID` int(11) NOT NULL,
  `NAME` varchar(50) DEFAULT NULL,
  `DESCRIPTION` varchar(100) DEFAULT NULL,
  `USER_IN` varchar(100) NOT NULL,
  `USER_UP` varchar(100) DEFAULT NULL,
  `USER_DE` varchar(100) DEFAULT NULL,
  `TIME_IN` timestamp NOT NULL,
  `TIME_UP` timestamp NULL DEFAULT NULL,
  `TIME_DE` timestamp NULL DEFAULT NULL,
  `SBI_VERSION_IN` varchar(10) DEFAULT NULL,
  `SBI_VERSION_UP` varchar(10) DEFAULT NULL,
  `SBI_VERSION_DE` varchar(10) DEFAULT NULL,
  `META_VERSION` varchar(100) DEFAULT NULL,
  `ORGANIZATION` varchar(20) DEFAULT NULL,
  PRIMARY KEY (`USER_FUNCT_ID`)
) ENGINE=InnoDB DEFAULT CHARSET=latin1;
/*!40101 SET character_set_client = @saved_cs_client */;

--
-- Dumping data for table `SBI_USER_FUNC`
--

LOCK TABLES `SBI_USER_FUNC` WRITE;
/*!40000 ALTER TABLE `SBI_USER_FUNC` DISABLE KEYS */;
INSERT INTO `SBI_USER_FUNC` VALUES (1,'EnginesManagement','EnginesManagement','server',NULL,NULL,'2015-11-27 08:17:39',NULL,NULL,'4.0',NULL,NULL,NULL,NULL),(2,'ReadEnginesManagement','ReadEnginesManagement','server',NULL,NULL,'2015-11-27 08:17:39',NULL,NULL,'4.0',NULL,NULL,NULL,NULL),(3,'FunctionalitiesManagement','FunctionalitiesManagement','server',NULL,NULL,'2015-11-27 08:17:39',NULL,NULL,'4.0',NULL,NULL,NULL,NULL),(4,'LovsManagement','LovsManagement','server',NULL,NULL,'2015-11-27 08:17:39',NULL,NULL,'4.0',NULL,NULL,NULL,NULL),(5,'ConstraintManagement','ConstraintManagement','server',NULL,NULL,'2015-11-27 08:17:39',NULL,NULL,'4.0',NULL,NULL,NULL,NULL),(6,'ParameterManagement','ParameterManagement','server',NULL,NULL,'2015-11-27 08:17:39',NULL,NULL,'4.0',NULL,NULL,NULL,NULL),(7,'DocumentAdministration','DocumentAdministration','server',NULL,NULL,'2015-11-27 08:17:39',NULL,NULL,'4.0',NULL,NULL,NULL,NULL),(8,'DocumentDevManagement','DocumentDevManagement','server',NULL,NULL,'2015-11-27 08:17:39',NULL,NULL,'4.0',NULL,NULL,NULL,NULL),(9,'DocumentTestManagement','DocumentTestManagement','server',NULL,NULL,'2015-11-27 08:17:39',NULL,NULL,'4.0',NULL,NULL,NULL,NULL),(10,'DocumentAdminManagement','DocumentAdminManagement','server',NULL,NULL,'2015-11-27 08:17:39',NULL,NULL,'4.0',NULL,NULL,NULL,NULL),(11,'ImportExportManagement','ImportExportManagement','server',NULL,NULL,'2015-11-27 08:17:39',NULL,NULL,'4.0',NULL,NULL,NULL,NULL),(12,'SchedulerManagement','SchedulerManagement','server',NULL,NULL,'2015-11-27 08:17:40',NULL,NULL,'4.0',NULL,NULL,NULL,NULL),(13,'EventsManagement','EventsManagement','server',NULL,NULL,'2015-11-27 08:17:40',NULL,NULL,'4.0',NULL,NULL,NULL,NULL),(14,'WorkspaceManagement','WorkspaceManagement','server',NULL,NULL,'2015-11-27 08:17:40',NULL,NULL,'4.0',NULL,NULL,NULL,NULL),(15,'WorklistManagement','WorklistManagement','server',NULL,NULL,'2015-11-27 08:17:40',NULL,NULL,'4.0',NULL,NULL,NULL,NULL),(16,'MapCatalogueManagement','MapCatalogueManagement','server',NULL,NULL,'2015-11-27 08:17:40',NULL,NULL,'4.0',NULL,NULL,NULL,NULL),(17,'MapFeaturesManagement','MapFeaturesManagement','server',NULL,NULL,'2015-11-27 08:17:40',NULL,NULL,'4.0',NULL,NULL,NULL,NULL),(18,'DocumentManagement','DocumentManagement','server',NULL,NULL,'2015-11-27 08:17:40',NULL,NULL,'4.0',NULL,NULL,NULL,NULL),(19,'SyncronizeRolesManagement','SyncronizeRolesManagement','server',NULL,NULL,'2015-11-27 08:17:40',NULL,NULL,'4.0',NULL,NULL,NULL,NULL),(20,'ProfileAttributeManagement','ProfileAttributeManagement','server',NULL,NULL,'2015-11-27 08:17:40',NULL,NULL,'4.0',NULL,NULL,NULL,NULL),(21,'DataSourceManagement','DataSourceManagement','server',NULL,NULL,'2015-11-27 08:17:40',NULL,NULL,'4.0',NULL,NULL,NULL,NULL),(22,'DocumentUserManagement','DocumentUserManagement','server',NULL,NULL,'2015-11-27 08:17:40',NULL,NULL,'4.0',NULL,NULL,NULL,NULL),(23,'DocumentDeleteManagement','DocumentDeleteManagement','server',NULL,NULL,'2015-11-27 08:17:40',NULL,NULL,'4.0',NULL,NULL,NULL,NULL),(24,'DocumentStateManagement','DocumentStateManagement','server',NULL,NULL,'2015-11-27 08:17:40',NULL,NULL,'4.0',NULL,NULL,NULL,NULL),(25,'DocumentDetailManagement','DocumentDetailManagement','server',NULL,NULL,'2015-11-27 08:17:40',NULL,NULL,'4.0',NULL,NULL,NULL,NULL),(26,'ViewMyFolderAdmin','ViewMyFolderAdmin','server',NULL,NULL,'2015-11-27 08:17:40',NULL,NULL,'4.0',NULL,NULL,NULL,NULL),(27,'DistributionListUser','DistributionListUser','server',NULL,NULL,'2015-11-27 08:17:40',NULL,NULL,'4.0',NULL,NULL,NULL,NULL),(28,'DistributionListManagement','DistributionListManagement','server',NULL,NULL,'2015-11-27 08:17:40',NULL,NULL,'4.0',NULL,NULL,NULL,NULL),(29,'DocumentMetadataManagement','DocumentMetadataManagement','server',NULL,NULL,'2015-11-27 08:17:40',NULL,NULL,'4.0',NULL,NULL,NULL,NULL),(30,'LovsView','LovsView','server',NULL,NULL,'2015-11-27 08:17:40',NULL,NULL,'4.0',NULL,NULL,NULL,NULL),(31,'ConstraintView','ConstraintView','server',NULL,NULL,'2015-11-27 08:17:40',NULL,NULL,'4.0',NULL,NULL,NULL,NULL),(32,'ParameterView','ParameterView','server',NULL,NULL,'2015-11-27 08:17:40',NULL,NULL,'4.0',NULL,NULL,NULL,NULL),(33,'DatasetManagement','DatasetManagement','server',NULL,NULL,'2015-11-27 08:17:40',NULL,NULL,'4.0',NULL,NULL,NULL,NULL),(34,'DocumentMoveDownState','DocumentMoveDownState','server',NULL,NULL,'2015-11-27 08:17:40',NULL,NULL,'4.0',NULL,NULL,NULL,NULL),(35,'DocumentMoveUpState','DocumentMoveUpState','server',NULL,NULL,'2015-11-27 08:17:40',NULL,NULL,'4.0',NULL,NULL,NULL,NULL),(36,'ModifyRefresh','ModifyRefresh','server',NULL,NULL,'2015-11-27 08:17:40',NULL,NULL,'4.0',NULL,NULL,NULL,NULL),(37,'MenuManagement','MenuManagement','server',NULL,NULL,'2015-11-27 08:17:40',NULL,NULL,'4.0',NULL,NULL,NULL,NULL),(38,'HotLinkManagement','HotLinkManagement','server',NULL,NULL,'2015-11-27 08:17:40',NULL,NULL,'4.0',NULL,NULL,NULL,NULL),(39,'KpiManagement','KpiManagement','server',NULL,NULL,'2015-11-27 08:17:40',NULL,NULL,'4.0',NULL,NULL,NULL,NULL),(40,'ObjMetadataManagement','ObjMetadataManagement','server',NULL,NULL,'2015-11-27 08:17:40',NULL,NULL,'4.0',NULL,NULL,NULL,NULL),(41,'ProfileManagement','ProfileManagement','server',NULL,NULL,'2015-11-27 08:17:40',NULL,NULL,'4.0',NULL,NULL,NULL,NULL),(42,'UserDefinedPropertyManagement','UserDefinedPropertyManagement','server',NULL,NULL,'2015-11-27 08:17:40',NULL,NULL,'4.0',NULL,NULL,NULL,NULL),(43,'DomainManagement','DomainManagement','server',NULL,NULL,'2015-11-27 08:17:40',NULL,NULL,'4.0',NULL,NULL,NULL,NULL),(44,'ConfigManagement','ConfigManagement','server',NULL,NULL,'2015-11-27 08:17:40',NULL,NULL,'4.0',NULL,NULL,NULL,NULL),(45,'UserSaveDocumentFunctionality','UserSaveDocumentFunctionality','server',NULL,NULL,'2015-11-27 08:17:40',NULL,NULL,'4.0',NULL,NULL,NULL,NULL),(46,'MetaModelsCatalogueManagement','MetaModelsCatalogueManagement','server',NULL,NULL,'2015-11-27 08:17:40',NULL,NULL,'4.0',NULL,NULL,NULL,NULL),(47,'ArtifactCatalogueManagement','ArtifactCatalogueManagement','server',NULL,NULL,'2015-11-27 08:17:40',NULL,NULL,'4.0',NULL,NULL,NULL,NULL),(48,'CreateWorksheetFromDatasetUserFunctionality','CreateWorksheetFromDatasetUserFunctionality','server',NULL,NULL,'2015-11-27 08:17:40',NULL,NULL,'4.0',NULL,NULL,NULL,NULL),(49,'SelfServiceDatasetManagement','SelfServiceDatasetManagement','server',NULL,NULL,'2015-11-27 08:17:40',NULL,NULL,'4.0',NULL,NULL,NULL,NULL),(50,'SelfServiceMetaModelManagement','SelfServiceMetaModelManagement','server',NULL,NULL,'2015-11-27 08:17:40',NULL,NULL,'4.0',NULL,NULL,NULL,NULL),(51,'MeasuresCatalogueManagement','MeasuresCatalogueManagement','server',NULL,NULL,'2015-11-27 08:17:40',NULL,NULL,'4.0',NULL,NULL,NULL,NULL),(52,'GeoLayersManagement','GeoLayersManagement','server',NULL,NULL,'2015-11-27 08:17:40',NULL,NULL,'4.0',NULL,NULL,NULL,NULL),(53,'CreateCockpitFunctionality','CreateCockpitFunctionality','server',NULL,NULL,'2015-11-27 08:17:40',NULL,NULL,'4.0',NULL,NULL,NULL,NULL),(54,'HierarchiesManagement','HierarchiesManagement','server',NULL,NULL,'2015-11-27 08:17:40',NULL,NULL,'4.0',NULL,NULL,NULL,NULL),(55,'CreateSocialAnalysis','CreateSocialAnalysis','server',NULL,NULL,'2015-11-27 08:17:40',NULL,NULL,'4.0',NULL,NULL,NULL,NULL);
/*!40000 ALTER TABLE `SBI_USER_FUNC` ENABLE KEYS */;
UNLOCK TABLES;

--
-- Table structure for table `SBI_VIEWPOINTS`
--

DROP TABLE IF EXISTS `SBI_VIEWPOINTS`;
/*!40101 SET @saved_cs_client     = @@character_set_client */;
/*!40101 SET character_set_client = utf8 */;
CREATE TABLE `SBI_VIEWPOINTS` (
  `VP_ID` int(11) NOT NULL,
  `BIOBJ_ID` int(11) NOT NULL,
  `VP_NAME` varchar(40) NOT NULL,
  `VP_OWNER` varchar(40) DEFAULT NULL,
  `VP_DESC` varchar(160) DEFAULT NULL,
  `VP_SCOPE` varchar(20) NOT NULL,
  `VP_VALUE_PARAMS` text,
  `VP_CREATION_DATE` timestamp NOT NULL,
  `USER_IN` varchar(100) NOT NULL,
  `USER_UP` varchar(100) DEFAULT NULL,
  `USER_DE` varchar(100) DEFAULT NULL,
  `TIME_IN` timestamp NOT NULL,
  `TIME_UP` timestamp NULL DEFAULT NULL,
  `TIME_DE` timestamp NULL DEFAULT NULL,
  `SBI_VERSION_IN` varchar(10) DEFAULT NULL,
  `SBI_VERSION_UP` varchar(10) DEFAULT NULL,
  `SBI_VERSION_DE` varchar(10) DEFAULT NULL,
  `META_VERSION` varchar(100) DEFAULT NULL,
  `ORGANIZATION` varchar(20) DEFAULT NULL,
  PRIMARY KEY (`VP_ID`),
  KEY `FK_SBI_VIEWPOINTS_1` (`BIOBJ_ID`),
  CONSTRAINT `FK_SBI_VIEWPOINTS_1` FOREIGN KEY (`BIOBJ_ID`) REFERENCES `SBI_OBJECTS` (`BIOBJ_ID`)
) ENGINE=InnoDB DEFAULT CHARSET=latin1;
/*!40101 SET character_set_client = @saved_cs_client */;

--
-- Dumping data for table `SBI_VIEWPOINTS`
--

LOCK TABLES `SBI_VIEWPOINTS` WRITE;
/*!40000 ALTER TABLE `SBI_VIEWPOINTS` DISABLE KEYS */;
/*!40000 ALTER TABLE `SBI_VIEWPOINTS` ENABLE KEYS */;
UNLOCK TABLES;

--
-- Table structure for table `hibernate_sequences`
--

DROP TABLE IF EXISTS `hibernate_sequences`;
/*!40101 SET @saved_cs_client     = @@character_set_client */;
/*!40101 SET character_set_client = utf8 */;
CREATE TABLE `hibernate_sequences` (
  `SEQUENCE_NAME` varchar(200) NOT NULL,
  `NEXT_VAL` int(11) NOT NULL,
  PRIMARY KEY (`SEQUENCE_NAME`)
) ENGINE=InnoDB DEFAULT CHARSET=latin1;
/*!40101 SET character_set_client = @saved_cs_client */;

--
-- Dumping data for table `hibernate_sequences`
--

LOCK TABLES `hibernate_sequences` WRITE;
/*!40000 ALTER TABLE `hibernate_sequences` DISABLE KEYS */;
INSERT INTO `hibernate_sequences` VALUES ('SBI_ATTRIBUTE',6),('SBI_AUTHORIZATIONS',25),('SBI_BINARY_CONTENTS',3),('SBI_CHECKS',7),('SBI_CONFIG',140),('SBI_DATA_SOURCE',2),('SBI_DOMAINS',190),('SBI_ENGINES',27),('SBI_EXT_ROLES',11),('SBI_FUNCTIONS',3),('SBI_KPI_PERIODICITY',9),('SBI_LOV',5),('SBI_OBJECTS',3),('SBI_OBJECT_TEMPLATES',3),('SBI_ORGANIZATIONS',2),('SBI_USER',7),('SBI_USER_FUNC',56);
/*!40000 ALTER TABLE `hibernate_sequences` ENABLE KEYS */;
UNLOCK TABLES;
/*!40103 SET TIME_ZONE=@OLD_TIME_ZONE */;

/*!40101 SET SQL_MODE=@OLD_SQL_MODE */;
/*!40014 SET FOREIGN_KEY_CHECKS=@OLD_FOREIGN_KEY_CHECKS */;
/*!40014 SET UNIQUE_CHECKS=@OLD_UNIQUE_CHECKS */;
/*!40101 SET CHARACTER_SET_CLIENT=@OLD_CHARACTER_SET_CLIENT */;
/*!40101 SET CHARACTER_SET_RESULTS=@OLD_CHARACTER_SET_RESULTS */;
/*!40101 SET COLLATION_CONNECTION=@OLD_COLLATION_CONNECTION */;
/*!40111 SET SQL_NOTES=@OLD_SQL_NOTES */;

-- Dump completed on 2015-11-27  8:54:34
